Title,Ingredients,Steps,Loves,URL
Martabak tahu pedas kulit lumpia,kulit lumpia 4 buah tahu putih 2 batang daun bawang daun seledri telur terigu air  minyak bawang putih  lada merica bubuk garam gula kaldu bubuk cabai merah kriting wortel,Haluskan tahu putih campur semua bahan kecuali kulit lumpia  ( icip rasa )  Ambil 1 lbr kulit lumpia beri 1 sdm adonan tahu ditengahnya lalu lipat  ( seperti amplop )  dgn rapi lalu beri lem disetiap sisisnya spy tdk terbuka pd saat digoreng lakukan hingga habis Panaskan minyak diatas wajan dgn api sedang cenderung kecil goreng martabak sampai kecoklatan angkat dan tiriskan  ( abaikan wajannya yg sdh mulai jelek ya ğŸ˜ )  Martabak tahu pedas kulit lumpia siap dihidangkan Selamat mencoba... ğŸ˜˜ğŸ˜˜,481,/ id / resep / 4472701-martabak-tahu-pedas-kulit-lumpia
Batagor  ( Bakso Tahu Goreng ),tahu kotak tahu kuning tepung terigu mentega bawang putih Garam Merica Air putih saus cabai bawang putih cabai rawit Kecap manis Air,Haluskan tahu kuning bawang putih garam merica  ( hingga lumat )  Tambahkan mentega tepung terigu kedalam adonan tahu dan beri air hingga lembek tapi jangan sampai encer ya. Koreksi rasa Siapkan wajan dengan minyak goreng adonan yang telah dibuat.  ( Saya pake 2 sendok buat bikin kecil2 ) . Angkat dan tata di mangkuk. Haluskan bawang putih cabai rawit Tumis bawang putih dan cabai yang sudah di haluskan hingga harus. Masukkan saus kecap garam. Koreksi rasa Batagor dan sausnya siap untuk dinikmati ğŸ¤¤,261,/ id / resep / 4473611-batagor-bakso-tahu-goreng-ala-rumahan-anti-gagal
Sayur Sutace  ( sop tahu ceker ),1 / 2 kg ceker ayam wortel Kol kubis daun bawang Seledri tahu kuning Garam Gula putih Penyedap rasa Lada bubuk Jeruk nipis Bawang Putih Bawang merah,Bersihkan ceker lau rebut selama 3-4 menit pakai jeruk nipis biar gk terlalu bau Tiriskan ceker Potong2 tahu lalu goreng set mateng tiriskan Potong2 sayurr cuci hingga bersihh. Haluskan bawang merah dan bawang putih. Panaskan sedikit minyak masukan bawang yg sudah di haluskan oseng2 hingga tercium wangi Masukan sayurr tampahkan air garam gula putih dan penyedap rasa secukupnya. Tunggu hingga sayur hampir matang masukan ceker dan tahu. Tutup wajan hingga kaldu meresap kedalam ceker dan tahu. Setelah matang tuang ke mangkok siap di santappp ğŸ˜ŠğŸ˜Š,136,/ id / resep / 4473647-sayur-sutace-sop-tahu-ceker
TTKK  ( tahu telur timun tauge kuah kacang ),butir telur 1 tahu timun Tauge Kuah kacang Kacang tanah Bawang merah Bawang putih cabai kering cabai rawit Gula merah,Goreng tahu dan telur rebus tauge. Potong2 timun sesuai selera Tata telur pada piring potong tahu taruh diatas telur tadi lalu tauge dan timun lalu airam kuah kacang TTKK siap disantap,130,/ id / resep / 4473231-ttkk-tahu-telur-timun-tauge-kuah-kacang
Perkedel Tahu Wortel Sederhana,tahu putih wortel penyedap rasa Lada bubuk telur ayam terigu Minyak,Hancurkan tahu dalam baskom Campurkan wortel yang telah di potong-potong lada bubuk masako telur dan terigu Uleni hingga semua tercampur Ambil menggunakan sendok makan masukkan ke dalam minyak panas goreng hingga berwarna kecoklatan.,130,/ id / resep / 4473213-perkedel-tahu-wortel-sederhana
Kari tahu telur kentang,telur rebus tahu potong kentang santan cabai merah bawang merah bawang putih bumbu kari instant kemiri ketumbar merica bubuk pala kunyit  sereh lengkuas jahe daun jeruk daun salam asam jawa Garam kaldu bubuk Gula pasir,Tumis bumbu halus dan rempah cemplung hingga harum dan matang Masukan kentang. Aduk rata Beri air. Setelah agak mendidih masukan telur tahu dan rawit utuh Bumbui garam dan gula pasir Setelah didih masukan santan aduk sesekali Angkat sajikan dengan pelengkap,127,/ id / resep / 4471788-kari-tahu-telur-kentang
Nugget Tahu,5 buah tahu telur bawang putih lada garam penyedap rasa wortel daun bawang tepung roti panir bread crumb,Cuci tahu dan tiriskan. Agar saat digoreng tidak rapuh atau nyemek. Haluskan tahu lalu beri semua bumbu kecuali bahan pelapis. Aduk rata. ( bisa koreksi rasa ketika telur belum ditambahkan garam bisa disesuaikan karna setiap tahu ada yg asin dan tawar )  Oles cetakan dengan minyak sayur. Masukkan adonan tahu lalu kukus selama 35 menit atau sampai matang. Tutup kukusan dilapisi serbet agar air tidak menetes. Setelah matang tunggu hingga dingin. Setelah dingin potong2. Siapkan bahan pelapis. Celupkan ke telur lalu ke tepung roti lakukan sampai habis. Nugget bisa langsung digoreng atau disimpan di frezzer. Sebaiknya menyimpan nugget tidak ditumpuk apabila ditumpuk alasi dengan kertas minyak / kertas roti agar tidak lengket. Goreng di api sedang. Lakukan satu balikan bila satu sisi sudah kering. Agar tidak menyerap banyak minyak. Sajikan hangat dengan saus sambalğŸ˜„. Lebih enak lagi bila ditambah keju dan kornetğŸ˜. Next time dicoba pakai keduanyağŸ˜Š.,118,/ id / resep / 4448501-nugget-tahu-ekonomis-anti-gagal
Tahu Petis Khas Semarang,1 sdm petis 2 bh cabai rawit 2 bawang putih 4 bawang merah garam maizena air,Siapkan bahan2 Goreng tahu smp matang..sementara itu kita rajang halus bumbu / diuleg jg boleh.. Siapkan minyak dwajan Â±3 sdmmasukkan bumbu & petisaduk rata. Biarkan smp harum. Lalu masukkan larutan maizenaaduk lg.. Icip smp dpt rasa yg pas.. Sajikan dgn tahu goreng... Sedapp Drpd beli dluarmending bkin sndiri yukrempong sdkit gpp demi kluarga trsayang..,115,/ id / resep / 4472947-tahu-petis-musim-ujan
Sayur tahu jengkol,10 buah tahu kuning 1 / 4 jengkol 2 bungkus Santan kara Garam Kaldu bubuk Gula putih Daun salam Bumbu halus : 6 siung bawang merah 5 siung bawang putih 8 buah cabai merah besar 5 butir kemiri,Bersihkan jengkol dan rebus sampai empuk. Jika sudah dingin geprek jengkol agar bumbu meresap. Potong tahu bentuk segitiga dan goreng sampai matang. Klo saya cenderung agak kering kecoklatan. Tumis bumbu halus sampai wangi dan matang. Masukan daun salam tahu dan jengkol lalu beri air. Biarkan sampai mendidih!!! Berikan santan kara dan garam kaldu bubuk serta gula putih. Biarkan kuah agak menyusut agar bumbu meresap. Jangan lupa aduk aduk kuah agar santan tidak pecah. Terakhir tes rasa!!! Selamat mencoba.,112,/ id / resep / 4472978-sayur-tahu-jengkol
Tahu Bulat Khas Tasikmalaya,20 bh Tahu putih Minyak untuk menggoreng Bumbu halus : 5 bh Bawang putih 1 / 2 sdt Merica 2 1 / 2 sdt Garam sesuai selera Kaldu bubuk,Haluskan tahu dengan garpu. SaringÂ tahuÂ dengan kain berpori halus peras pelan pelan hingga kadar airnya berkurang banyak. Cara menyaringÂ tahuÂ begini sebaiknya sedikit sedikit dan memerasnya jangan terlalu kuat. Setelah airnya di perascampurÂ tahuÂ dengan bumbu halus aduk rata. bentuk bulat. Panaskan minyak dengan api sedang. MasukanÂ tahuÂ bulat goreng hingga kuning kecokelatan.Sajikan hangat.,107,/ id / resep / 4469146-tahu-bulat
Tahu kuning lada garam,tahu kuning cabai merah cabai rawit bawang putih bawang merah garam lada kaldu jamur,Panaskan minyak di teflon goreng tahu hingga berubah warna. Stlh matang tiriskan Lalu tuang minyak sedikit di teflon tumis bawang putih dan bawang merah hingga harum. Stlh itu masukkan cabai. Masukkan tahu goreng aduk rata. Lalu tambahkan garam merica dan kaldu jamur. Tes rasa. Sajikan,103,/ id / resep / 4473025-tahu-kuning-lada-garam
Pepes Tahu,tahu tahu putih tahu cina  bawang daun telur Daun salam gula pasir garam penyedap rasa cabai rawit  terasi bawang merah bawang putih serai minyak,Hancurkan Tahu dengan garpu lalu masukkan telor dan daun bawang. Sisihkan Tumis bumbu halus lalu cicipi sampai rasa sesuai dengan lidah dan selera.. diamkan hingga dingin Campur bumbu matang lalu masukkan ke dalam tahu yg sudah dihaluskan masukkan gula aduk rata. Jika rasa sudah sesuai lalu siapkan daun yg sudah dipotong potong rapi siap dipakai untuk membuat pepes tahu Masukkan 1-2 sdm adonan tahu ke dalam daun masukkan daun salam 1 lembar lalu sematkan dengan rapi dengan tusuk gigi.. selasaikan adonan hingga habis Setelah air mendidih kukus pepes selama 30 mnt lalu setelah matang sajikan hangat dengan nasi serta makanan sampingan lainnya. Note: biasanya saya suka membuat bumbu dasar seperti resep diatas jadi jika saya ingin membuat olahan berbagai macam pepes saya tinggal menggunakan bumbu halus yg sudah ada Jika ingin membuat pepes ayam tinggal tambahkan jahe yg sudah dihaluskan dan irisan daun jeruk serta irisan tomat jika suka.. tambahkan 2 sdt kecap ikan diadonan.,93,/ id / resep / 4473070-pepes-tahu-kekinian
Tahu isi,tahu dibelah dua bengkuang wortel bombay bawang putih udang cincang tepung bumbu Garam Gula merica Sambal bawang putih cabai rawit merah saos cabai jeruk nipis lemon gula,Tunis Bombay Dan bawang Putih sampai harum Masukkan Udang kemudian wortel Dan bengkuang yang Sudah di iris halus. Masukkan bumbu penyedap garam Gula America secukupnya. Tambah kan air sedikit Dan masak sampai matang. Sisihkan. Belah 2 tahu Dan goreng 1 / 2 matang. Angkat. Sisihkan. Setelah tahu tidak terlalu panas. Belah tengah tahu untuk isian. Dan Isi tahu dengan tumisan wortel dan bengkuang tadi. Buat adonan basah tepung sajiku dengan sedikit air.  ( Jangan terlalu kental ) . Balur tahu Dalam adonan tepung kemudian goreng dengan minyak panas. Siap dihidangkan dengan sambal cocolan.,87,/ id / resep / 1341253-tahu-isi-enak
Tahu Bakso khas Semarang,10 tahu kulit kotak coklat 250 gram daging sapi giling tepung tapioka bawang merah bawang putih daun bawang garam merica bubuk telur,Potong tahu  ( saya potong kotak bukan segitiga )  buat bolongan di tengahnya.. Masukan 100gr daging giling dan bawang putih serta seasalt ke dalam chopper /  blender. haluskan. lalu campur dengan 100gr daging sisanya dengan bumbu penyedap dan telur aduk rata. tambahkan tepung nya. Isikan setiap potong tahu dengan 1 sdm adonan baso lalu goreng satu persatu hingga kuning keemasan. lakukan sampai tahu baso habis. Ada beberapa yang pakai cara di kukus dulu sampai daging matang klo saya langsung ta goreng ya.. rasanya lebih juicy menurut saya jika langsung di goreng.. Untuk 12 bh tahu baso,5,/ id / resep / 4273002-tahu-baso-khas-semarang
Tahu Campur Lamongan,1 / 4 kg Daging sapi Secukupnya Air Secukupnya Minyak goreng Bumbu Halus : 3 siung Bawang putih 8 siung Bawang merah 2 buah Cabai merah besar 10 buah Cabai rawit merah 2 ruas jari Kunyit 1 ruas jari Jahe 5 butir Kemiri 3 butir Kapulaga 1 sdt Ketumbar 1 sdt Jinten 1 / 2 sdt Merica Secuil Pala Bumbu Lain2 : 2 lembar Daun salam 2 lembar Daun jeruk 1 batang Serai geprek 1 ruas Lengkuas geprek 2 ruas jari Kayu manis Secukupnya Garam & Gula merah Bahan pelengkap : 4 kotak Tahu goreng potong2 Secukupnya Daun selada Secukupnya Taoge rebus Secukupnya Mie kuning basah Secukupnya Kerupuk bawang,Panaskan air hingga mendidih masukkan daging rebus 5 menit  ( hingga mengeluarkan buih )  angkat daging buang air rebusan tadi. Iris daging sesuai selera. Panaskan minyak tumis bumbu halus hingga harum masukkan bumbu lain-lain aduk hingga daun layu. Masukkan irisan daging tumis sebentar bersama bumbu lalu tuangi air  ( aq pake 750 ml air ) . Tutup panci rebus hingga daging empuk. Koreksi rasa kuahnya. Tata bahan pelengkap dipiring tuangi kuah & daging sapi sajikan selagi hangat dengan kerupuk.,3,/ id / resep / 4194032-tahu-campur-lamongan
Tahu Tek Surabaya,Tahu putih petis udang lontong 2 butir telur ayam kacang tanah taoge kentang seledri kecap manis cabai bawang putih air\,Setelah tahu dipotong potonggulingkan ke tepung bumbu kering kemudian goreng hingga kecoklatan Tumis semua bahan iris dengan sedikit minyak dan api kecil..sampai sedikit kering..tambahkan garam Masukan tahu yg sudah digoreng..aduk rata,78,/ id / resep / 4472476-tahu-cabai-garam
Cah sawi hijau tahu putih,sawi hijau tahu putih kotak goreng bawang merah bawang putih cabai Minyak goreng gula pasir Saos tiram kecap asin,Tumis bamer baput dan cabai. Tambahkan sawitahu aduk rata. Masukan saos tiram kecap asin dan royco gula pasir tambahkan air sedikit tutup sbentar Aduk rata. Angkat sajikan,77,/ id / resep / 4472346-cah-sawi-hijau-tahu-putih
Telur Tahu Kukus Goreng,tahu putih telur daun bawang wortel bawang putih lada garam penyedap rasa,Haluskan bawang putih dan lada. Hancurkan tahu dengan garpu. Potong2 daun bawang. wortel diparut dengan parutan keju. Kocok telur dengan garpu tambahkan bumbu halus garam dan penyedap rasa. Masukkan tahu daun bawang dan wortel. Siapkan wadah tahan kukus kedian olesi dengan minyak goreng agar tidak lengket nanti. Masukkan telur ke wadah kukus selama kurang lebih 15menit. Dinginkan telur keluarkan dan potong2 sesuai selera. Kocok 1 butir telur. Celupkan potongan telur ke kocokan telur lalu goreng hingga kecoklatan. Angkat.,75,/ id / resep / 4472110-telur-tahu-kukus-goreng
Tahu Crispy,tahu potong dadu bumbu halus 2 siung bawang putih kunyit ketumbar bahan tepung 6 sdm tepung terigu maizena garam lada kaldu jamur air telur ayam,Tumbuk bumbu halus beri air Potong tahu rendam dalam bumbu min 10mnt Campur bahan tepung Gulingkan tahu ke tepung lalu ke telur Goreng hingga kuning keemasan,70,/ id / resep / 4472450-tahu-crispy
Tahu balado,Tahu kuning 10 Minyak  penyedap rasa gula Garam cabai keriting cabai rawit bawang merah bawang putih tomat,Goreng tahu Halus kan semua bumbu...kemudian tumis sampai matang...masukan garam sasa gula dan salam Kemudian masukan tahu..aduk sampai rata dan bumbu meresap Setelah itu matikan kompor...jadi deh tahu balado nya,66,/ id / resep / 4471964-tahu-balado-aku
Sop Tahu Sederhana,tahu putih potong dadu kol kubis wortel sosis ayam makaroni seledri daun bawang merica bawang putih bawang merah Gula Garam Kaldu ayam bubuk kapulaga cengkeh Kayumanis bunga lawang butir telur rebus Cabai rawit jeruk Bawang goreng,Tumis bumbu halus dalam minyak panas secukupnya... Masukan wortel sosis tahu dan makaroni.. Kemudian angkat. Panaskan panci berisi air secukupnya. Kemudian masukan tumisan bumbu dan sayur tadi.. Masak hingga mendidih. Jika sudah mendidih tambahkan kol beserta rawit. Lalu matikan api masukan seledri dan daun bawang. Tambahkan gula garam beserta kaldu ayam. Lalu...sajikan..dg nasi hangat jgn lupa pelengkapnyaaa yaaaa...,65,/ id / resep / 4471684-sop-tahu-sederhana
Tumis Kacang Panjang Udang Tahu,kacang panjang tahu kotak udang cabai merah besar cabai merah kecil bawang merah bawang putih kemiri tomat saori saus teriyaki Garam Gula Penyedap rasa,Cuci bersih udang buang kepala. Potong tahu kotak2 kecil lalu goreng setengah matang. Rebus kacang setengah matang. Panaskan minyak tumis bumbu yang sudah dihaluskan hingga harum tambahkan sedikit air. Kemudian beri garamgulapenyedap.saus teriyaki.Test rasa. Masukkan kacang aduk rata. Kemudian masukkan tahuterakhir masukkan udang. Aduk2 sampai rata. Biarkan sampai air menyusut dan bumbu meresap. Tumis kacangudangtahu siap dihidangkan.,62,/ id / resep / 4471581-tumis-kacang-panjangudangtahu
Tahu Crispy cabai Garam,Tahu potong dadu Tepung Bumbu Serbaguna Bawang Putih Cabai Rawit batang Bawang Garam Merica Kaldu ayam bubuk Butter Margarin,Balur tahu dg tepung bumbu goreng sampe matang sisihkan Tumis bawang putih  ( sisakan Â±1sdm )  pakai butter sampai garing kecokelatan tiriskan. Api kecil sj hati2 gosong Tumis sisa bawang putih sampe wangi masuk cabai potong tumis sebentar Beri garam+merica+penyedap masukkan tahu goreng aduk rata Matikan api masuk bawang prei aduk sebentar,62,/ id / resep / 4471314-tahu-crispy-cabai-garam
Perkedel Tahu,tahu telur bawang merah bawang putih ketumbar bubuk daun bawang garam,Haluskan tahu sutra Iris halus bamer baput dan daun bawang Masukan telur garam ketumbar bubuk. koreksi rasa Goreng hingga matang warna kecoklatan Siap disajikan dengan nasi hangat,62,/ id / resep / 4471345-perkedel-tahu
Tahu kuah kuning simple,potong tahu daun salam Garam gula penyedap rasa bawang merah bawang putih Cabai merah kemiri Kunyit kencur Tomat,Potong2 tahu kemudian cuci. Tumis bumbu yang telah dihaluskan jika sudah harum masukan air dan daun salam. Jika sudah mendidih masukkan tahu beri garam gula dan penyedap rasa. Tunggu hingga matang dan sajikan.,61,/ id / resep / 4471389-tahu-kuah-kuning-simple
Tahu Pletok Khas Tegal,tahu bawang putih saos bawang putih garam kecap manis kecap asin cuka gula cabai rawit Bahan adonan tepung sagu tani 80 gr tepung terigu 360 ml air didihkan dgn garam merica kaldu jamur bawang putih Secukupnya daun bawang,Masukkan tepung sagu tani & tepung terigu ke wadah bersih.. Masak air hingga mendidih kemudian masukkan garam merica kaldu jamur & bawang putih yg sudah ditumbuk halus.. Tuang air kaldu dikit demi sedikit kedalam wadah tepung sambil diaduk rata.. Dan masukkan potongan daun bawang.. Ambil potongan tahu kemudian berikan adonan tepung diatas tahu.. Lalu masukkan kedalam minyak panas.. Goreng hingga warna keemasan.. Dan tahu pletok siap disajikan dgn saos kecap..,5,/ id / resep / 4273955-tahu-pletok
Tahu isi soun,15 buah tahu mateng / isi 1 bks soun 1 batang daun bawang 2 sdt royko ayam Minyak goreng Tepung bakwan 10 sdm tepung beras,Rendam soun di air hangat iris tipis daun bawang lalu tumis sebentar dgn minyak goreng tambah kan daun bawang pake api kecil aja supaya soun tdk lengket di wajan. Isi tahu Buat adonan dgn tepung krna praktis tepung bakwan jd tdk usah tmbh garam lg. Celupkan tahu isi ke dlm adonan dan goreng dlm minyak sampai kecoklatan.,61,/ id / resep / 4470211-tahu-isi-soun
Kikil tahu sambal,1 / 4 kikil 3 buah tahu putih /  tahu kuning 15 buah cabai merah 1 siung kecil bawang putih 4 siung bawang merah 5 buah cabai hijau 2 buah tomat secukupnya Garam secukupnya Air Minyak untuk menggoreng,Rebus kikil terlebih dahulu Blender bawang merah 3 siung bawang putih cabai merah dan tomat Iris serong cabai hijau. Iris 1 siung bawang merah. Angkat kikil potong dan sisihkan. Goreng tahu angkat dan tiriskan. Panas kan minyak masukan bawang merah yang sudah diiris masukkan bumbu cabai yang sudah diblender dan masukan cabai hijau yang sudah di iris. Masak selama 3 menit lalu masukkan kikil tambahkan air sedikit dan garam secukupnya. Masak lagi hingga air habis masukkan tahu aduk.,59,/ id / resep / 4470093-kikil-tahu-sambal
Asinan tahu melotot,10 butir tahu putih uk kecil 1 butir telur 4 sdm terigu bumbu halus 3 siung bawang putih secukupnya ketumbar merica garam penyedap selera bumbu asinan cabai rawit cabai merah kriting gula putih bawang putih air asam jawa garam,Haluskan tahumasukan telurterigubumbu halus.uleni merata.goreng Ulek semua bumbu kecuali asam.setelah halus masukan air panas rendaman asam. Siram saus di atas tahu.,59,/ id / resep / 4470000-asinan-tahu-melotot
Pepes Tahu Pedas,tahu kotak Bawang Merah Bawang Putih cabai merah cabai kecil  ( selera )  Kemiri terasi gula merah merica bubuk garam gula daun jeruk daun pisang,Haluskan bumbu halus+ garam+ gula lalu campur dengan irisan daun jeruk Tes Rasa Siapkan daun pisang potong2 tahu + beri bumbu halus secukupnya lalu bungkus dengan daun pisang Kukus selama kurang lebih 20 menit Sajikan..,58,/ id / resep / 4460355-pepes-tahu-pedas
Tahu Gimbal Khas Semarang,tahu goreng petis kubis kol udang tepung terigu tepung beras ketumbar penyedap rasa kacang goreng bawang putih cabai gula merah air asam jawa timun kerupuk udang,Panaskan wajan tumis sebentar udang dan teri hingga baunya keluar. Sisihkan. Daun singkong yg sudah direbus peras hingga tidak ada air dan potong2 agar mudah memakannya. Panaskan daun pisang diatas api kompor hingga layu sehingga gampang untuk membungkus dan tidak robek. Campur semua bahan jadi satu dan aduk rata. Jangan didiamkan trlalu lama karna bila telor sudah dimasukkan dan didiamkan terlalu lama akan berair Sebelum membungkus panaskan kukusan yg telah diberi air. Lalu Ambil daun pisang dan isi dengan adonan yg telah di aduk jadi satu. Besar kecilnya ukuran pepes tergantung selera. Lalu kukus kurleb 10-30 menit  ( tergantung ukuran tiap bungkus )  atau sampai matang Setelah dikukus bakar diatas api kompor dan pepes siap disajikan.,58,/ id / resep / 4682395-tahu-gimbal-khas-semarang-resep-otentik
Tahu Aci Khas Tegal,Tahu kuning Tepung sagu  ( aci )  tepung terigu daun bawang  ( iris )  bawang putih ketumbar bubuk Garam Air,"Rebus air + bawang putih ulek Campur semua tepung + daun bawang iris dalam baskom Tuang air mendidih kdalam campuran tepung sedikit demi sedikit sampai adonan bisa dpulung lalu tambahkan ketahu yg sudah dptong"" Goreng hingga kuning keemasan Sajikan hangat + sambal kecap ğŸ˜‚ ",57,/ id / resep / 4469385-tahu-aci-ala
Tahu Sumpel  /  Tahu Isi Sayuran,20 pcs tahu coklat goreng 3 bungkus toge 2 buah wortel Secukupnya daun bawang ( potong2 )  Bumbu tumis untuk isi tahu : 5 buah cabai rawit merah 3 siung bawang putih 2 siung bawang merah Lada bubuk Garam Penyedap rasa 1 / 5 kg terigu Minyak untuk menggoreng Bumbu halus untuk adonan luar : 3 siung bawang putih 1 sdm ketumbar Kunyit ( jangan terlalu banyak untuk warna kuning saja di adonanya ),Kupas wortel lalu potong korek api.campurkan dengan toge lalu cuci bersih. Cuci tahu peras n keluarkan isinya. Potong cabaibawang merah&bawang putih. Panaskan minyak jangan terlalu banyak hanya untuk menumis tunggu panas masukan bumbutumis sampai harum lalu masukan togewortelisi dalam tahugarampenyedap&lada bubukaduk ratatest rasa sisihkan. Campur bumbu halusterigudaun bawang&air secukupnya.adonan jangan terlalu encer ya agar isiaan tahu tidak keluar2 pada saat di goreng. Isi tahu coklat / goreng dengan sayuran yg di tumis td masukan hingga fulllakukan sampai habis. Siapkan minyak agak banyak ya biar terendam tahunya.masukan tahu isi kedalam adonan lalu masukan ke dalan minyak panas lakukan sampai habis. Tahu sumpel / tahu isi sayuran siap di hidangkanğŸ˜‰ğŸ˜‰ğŸ˜‰,57,/ id / resep / 4469028-tahu-sumpeltahu-isi-sayuran
Sayur nDeso  ( Sayur Tahu cabai Ijo ),8 potong tahu putih rebus lalu potong2 1 papan tempe potong kecil2 2 papan pete kupas 500 ml santan dari setengah butir kelapa 1 liter air Bumbu tumis: 6 bawang putih iris tipis 6 bawang merah iris tipis 1 bawang bombay iris2 10 cabai rawit iris serong 100 gr cabai ijo iris serong 4 lembar daun salam Bumbu: 1 sdm garam 1 sdm gula 1 / 2 sachet royco,Panaskan minyak tumis bumbu tumisan sampai layu & wangi. Masukkan tahu tempe & pete aduk2 sampai tercampur rata. Masukkan air masak sampai mendidih. Setelah mendidih masukkan santan dan bumbu  ( gula garam royco )  masak sampai matang sambil diaduk2 agar santan tidak pecah. Cicipi & koreksi rasa Sajikan bersama ikan asin  /  gorengan favorit. Aku pake ikan asin layur & bakwan jagung Bakwan jagungnya pake tepung bakwan jagung instan dari sajiku Ikan asin layurnya : cuci bersih ikan asin baluri dengan tepung beras goreng sampe coklat keemasan. Renyah banget deh kriuk2 banget,56,/ id / resep / 4469273-sayur-ndeso-sayur-tahu-cabai-ijo
Tempe & Tahu Bacem,Tempe 1 papan potong 6 6 tahu putih 1 / 2 liter air 2 daun salam 5 sdm kecap manis 5 sdm gula merah sisir Garam Merica Bumbu halus: 5 bawang merah 3 bawang putih 1 / 2 sdt ketumbar secukupnya Minyak goreng,Panaskan panci / wajan di atas kompor masukan bahan2 dan bumbu halus. Masak sampai bumbu meresap dan surut. Aduk perlahan. Setelah bumbu meresap angkat Panaskan minyak goreng goreng tempe & tahu bacem sampai kecoklatan Angkat dan sajikan,55,/ id / resep / 4469264-tempe-tahu-bacem
Tepo Tahu Khas Magetan,lontong tahu goreng telur dadar kol kubis touge kacang tanah bawang putih cabai daun jeruk air asam jawa kecap daun seledri bawang goreng gula merah,Siapkan wadahCuci tahu lalu hancurkan menggunakan garpumasukan cabaidaun bawanggaram&penyedap.test rasa. Siapkan kulit lumpia susun tahu yg sdh di hancurkan tadi di atasnyalipat n rekatkan dengan telurlakukan sampai adonan habis. Panaskan minyak lalu goreng hingga kecoklatan lakukan sampai habis. Martabak isi tahu pedas siap di sajikanğŸ˜˜ğŸ˜˜ğŸ˜˜,55,/ id / resep / 4468908-martabak-isi-tahu-pedas
Tahu mahkota  /  tahu bihun,4 buah tahu putih besar 1 bungkus bihun jangun isi 2 4 butir telur 2 buah wortel ukuran sedang Daun bawang dan seledri secukup nya #Bumbu halus 1 bawang bombay 3 buah bawang putih Lada secukup nya Royco  ( bila mau )  Garam + gula secukup nya #Bahan balutan Terigu cair kan dengan air kira2 bisa buat celupan Tepung panir,Kukus tahu -+ 15 menit angkat tiris kan Rendam bihun dengan air panas sampai bihun lembut tiris kan Potong2wortel daun bawang dan seledri Potong 2 bawang bombay dan bawang putih tumis sampai harum Campur semua bahan jadi satuberi lada Cetak2 kukus -+ 15 menit dingin kan Celup ke bahan pencelup panir kan goreng,54,/ id / resep / 4468766-tahu-mahkota-tahu-bihun
Oseng Tahu Taoco,6 bj tahu yang kcl 1 / 2 sdk mkn taoco 4 cabai merah4 cabai ijobs ditambh rawit jk suka pedas 4 siung bawang merah 2 siung bawang putih Kecap manis,Cuci tahu lalu potong kotak2 jgn terlalu besar ya bundalalu goreng setengah matang. Potong bawang merahbawang putih. Potong serong cabainya. Tumis bawang merahputih smp layu n wangimasuk cabainya dikit duluaduk bentarlalu masuk taoco. Aduk lg lalu masuk tahuaduk bentarkecap manistmbh dikit airlalu test rasaklu kurang asin br tmbh garam.saya tanpa msg ya bunda. Klu rasa udah pasdan air jgn terlalu bnykjd nya nyemek gitu.klu udah pas rasanya matikan apidah siap untuk disajikan..untuk lauk pas dengan nasi anget.yuk coba ya bunda..,54,/ id / resep / 4468742-oseng-tahu-taoco
Tahu Guling Khas Yogyakarta,Tahu putih Tauge Daun kol kubis lembar Seledri gula merah cuka garam kecap manis bawang putih cabai rawit bawang goreng kerupuk,Potong-potong tahu dgn ukuran sesuai selera Geprek bawang putih lalu campurkan dengan tepung dan air mineral secukupnya Tambahkan kaldu rasa sapi dan garam lalu aduk-aduk sampai merata Balur potongan tahu ke dalam adonan tepung diamkan beberapa saat agar bumbunya sedikit meresap Goreng tahu ke dalam minyak panas. Daaaann tahu tepung goreng siap untuk di hidangkan ğŸ˜Š,53,/ id / resep / 4468947-tahu-tepung-goreng
OteÂ² tahu Khas Jawa Timur,2 buah tahu 1 genggam taoge 1 butir telor 1 bungkus tepung bumbu sajiku 1 / 2 sdt garam,Hancurkan tahu dengan sendok lalu campur dengan telor saj*ku Dan garam beri sedikit air aduk rata Goreng sampai kuning keemasan lalu angkat Dan sajikan,53,/ id / resep / 4468177-ote-tahu-taoge
Tahu Nagih,Tahu putih 1 sendok Saos tiram 1 sendok kecap asin 1 / 2 buah bawang bombai secukupnya Gula secukupnya Garam 1 / 2 gelas Air Bumbu halus : 3 siung bawang merah 5 siung bawang putih 6 buah cabai rawit secukupnya Terasi,Iris tahu kotak kecil kecil. Taburi sedikit garam. Goreng hingga agak kecoklatan. Iris memanjang bawang bombay. Tumis bersama sampai sedikit kering. Masukkan tahu ke tumisan bumbu. Aduk rata. Masukkan saos tiram kecap asin garam dan gula. Masukkan air sedikit demi sedikit agar tidak kering. Boleh di tambahkan kaldu ayam / sapi. Koreksi rasa,52,/ id / resep / 4468507-tahu-nagih
Tahu cabai Garam,1 kotak tahu putih tepung serbaguna  ( aku pake sajiku )  2 siung bawang putih cincang 4 cabai rawit iris tipis  ( sesuai selera )  daun bawang  ( secukupnya )  garam gula,Potong dadu tahu putih lalu masukkan dalam tepung kering dan goreng sampai kuning kecoklatan tiriskan Tumis bawang putih dan cabai sampai harum. Beri gula dan garam secukupnya Tambahkan irisan daun bawang dan tahu yg telah digoreng. Aduk agar bumbu merata. Sajikan,52,/ id / resep / 4468237-tahu-cabai-garam
Tahu Aci,2 buah tahu putih 1 / 2 lingkaran Kol 7 sdm tepung tapioka  ( aci )  4 sdm tepung terigu Daun bawang Seledri 1 sachet masako secukupnya Ladaku Sedikit garam secukupnya Air,Potong dadu tahu atau sesuai selera lalu goreng hingga garing.dan rendam kol dengan air panas Campurkan tepung tapioka terigu irisan daun bawang dan seledri masakoladaku dn garam aduk rata. Didihkan air secukupnya lalu tuang kedalam campuran tepung aduk perlahan hingga agak lembek ( tidak terlalu kaku atau encer )  Lalu isi tahuyg telah dgoreng dan kol yg sudah lagu dgn adonan. Kukus selama kurleb 15 menit. Tahu aci siap dcocol dgn saos sambal ğŸ˜€,52,/ id / resep / 4467822-tahu-aci
Tahu Acar Khas Solo,tahu goreng 4 butir kemiri 6 siung bawang putih 5 siung bawang merah  1 / 4 sdt merica 1 / 4 gula jawa sisir Secukupnya garam Kecap manis 750 ml air Isi : Mie kuning basah Kol kubis  Kacang tanah goreng Seledri Bawang goreng rebus cabai rawit,Tumis bumbu halus sampai wangiberi airberi garam merica gula jawa dan kecap manisdidihkan kemudian test rasarasanya gurih manis ya Sajikan dgn isian dan beri sambal Hasil akhir rasanya gurih pedas manis,2,/ id / resep / 4197852-tahu-acar-solo
Pepes Tahu Kemangi,20 bh tahu putih 1 genggam daun kemangi cuci tiriskan secukupnya Garam 1 / 2 sdt Kaldu bubuk  ( sy pakai masako )  Daun pisang Tusuk gigi Secukupnya daun salam 2 btg serai putihnya saja iris2 Bumbu halus : 10 siung bawang merah 5 siung bawang putih 5 bh cabai merah keriting 5 bh cabai rawit merah,Hancurkan tahu aduk dengan garam kaldu bubuk bumbu halus dan daun kemangi. Koreksi rasa. Taruh campuran tahu ke daun pisang beri daun salam dan serai. Bungkus dan sematkan dgn tusuk gigi Kukus tahu sekitar 40 menit Angkat dan panggang pepes ketika akan disantap Pepes tahu siap dinikmati,51,/ id / resep / 4467794-pepes-tahu-kemangi
Tumis Tahu Tauge Teri Medan,5 buah tahu yg gede 1 / 4 tauge sesuai selera Teri medan  (  )  25 ml saos tiram 2 siung bawang putih 4 siung bawang merah Daun bawang 4 buah cabai merah 1 lembar daun salam Lada Garam Gula pasir Kaldu ayam bubuk secukupnya Minyak goreng,Cuci bersih tauge potong tahu sesuai selera. Iris bawang merahputih daun bawang cabai merah. Sisihkan. Goreng tahu+ikan teri medan setengah matang. Sisihkan Lalu tumis bumbu yg sudah di iris tdi smpe harum. Masukan daun salam aduk2 smpai rata. Masukan teri medan tahu dan tauge. Lalu masukan saus tiram garam gula pasir lada aduk rata smpe tauge layu ya. Tumis tahu tauge teri medan siap dihidangkan.  ( Kalo saya makan tumis ini Dengan kerupuk terasa lebih nikmat )  ğŸ˜‚ Selamat mencoba ğŸ˜…,9,/ id / resep / 4383033-tumis-tahu-tauge-teri-medan
Tahu Goreng Telur Simple,Tahu putih  ( potong sesuai selera jgn terlalu tipis )  1 butir telur Garam dan ladaku Olive oil  /  Canola oil,Cuci tahu dengan air mengalir lalu lumuri tahu dengan garam. Kocok lepas telur. Berikan garam dan ladaku secukupnya. kocok rata. Rendam tahu dalam telur yg sudah dibumbui. Panaskan minyak  ( jangan terlalu banyak seperti goreng telur dadar saja )  lalu goreng tahu yg telah di rendam telur dengan api kecil sedang. Jika satu sisi sudah coklat bisa balik ke sisi lainnya. setelah matang tiriskan dan siap di hidangkan.,51,/ id / resep / 4467933-tahu-goreng-telur-simple
Tahu telur bejek  ( hancur )  Versi Sunda,1  potong tahu 2 butir telur Daun kemangi  2 siung Bawang merah bawang putih Tomat cabai merah Gula putih garam penyedap rasa Minyak goreng,Iris bawang2an nya.cabai juga tomat Pisahkan daun kemangi dari tangkai.cuci.sisihkan dlu Beujeuk2  / hancurkan tahu nya..bisa pke apapun boleh lah terserah.asal jngan di banting aja..heee Tumis bawang.msukan tahu yng sudah hancur.sambil di aduk2 masukan daun kemangi biar layu dan nyatu wanginya sma tahu. Tambahkan garam.penyedap rasa dan gula secukupnya Tambah air sdikit.biarkan mendidih.lalu msukkan telur.aduk sbentar.biarkan sampai matang.dan siap Untuk di sajikan.,50,/ id / resep / 4467567-tahu-telur-beujeukkkk-hancurversi-sundaan
Semur tahu kecap daun bawang,2 kotak tahu putih 4 siung bawang merah 2 siung bawang putih 2 butir kemiri 1 ruas jahe 3 batang daun bawang 3 lembar daun jeruk 1 lembar daun salam Lengkuas 3 / 4 sdt garam 1 / 4 sdt merica bubuk 1 / 4 sdt ketumbar bubuk 1 / 4 sdt kunyit bubuk 1 sdt gula pasir 3 sdm kecap manis Sedikit royco Secukupnya air Secukupnya minyak goreng,Cuci tahu potong potong lalu goreng. Haluskan bawang kemiri jahe. Tumis bumbu halus setelah harum masukan daun bawang daun salam daun jeruk lengkuas tumis lalu masukkan air. Setelah mendidih masukan tahu garam gula merica ketumbar kecap kunyit. Masak hingga bumbu meresap. Tes rasa ya bun.. Ini lo bun.. semur tahu kecap daun bawang beraroma mie ayam.. Sudah siap.. Selamat mencoba..,50,/ id / resep / 4467209-semur-tahu-kecap-daun-bawang
Tahu Kupat Khas Solo,tahu putih ketupat lontong mie telur kubis kol daun jeruk seledri cabai rawit mentimun bakwan tepung terigu telur ayam wortel daun bawang garam kaldu bubuk air gula merah bawang putih daun jeruk gula pasir garam kecap manis,Haluskan tahu putih cina Iris korek api wortel dan iris tipis daun bawang Tumis duo bawang sampai harum lalu masukan wortel dan kasih sedikit air untuk mematangkan wortel Setelah air saat masukan tahu putih aduk rata Masukan garam gula masako tepung dan daun bawang masak hingga matang test rasa lalu sajikan Ini hasil akhirnya sisihkan dahulu sampai agak dingin baru siap kita masukan ke kulit lumpia Bungkus tahu seperti amplop saya pake 2 lembar kulit karena suka kriuk2 kulitnya kalau 1 suka peyot kalau udah dingin dan kalau saya gak pernah ngerekatin pake tepung lg jadi begitu saya bungkus lsg goreng Insha Allah gak akan mencar Lalu gorenv martabak Jd satu2 gini emg agak lama cuma garingnya jd pas dan gak akan gosong hehehe semua sama rata matangnya Siap disajikan dimakan pake kletusan rawit atau saos sama enaknyaaa,49,/ id / resep / 4466909-martabak-tahu
Tahu Tumis Sawi Saori,3 Balok Tahu 2 Ikat Sawi 1 Sachet Saos Tiram  ( Saori )  1 Sachet Royco  ( Sapi )  5 buah cabai rawit 4 Siung Bawang Merah 2 Siung Bawang Putih Secukupnya Garam Secukupnya Gula 50 Ml Aer,Potong2 bawang merah+putih  ( Serong )  cabai rawit+Tahu  ( Dadu )  Sawi potong memnjang dan cuci bersih.. Siapkn pngorengan dgn sedikit minyak sayur u /  menumis Bawang+cabai smpai harum.. Beri sedikit aer masukn Tahu smpai aernya mndidih dan tahu matang Masukn Sawi lalu taburi Royco Saori Garam+Gula aduk2 smpai trcmpur semua..  ( Sawi smpai Layu )  Test rasa dan angkat.. Siap dSajikn Let's Cooking..,48,/ id / resep / 4467044-tahu-tumis-sawi-saori-deva
Tahu Gejrot Khas Cirebon,tahu goreng tahu sumedang 5 buah cabai rawit hijau bawang merah bawang putih asam jawa gula merah garam air,Pertama2 goreng sbntar tahu coklatnya jgn sampai terlalu kering. Jika sudah angkat. Giling cabai rawit bawang merah n putih. Tidak usah terlalu halus yahkasar saja. Buat kuahnya. Siapkan air secukupnya masukkan ke panci kecil rebus d atas api sedang kemudian masukkan asam jawa dan irisan gula merah jika gula sudah larut dan mendidih angkat. Penyajian. Potong dadu tahu letakkan di mangkuk tambahkan cabai yg td sudah di giling beserta kuah asam manis nya. Aduk2 hingga rata. Tahu gejrot siap untuk dinikmatiğŸ¤—,32,/ id / resep / 4460817-tahu-gejrot
Kari tahu dan telur,Tahu 6 / 7buah  ( potong 2 mnjd segitiga )  / sesuai selera 4 buah Telur 2 buah Kara secukupnya Bumbu kari indofood 2 lembar daun salam 1 Sereh 1 / 2 jempol Laja ( laos )  2 lembar daun jeruk 1 sdt gula 2 sdt garam Bumbu halus: 1 kemiri 3 bawang putih 2 cm kunyit 7 bawang merah 2 cabai merah besar  ( sesuai selera )  8 cabai rawit  ( sesuai selera ),Rebus telur hingga matang lalu kupas sisihkan Goreng tahu hingga matang sisihkan Tumis  ( bumbu halus salam sereh laos daun jeruk )  hingga aroma wanginya tercium. Sisihkan Didihkan air di panci lalu masukan tumisan yg tadi Masukan tahu dan telur ke dalam panci Masukkan kara dan bumbu indofood aduk hingga merata Masukkan gula dan garam Koreksi Kari tahu dan telur siap disajikan ğŸ˜Š,48,/ id / resep / 4466992-kari-tahu-dan-telur
Tahu Crispy,3 potong Tahu kuning  ( potong dadu kecil kukus bentar )  Â° Adonan basah : 6 sdm Tepung bumbu Sasa Sedikit lada bubuk Sedikit Ketumbar bubuk Air secukupnya  ( adonan tdk trlalu kental / encer )  Â° Adonan kering : 1 sachet kecil Tepung bumbu Sasa 2 sdm Tepung maizena  ( boleh skip )  Sedikit lada bubuk 1 / 4 sdt Kaldu bubuk / garam,Tahu yg telah dkukus balut dgn adonan basah. Lalu balurkan ke adonan kering sampai rata. Panaskan minyak goreng hingga kuning keemasan. Sajikan. Bisa pake bumbu tabur atau cocol saus jg nikmat. Kalo kami cukup gini aja makannya hihi : ),48,/ id / resep / 4467168-tahu-crispy
Kupat tahu  ( tanpa kupat ),2 potong tahu goreng potong-potong 2 potong tempe goreng potong-potong 2 genggam taoge kukus 3 lembar kol iris tipis 1 / 2 buah tomat iris Secukupnya bawang merah goreng 1 / 2 siung bawang putih 1 / 2 lembar daun jeruk Secukupnya cabai Secukupnya gula jawa Secukupnya garam 2 sdm sambal kacang kemasan  ( saya pakai bumbu gado-gado )  1 / 2 gelas air Secukupnya kecap manis,Haluskan bawang putih cabai daun jeruk dan garam. Tambahkan gula jawa & sambal kacang lalu haluskan kembali. Kemudian tambahkan air & kecap. Aduk rata dan koreksi rasa. Tata tahu tempe kol taoge dan tomat diatas piring. Siram dengan bumbu kupat tahu dan taburi bawang merah goreng. Kupat tahu sudah siaap.. Nyamm...nyaaam... ğŸ˜„ğŸ˜„,47,/ id / resep / 4466623-kupat-tahu-tanpa-kupat
Tahu Brontak Khas Malang,tahu pong goreng bihun jagung wortel sawi hijau saus tiram merica kaldu jamur garam bawang putih bawang merah daun bawang tepung terigu tepung beras air,Potong sapo tahu sebesar 2cm Goreng sapo tahu hingga kecoklatan. Lalu sisihkan Siapkan bahan2 untuk saus telur asin nya Tumis bawang putih lalu daun bawang dengan adkit mnyak dan sedikit mentega hingga harum Masukan kuning telur asin dan mentega hingga berbusa Jika saus telah berbusa. Masukan sapo tahu yang telah di goreng. Lalu siap di hidangkan. Taraaa...,46,/ id / resep / 4466917-sapo-tahu-saus-telur-asin
Oseng Tahu Campur,4 potong Tahu kuning  ( potong dadu kecil )  Semangkuk Jamur Tiram suwir Semangkuk Tauge  ( bersihkan )  10 bj Pentol Bakso  ( sy pentol uk kecil2 )  200 gr Daging ayam  ( sy bag.dada sy iris dadu )  1 btg Daun Bawang iris 5 bj cabai merah keriting iris serong 8 bj cabai rawit iris serong sesuai selera Gula garam lada bubuk kaldu bubuk 1-2 sdm Kecap manis Bango secukupnya Air Â° Bumbu uleg : 4 siung Baput 6 siung Bamer 1 bj Kemiri,Siapkan semua bahan panaskan sckupnya minyak tumis bumbu uleg dan cabai iris sampai harum dan layu. Masukkan daging ayam. Masak hingga berubah warna beri air ssuai selera Masukkan tauge dan jamur. Bumbui gula garam lada kaldu bubuk. Masukkan tahu lalu pentol bakso. Terakhir daun bawang. Koreksi rasa. Bisa tambahkan kecap manis utk pemantap. Masak sampai tanak sajikan : ),46,/ id / resep / 4464003-oseng-tahu-campur
Tahu aci,10 bh tahu goreng segitiga 7 sdm tepung sagu 3 sdm tepung terigu 50 ml air panas Irisan daun bawang Secukupnya penyedap  ( royco )  Bumbu halus: 2 bh bawang putih 2 bh bawang merah 1 btr kemiri 1 / 2 sdt lada 1 / 2 sdt ketumbar 1 sdt garam 1 sdt ebi kering,Saya pakai tahu coklat yang sudah gorengan jadi saya cuci dulu sedikit diperas lalu tiriskan. Untuk bumbu halus sesuai selera ya boleh pakai yang instan. Belah satu sisi tahu dengan pisau lalu balik bagian dalam ke posisi luar. Sisihkan Campur jadi satu terigusagudaun bawangbumbu halus dan air. Aduk sampai tercampur rata. Adonan lembek. Kalau terlalu encer tambahkan tepungnya. Tes rasa. Isikan kedalam tahu. Goreng dengan minyak banyak hingga matang  /  sudah krispy kulit luarnya. Inilah penampakannya.. kreesss banget Kalo yang ini saya kukus tapi ga dibalik ya versi tahu aci,46,/ id / resep / 4466636-tahu-aci-walik-crispy-ekonomis
Ketoprak Tahu Khas Jakarta,lontong ketupat tahu goreng bihun taoge kacang tanah cabai gula merah gula aren garam cuka kecap manis bawang goreng kerupuk udang,Cuci sawi dan potong selera tahu juga di potong ya Iris tipis bawang putih bawang merah tomat cabai besar cabai rawit. Siapkan wajan dan beri sedikit minyakmasukkan irisan bumbu tumis hingga berbau harum lalu masukkan sawi dan tahu tambahkan saori saos tiram penyedap rasa garam gula dan ladaku. Aduk hingga rata dan icip* rasanya tunggu beberapa menit sampai bumbu meresap. Siap di hidangkanğŸ‘Œ,45,/ id / resep / 4466801-tumis-sawi-tahu-simple
Bihun tahu kuah,1 bungkus bihun  ( me : bihun jagung )  5 buah tahu potong kotak kecil Pakcoy Daun bawang Bumbu 5 buah bawang putih Garam Merica Penyedap Tomat cabai rawit,Rebus bihuntiriskan lalu sisihkan Potong potong pakcoy lalu rebus sebentarsisihkan Haluskan bawang putih lalu tumis masukan ke dalam air yg sudah mendidih Masukan tahu yang sudah dipotong kotak kecil Lalu bumbui dengan garammerica dan penyedap dan tambah tomat Koreksi rasa Masukan daun bawang yg sudah di iris tipis Matikan kompor. Masukan bihun ke dalam mangkok lalu tambah kuah tahu taditaburi cabai rawit dan tambah perasan jeruk nipis kalau mau. Pake kecap tambah enak loh Oh ia saya masukan pakcoy lgs ke dlm mangkok ya Bu ğŸ˜‰ Anak saya sukapastinya yg ga pake cabai rawit ğŸ˜‰ğŸ˜‰nambah 2 x dia,45,/ id / resep / 4466617-bihun-tahu-kuah
Batagor tahu bumbu kacang,2 buah tahu  ( iris kotak kecil kecil )  5 sdm tepung terigu 8 sdm tepung tapioka 1 butir telur 4 siung bawang putih  ( haluskan )  secukupnya Merica secukupnya Garam secukupnya Penyedap rasa 1 / 2 sdt baking powder  ( larutkan dengan 100 ml air )  Bahan bumbu kacang: 1 / 4 kacang  ( goreng terlebih dahulu )  3 siung bawang putih sesuai selera Cabai rawit Gula Garam Penyedap rasa Perasan jeruk nipis Kecap manis Air,Potong tahu kotak kecil kecil. Sisihkan Campurkan semua bahantepung terigutapiokabawang putihgarammericatelur dan larutan baking powder. Aduk sampai tercampur semua. Sisihkan sampai 30 menit Carbut bumbu kacang : Siapkan blendermasukkan kacang yg sudah di goreng ke dalam blenderbawang putihcabai dan semua bahan. Kecuali kecap dan jeruk nipis Setelah lembutgoreng dalam wajantambahkan airkecap manisperasan jeruk nipis. Koreksi rasa. Batagor tahu bumbu kacang siap di sajikan,45,/ id / resep / 4466743-batagor-tahu-bumbu-kacang
Terik tahu tempe labu siam jipang,100 gr daging sapi sambelan 1 buah labu siam jipang potong2 1 papan tempe potong2 5 buah tahu 2 lembar daun salam secukupnya Bawang goreng 2 mangkok santan 1 liter air Bumbu halus: 4 siung bawang putih 4 siung bawang merah Garam.gula 1 / 2 sdm merica secukupnya Laos.jahe.kunyit 1 / 4 butir pala,Rebus daging dgn air sampe empuk.sambil menunggu empuk.masukkan tmpe tahu jipang dan bumbu halus biar meresap Tambahkan daun salam dan santan.rebus mendidih.icip2 rasanya.tambahkn bawang goreng Happy cooking moms,45,/ id / resep / 4466578-terik-tahu-tempe-labu-siam-jipang
Tahu Orak Arik cabai Garam,10 buah tahu  ( hancurkan )  1 telor  ( kocok lepas )  5 buah cabai merah 10 buah cabai rawit 3 bamer 1 baput Merica garam sckpnya,Tumis bamer baput smpai layu masukan cabai merah dan rawit aduk kembali Tambahkan tahu yg sudah dihancurkan aduk rata... kemudian masukan kocokan telor aduk kembali sampai telor menyatu... Masukan garam merica sambil cek rasa. Sudah pas.. tunggu 5menit. Sajikan....,45,/ id / resep / 4466463-tahu-orak-arik-cabai-garam
Asam manis Udang tahu,1 / 2 kg udang 1 tahu cina 1 / 2 bawang bombay besar 2 baput 4 cabai kriting 1 / 2 tomat besar 2 sendok saus tiram 4 sachet saus sambal Gula sckupnya Garam scukupnya Air,Bersihkan udang Potong dadu tahu dan goreng hingga kekuningan Iris2 bumbu diatas tadi Tumis baput dan babom hingga harummasukan cabai tomat saus tiramsaus sambalairgulagaram Jika sudah pas rasanyamasukkan udang dan tahu tadi Tunggu hingga air surut atau sesuai selera ğŸ˜Š,44,/ id / resep / 4466320-asam-manis-udang-tahu
Bakwan Tahu Sayur Campur,5 buah tahu Wortel Touge Daun Bawang Daun Sop 3 siung bawang putih 3 siung bawang merah 1 butir telur Tepung Bumbu Minyak Goreng Masako,Cuci bersih tahu lalu haluskan beri sedikit masakogaram aduk hingga rata... Haluskan bawang merah bawang putih & gula secukup nya.. Masukan bumbu yg telah d haluskan ke dalam tahu.. Masukan pula 1 butir telur.. Dan tepung Bumbu  ( kobe )  aduk rata smpai sedikit mengental.. Lalu masukan sayur2an tauge Wortel daun bawang daun sop  ( yg sudah d iris )  Panaskan minyak goreng.. Lalu bentuk tahu bulat2.. Lalu masukan Tahu..Goreng hinga kecoklatan.. Siap di hidangkan.. Selamat mencoba ğŸ˜€,44,/ id / resep / 4466142-bakwan-tahu-sayur-campur
Botok tahu bongkrek khas Pekalongan,10 buah tahu kulit 2 papan bongkrek ( boleh skip )  2 kotak tahu putih 1 buah jagung manis besar 1 bungkus sayur asem  ( beli bungkusan dipasarRp. 1000 ) potong2 Bumbu halus 1 sdm ketumbar 2 siung Bawang putih 4 siung bawang merah 2 cm kunyit 2 buah cabai merah besar 1 bungkus masako sapi 1 sdm garam 5 sdm minyak untuk menumis bumbu 1 / 2 butir kelapa parut  ( santan 1000ml ),Potong bongkrek. Tahu bahan sayur asem jagung rebus pake air 500ml smpe empuk sisihkan Haluskan bumbu tumis smpe harum tmbh kan santan dr setengah butir kelapa lalu masukkan ke rebusan bahan 1 masak smpe mendidih masukan masako dan garam Sajikan dgn sambal gula merah  ( cabai trasi gula merah )  uleg,0,/ id / resep / 4042683-botok-tahu-bongkrek-khas-pekalongan
Rolade Tahu Pedas,1 / 2 Buah tahu cina ukuran besar 2 Butir telur 3 Siung bawang merah 2 Siung bawah putih 7 Buah cabai rawit 1 / 4 Buah bawang bombay secukupnya Penyedap rasa secukupnya Garam 10 Sdm tepung terigu Minyak untuk menggoreng Pelengkap: Telur Dadar,Iris bawang merah bawang putih bawah bombay beserta cabai. Kemudian tumis hingga harum. Ulek hingga halus bawang dan cabai yang tadi ditumis. Tambahkan tahu hancurkan tahu hingga halus juga.  ( Resep asli di blender bukan di ulek )  Tambahkan 1 buah telur dan penyedap rasa. Aduk hingga rata. Masukkan tepung terigu aduk lagi hingga rata. Siapkan plastik wrap dan telur dadar. Letakan adonan tahu diatas telur dadar kemudian gulung menggunakan plastik wrap. Kukus rolade selama 15 menit. Selesaaaaiiii Jika rolade ingin di goreng baluri potongan rolade dengan kocokan telur. Goreng hingga coklat keemasan.,43,/ id / resep / 4466089-rolade-tahu-pedas
Tahu Dangdut Khas Medan,"250 gr tahu putih potong dadu 8 bh cabai rawit hijau diiris"" bulat 3 sdm kecap manis 1 sdm saus tiram 1 / 2 sdt merica bubuk Garam gula dan penyedap sckpnya 1 sdt tepung maizena larutkan dgn sedikit air 100 ml air Bumbu halus : 2 bh cabai hijau besar 2 bh cabai rawit hijau 3 siung bawang putih ","Tumis bumbu halus hingga Wangi dan matang tuang air aduk"" Beri kecap manis saus tiram merica garam gula dan penyedap aduk rata. Masukkan tahu dan cabai rawit iris koreksi rasa didihkan. Tuang larutan maizena masak sebentar sampai mengental angkat dan sajikan. Note : semua jenis cabainya jgn di skip ya soale itu yg bikin enyakkğŸ˜‚ klo suka pedes banget bisa ditambah cabainya ",43,/ id / resep / 4352968-tahu-dangdut
Tahu ayam udang,3 bh Tahu cina putih 100 gr udang dikupas 200 gr dada ayam tanpa tulang sedikit Daun bawang 3 sdm tepung sagu / tapioka Garam Lada Penyedap 3 siung bawang merah 2 siung bawang putih,Potong tahu Siapkan udang dan ayam Haluskan  /  blender ayam dan udang bawang merah bawang putih setelah halus tambahkan garam lada penyedap dan irisan daun bawang Tambahkan tepung sagu / tapioka serta sedikit air es Bentuk dengan tahu sesuai selera Kemudian dikukus sampai matang Setelah matang bisa langsung dinikmati atau digoreng,42,/ id / resep / 4466174-tahu-ayam-udang
Sayur Oseng Buncis Tahu,Buncis Wortel Touge Garam Gula Masako 3 siung bawang putih 3 siung bawang merah Minyak Goreng 1 buah Tahu pilihan,Potong Potong sayuran  ( buncis dan wortel )  dg bentuk sesuai selera.. Lalu cuci bersih sayuran  ( buncisworteltouge )  Potong Potong bawang marah&bawang putih.. Cuci bersih 1buah tahu.. Lalu haluskan dan di beri masako sedikit lalu aduk2 hingga rata.. Panaskan minyak goreng.. Lalu tumis bawang merah & bawang putih hinga wangi.. Lalu masukan garam & gula sesuai selera aduk2 hingga rata.. Lalu masukan wortel..buncis.. Beserta touge.. Beri sedikit air.. Aduk2 sampai bumbu merata lalu masukan tahu yg telah d haluskan tadi aduk2 lagi hingga merata.. Ttup sayur biarkan sampai air mengering.. Siap di hidangkan ğŸ˜ƒ selamat mencoba ğŸ˜,42,/ id / resep / 4466058-sayur-oseng-buncis-tahu
Semur Kecap Tahu Telur,20 tahu putih  ( potong 2 segitiga )  6 butir telur  ( rebus )  2 ruas kayu manis 2 kapulaga 1 bunga lawang 4 lembar daun salam 5 butir kemiri 6 siung bawang merah 5 siung bawang putih 1 ruas jahe 2 ruas laos 1 / 2 sdt merica 1 / 2 sdt pala bubuk Sejumput adas manis 1 / 2 ketumbar 2 cengkeh 1 sdm gula pasir 1 / 2 sdt garam Penyedap masakan  ( optional )  Kecap manis Air mineral Minyak sayur,Rebus telur sampai matang. Kupas kulitnya. Sisihkan. Kupas kentang. Cuci bersih. Potong-potong sesuai selera. Goreng hingga setengah matang. Sisihkan. Potong tahu jadi 2  ( me: segitiga ) . Goreng sebentar. Sisihkan. Haluskan bawang merah bawang putih kemiri jahe laos adas manis kapulaga pala merica dan ketumbar. Panaskan minyak sayur. Tumis bumbu yang sudah dihaluskan tadi hingga harum. Masukkan daun salam kayu manis dan bunga lawang. Tumis hingga bumbu matang. Setelah bumbu matang. Tambahkan air mineral. Dikira-kira saja. Jangan terlalu sedikit dan jangan terlalu banyak. Masukkan kecap gula garam dan penyedap masakan. Koreksi rasa. Jika airnya sudah hampir mendidih masukkan kentang telur dan tahu putihnya. Aduk-aduk pelan hingga tercampur. Tunggu hingga mendidih. Koreksi rasa. Jika sudah matang. Angkat sajikan.,42,/ id / resep / 4465602-semur-kecap-tahu-telur
Tahu Aci Tegal,8 tahu putih iris diagonal 2 batang daun bawang iris tipis 2 sdm tepung terigu 3 sdm tepung tapioka 1 btr telur ayam kocok lepas Secukupnya garam Secukupnya air panas Secukupnya penyedap Secukupnya minyak untuk menggoreng Bumbu halus: 3 siung bawang putih 1 sdt merica bubuk 1 sdt ketumbar,Kerok sedikit bagian tengah tahu yg sudah dipotong melintang. Sisihkan Campurkan sisa kerok tahu dgn terigu tepung tapioka daun bawang penyedap garamdan bumbu halus. Campur rata lumatkan sedikit dengan air panas. Masukkan adonan isi ke dalam tahu yg sudah dikerok. Gulingkan dlm kocokan telur. Goreng sampai keemasan. Angkat tiriskan. Jadii deehhh Tahu Aci Tegalnya ğŸ˜Š,11,/ id / resep / 4422749-tahu-aci-tegal
Tuna Tahu Bumbu Merah,Ikan tuna 6 buah Tahu berkulit potong dadu  ( tahu biasa juga boleh asal digoreng dulu yaa setengah matang )  Bawang putih Bawang merah bawang bombay cabai merah cabai rawit Daun salam Lengkuas air Gula merah 2 sdm kecap manis Garam Gula merah minyak goreng,Bersihkan potong dan goreng ikan tuna. Haluskan duo bawang cabai rawit dan cabai merah besar. Panaskan minyak. Tumis bumbu halus daun salam dan lengkuas sampai keluar minyak dan berbau harum. Tambahkan air. Masukkan ikan tuna dan tahu. Tambahkan kecap manis gula merah dan garam. Aduk sesekali ya biar ikannya ga hancur. Pastikan apinya tidak terlalu besar karena ada gula mudah gosong. Biarkan bumbu meresap dan air menyusut sambil koreksi rasa Tuna tahu bumbu merah siap dihidangkan.,41,/ id / resep / 3853975-tuna-tahu-bumbu-merah-%F0%9F%90%9F
Tahu rambutan,300 gr tahu putih 30 gr tepung terigu serbaguna 3 siung bawang putih 1 / 2 sdt garam 1 sdt Gula pasir 1 / 4 sdt merica  / lada bubuk 1 / 4 sdt royco ayam 10 butir telur puyuh secukupnya Minyak goreng,Bahannya: rebus dlu telur puyuhnya dan haluskan bawang putih dan garam sampai halus masukkn lada bubukgula pasir royco ayam aduk rata sisihkan. Dan haluskan tahu putih sampai halus. Remas2 mienya. Sisihkan. Tahu yg sdh di haluskan tambahkan bumbu yg sdh di haluskan tadi aduk hingga rata tambahkan tepung terigu aduk rata. Dan siap di bikin. Cuci tangan ğŸ‘ bersih.ambil 2 sdm tahu pipihkan di tangan masukkn 1 butir telur puyuh kemudian tutup dan bulatkan gulingkan ke dlm mie yg sdh di remas2 tadi. Lakukan hingga adonan habis. Seperti gambar. Besar / kecil sesuai selera. Siapkan wajan beri minyak goreng secukupnya tunggu minyak panas masukkn adonan beberapa biji. Goreng dng api kecil saja. Sambil di bolak balik biar matangnya rata. Kalau sdh matang angkat dan tiriskan. Siapkan piring saji masukkn tahu rambutan nya siap di nikmati. Cocol dng saus sambal ğŸ‘ enk. Selamat mencoba ğŸ˜˜,41,/ id / resep / 4462144-tahu-rambutan
Kupat Tahu Magelang,air bawang putih geprek daun jeruk 3 lembar daun salam 1 ruas lengkuas geprek 1 batang sereh geprek 2 butir asam jawa 25 gr gula jawa 1 sdt gula pasir 1 / 2 sdt garam 1 sdt kecap asin 2 sdm kecap manis Bahan Sambal Kacang: 2 genggam kacang tanah goreng 6 siung bawang putih 6 buah cabai rawit merah  ( atau sesuai selera )  Bahan isian: Kupat Tahu putih goreng Kubis rebus Tauge rebus Bakwan sayur Daun bawang atau seledri Bawang goreng,Masukkan semua â€œbahan kuahâ€ kedalam panci. Panaskan dengan api sedang. Aduk hingga mendidih. Matikan api. Tunggu agak dingin. Saring. Sisihkan. Uleg semua â€œbahan sambal kacangâ€. Letakkan di dalam wadah. Sisihkan. Dalam piring saji tata semua bahan isian. Beri sekitar 1 sdm sambal kacang. Tuang dengan kuah sesuai selera. Sajikan.,14,/ id / resep / 4441722-kupat-tahu-magelang
Tumis tahu kacang panjang,1 ikat kcg pnjag uk.kecil  ( mgkin skitran cm 5 kcg pjg diptong2 )  4 buah tahu putih  ( potong kotak )  1 genggam kcambah besar 7 siung bamer 4 siung baput 9 cabai rawit 1 sdm saos tiram secukupnya Garam gula,Goreng tahu sbentar angkat sisihkan. Uleg bamer baput cabai kemudian tumis smpe harum. Masukan kcg pnjang & kecambah oseng2 sbentar kmudian msukan tahu. Masukan garam gula dan saos tiram icip rasa. Klu sdh pas angkat sjikan.,38,/ id / resep / 4465294-tumis-tahu-kacang-panjang
Bakwan tahu teri nasi,5 tahu putih  ( haluskan )  2 butir telor 1 bungkus tepung bakwan merek sajiku 1 batang daun bawang 1 bungkus teri nasi,Tahu putih dicuci lalu haluskan sisihkan Masukkan tepung bakwan kedalam wadah mangkok serta masukkan tahu telor teri nasi irisan daun bawang aduk rata Panaskan minyak lalu goreng bakwan secara satu persatu hingga kuning kecoklatan Setelah kuning kecoklatan angkat lalu sajikan kedalam piring Selamat mencoba,38,/ id / resep / 4465348-bakwan-tahu-teri-nasi
Tahu Aci khas Slawi / Tegal,10 buah tahu kuning 10 sdm tepung sagu 5 sdm tepung terigu 2 batang daun bawang ( iris tipis )  Secukupnya air panas Bumbu halus : 3 siung bawang putih 1 sdt ketumbar Secukupnya garam Secukupnya penyedap ( opsional ),Potong tahu serong / diagonaljd membelah 2. Keruk tengah sedikit kalo saya di kerat piso trus coel keluar dikit2.  ( Nnti sisa kerokan tahunya bisa dicampur adonan )  Campur semua tepung bawangisian sisa tahu dan bumbu halus lalu tambahkan air panas sedikit demi sedikit hingga adonan bisa dipulung ( jangan tllu cair )  Panaskan minyak lalu ambil adonan dengan garpu lalu ratakan dengan punggung garpu. Goreng hingga kuning kecoklatanlakukan hingga semua adonan habis tiriskan. Sajikan dengan cocolan kecap+rawityummy,38,/ id / resep / 4454706-tahu-aci-khas-slawitegal
Tahu Walik,20 biji tahu goreng 150 gr ayam fillet  ( blender )  4 sdm tepung terigu 4 sdm tapioka 3 siung bawang putih  ( dihaluskan )  1 batang daun bawang secukupnya Garam merica bubuk kaldu bubuk secukupnya Air panas,Campur daging ayam yg sdh diblender dgn bawang putih yg sdh dihaluskan tambahkan irisan daun bawang garam merica bubuk kaldu bubuk secukupnya Tambahkan tepung terigu tapioka air panas kemudian aduk cepat hingga rata Ambil tahu kemudian sayat lalu di balik sehingga bagjan dalam ada d luar kemudian rendam sbntr di air yg d beri kaldu spy bagian dlm yg d balik terasa gurih Isi tahu dgn adonan kemudian goreng dgn api kecil hingga krispy Sajikan dgn sambal kecap,36,/ id / resep / 4439874-tahu-walik
Pepes Tahu Kemangi,10 bh tahu putih kecil 2 ikat kemangi 2 btg daun bawang potong2 2 cm jahe Laos potong2 tipis utk dimasukan ke bungkusan pepes Daun pisang utk membungkus Bumbu dihaluskan: 10 cabai merah 5 cabai rawit 8 btr bawang merah 8 butir bawang putih 6 butir kemiri 2 cm jahe Secukupnya garam gula dan penyedap,Haluskan tahu Masukan bumbu yg sdh dihaluskan beri garam gula dan penyedap lalu aduk rata koreksi rasa. Masukan daun bawang Cuci kemangi dan potongan laos Bungkus tahu masukan sedikit kemangi dan laos Panaskan steam dan kukus tahu selama 30 menit Siap disajikan,35,/ id / resep / 4462957-pepes-tahu-kemangi
Oseng tahu jamur,1 / 4 kg jamur 4 biji tahu putih 3 siung bawang merah 4 siung bawang putih 3 buah cabai merah 7 buah cabai hijau secukupnya Gula jawa secukupnya Kecap secukupnya Penyedap secukupnya Garam,"Suir"" jamur &cuci bersih Potong kecil"" dan goreng tahu setengah matang Potong tipis bawang merah&putihcabaierah / hijau Tumis bumbu tsblalu masukan jamur dan tahu Beri kecapgarampenyedap rasagula jawa secukupnya sesuai selera Tanda matang:jamur terlihat lunak / empukğŸ´ ",35,/ id / resep / 4415749-oseng-tahu-jamur
Tahu Bacem,tahu kecap manis gula merah daun salam garam lengkuas asam jawa bawang merah bawang putih kemiri ketumbar,Cuci bahan: bawang cabai tomat kemudian iris. Setelah itu goreng tahu hingga sedikit berkulit dan jngan terlalu garing Tumis bahan no. 1 hingga harum Kemudian masuk'n kuah sarden aduk dengan tumisan td tambah sedikit air Setelah itu masukkan tahu aduk dan kemudian masuk'n ikan sardennya aduk dan jngan lupa tambahkan masako aduk kembali tunggu beberapa menit. Makanan siap di sajikanğŸ˜Š,35,/ id / resep / 4462698-tumis-sarden-banten-tahu
Tahu Telur Ikan Tuing Masak santan,1 kg telur ikan 1 ruas lengkuas 1 Santan kara ukuran kecil 2 daun jeruk 2 seray 3 bawang putih 3 belimbing sayur 4 tahu 10 telur puyuh yg telah direbus,Cuci bersih telurpotong jike mereka bersatubiar mudah di makannya.sisihkan Tumis bawang putih yg telah dilaluinya geprekmasukan daun jerukseraybiarkan wangi. Tambahkan air secukupnyamasukan tahujika tahu telah matangmasukan telur puyuh dan telur ikan Tuingbiarkan mendidih. Tambahkan garammasakogulajuga Santan karaaduk hingga ratajangan lupa tes rasa bundağŸ˜Š Biarkan mendidih...terakhir masukan belimbing...siap disantap bunda. Untuk pendamping boleh tambahkan cabai rawitsy nggak ngasi soalnya bocah blm bisa dgn rasa pedisğŸ˜ŠğŸ˜ŠğŸ˜Š,35,/ id / resep / 2717428-tahu-telur-ikan-tuing-masak-santan
Tumis Labu Tahu Rebon,1 bh labu 2 bh tahu ukuran kecil Secukupnya udang rebon 1 / 2 bawang bombay 2 siung bawang putih 2 bh cabai keriting merah 2 bh cabai keriting hijau 2 bh cabai rawit merah Secukupnya Garam Secukupnya Gula Secukupnya Air,Potong labu memanjang ukuran korek api kemudian cuci bersih Iris semua bumbu beserta tahu Goreng sebentar tahu supaya tidak mudah hancur dan goreng udang rebon hingga kecoklatan kemudian sisihkan Tumis bumbu bumbu yang telah di iris hingga mengeluarkan aroma harum Setelah itu masukan sedikit air aduk aduk tambahkan labu yang sudah di iris tambahkan gula garam dan bumbu penyedap rasa lain nya Aduk aduk hingga rata koreksi rasa tutup sebentar supaya labu teksturnya lebih empuk Jika sudah matang tambahkan tahu dan udang rebon aduk aduk Labu tahu rebon siap di hidangkan,34,/ id / resep / 4461547-tumis-labu-tahu-rebon
Mangut tongkol tahu,tongkol 2 ekor tahu 3 buah potong kotak2 65 ml santan kara 2 btg serai  ( geprek )  3 cm lengkuas 2 lembar daun jeruk 2 cabai merah besar  ( iris )  bumbu halus : 3 siung bawang putih 5 siung bawang merah 7 biji cabai rawit 2 biji kemiri 1 ruas jahe 1 ruas kunyit 2 cm kencur 1 / 4 biji pala 1 sdt ketumbar secukupnya gulagaram,"Tumis bumbu haluskemudian tambahka serehdaun jeruklengkuas dan cabai merah...tumis hingga harum Tambahkan sedikit air Masukan tongkol yg sudah digoreng setengah mateng Setelah itu masukkan tahu yg sudah digoreng Tambahkan santanmasukkan gula garam...koreksi rasa
masak hingga air menyusut...
siap dihidangkan ",25,/ id / resep / 4456854-mangut-tongkol-tahu
Tumis Kikil Tahu,1 / 4 kikil 2 bh tahu goreng sebentar potong dadu Secukupnya Masako secukupnya Gula putih 2 lbr daun jeruk 1 bh tomat kecil 2 bh cabai gendot Bumbu halus 3 btr bawang merah 2 btr bawang putih 1 cabai merah 1 cabai rawit Secukupnya garam,Cuci dan rRebus kikil hingga empuk Tumis bumbu halus masukan daun jeruk cabai gendot dan tomat Masukan tahu dan kikil tambahkan air. Masukan masako gula pasir. Cek rasa biarkan mendidih..... sajikan,33,/ id / resep / 4461366-tumis-kikil-tahu
Gadon Tahu Khas Purwokerto,4 pcs  ( 300 g )  tahu putih 1 butir telur 2 siung bawang putih 3 siung bawang merah 2 biji kemiri sesuai selera cabai rawit 1 buah cabai besar hijau 1 / 4 sdt garam 1 / 4 sdt gula Daun dan lidi untuk tuk membungkus 1 lmbar daun jeruk  ( boleh skip ),Haluskan kemiri bawang putih dan bawang merah. Tumis bumbu halus dan daun jeruk Hancurkan tahu dan campurkan bumbu yang sudah ditumis gula garam irisan cabai hijau dan telur. Masukkan 2sdm adonan dalam daun dan beri cabai rawit di atasnya. Tutup dengan lidi. Kukus 15-20 menit. Dan siap disajikan. Bisa dipanggang sesaat sebelum penyajian jika suka.,30,/ id / resep / 4460023-gadon-tahu
Tahu Udang Tauco,500 gr udang kupas sisakan ekornya cuci bersih 400 gr tahu putih potong kotak goreng 1 / 2 matang Bumbu Halus : 3 buah bawang merah 2 buah bawang putih 2 buah kemiri Bahan lainnya : 4 sdm tauco 2 sdm kecap manis secukupnya Garam 200 ml air,Tumis bumbu halus hingga harum dan bewarna agak kecoklatan. Masukkan udang dan tahu serta tauco. Aduk rata. Masukkan air dan kecap manis. Aduk rata. Test rasa dulu. Kalau kurang asin tambahkan garam. Bisa tambahkan kaldu bubuk jika mau. Masak hingga air agak menyusut. Sesuai selera saja mau kental atau agak berkuah. Air bisa diganti sebagian dengan santan jika mau terasa gurih. Bisa tambahkan tempe ayam atau sayuran seperti wortel. Ini tauco yang kupakai. Tauco manis. Jadi aku pakao garam sedikit,28,/ id / resep / 4459360-tahu-udang-tauco
Tahu tempe telor bumbu bali,"1 bks tempe  ( 240gr )  1 bks tahu  ( kira"" 1 / 4kg )  4 butir telur ayam Bumbu halus : 1 siung shallot ukuran besar  ( Kalo ukuran kecil 2 siung yay )  4 siung bawang putih 5 biji cabai rawit  ( skip kalau tdk suka pedas )  Bumbu tambahan : Secukupnya garam Secukupnya gula Secukupnya Masako ayam Secukupnya lada putih Sere Daun salam Laos Jahe Bumbu Bali instan Minyak untuk menumis 1 buah tomat 2 Sdm kecap manis ",Siapkan bahan-bahan Potong- potong tempe dan tahu sesuai selera Rebus telur sampai matang Haluskan shallots bawang putih dan cabai  ( boleh diblender )  saya lebih suka diulek sih ğŸ˜Š Goreng tempe tahu dan telur rebus  ( jangan terlalu matang )  lalu tiriskan Tumis bumbu halus dan bumbu Bali instan hingga baunya harum Lalu masukkan sere jahe Laos dan daun salam tumis hingga wangi Masukkan tempe tahu dan telur yang sudah digoreng kedalam tumisan bumbu Tumis sebentar hingga meresap lalu tuang 2 gelas air Aduk hingga rata lalu masukkan tomat Beri garam gula lada putih dan Masako ayam secukupnya lalu tes rasa Tambahkan sedikit kecap manis kira-kira 2 atau 3 sendok makan sesuai selera tunggu sampai airnya habis lalu angkat Siap dihidangkan dimakan pake Nasi anget tambah kerupuk maknyusssğŸ‘» Happy break fast guys,26,/ id / resep / 4458622-tahu-tempe-telor-bumbu-bali-ala-mommies