Title,Ingredients,Steps
Semur Daging Sapi,"1 / 2 kg daging sapi -- 1 biji bawang bombay -- 2 siung bawang putih 5 -- 5 siung bawang merah -- 1 bungkus ladaku -- 1 bungkus royco sapi -- 3 lembar daun jeruk -- 1 bunga lawang -- 2 biji jeruk nipis --  kecap manis ,  gula pasir -- Air -- ","Potong2 daging sesuai selera ,  cuci dan lumuri dengan air jeruk ,  aduk2 dan cuci lagi -- Rebus daging sampe setengah mateng -- Sambil nungu daging direbus ,  bawang putih digeprek dan diiris2 ,  bawang merah jg bawang bombay -- Tumis bawang yg sudah diiris masukkan daging ,  daun jeruk ,  ladaku ,  bunga lawang dan pala ,  aduk2 -- Tambahkan air sampe daging terendam ,  masukkan royco ,  kecap dan gula pasir -- Aduk2 dan koreksi rasa ,  biarkan sampai airnya berkurang sedikit -- Hidangkan dengan kerupuk udang"
Tongseng daging sapi,500 gram Daging sapi -- Santan  ( boleh pakai kara 1 bungkus /  kelapa parut 1 / 2 buah )  -- Bawang merah 12 siung  ( 6 siung untuk bawang goreng )  -- 8-10 siung Bawang putih -- 1 / 4 Kubis -- 2 buah Tomat -- 5 pcs Daun bawang -- 6 cm Kunyit -- 5 cm Jahe -- 6 cm Lengkuas -- 3 lembar Daun salam -- 3 lembar Daun jeruk -- 5 pcs Kemiri -- 1 sdt Ketumbar -- 1 sdm Kecap -- 2 pcs Cabai merah -- 10 pcs Cabai rawit --  Garam --  Penyedap rasa -- 1 bungkus Merica bubuk ladaku --,"Cuci daging sapi dan potong kecil-kecil sesuai selera. -- Masukkan daging sapi dalam air mendidih dan masak hingga empuk. -- Lembutkan baput , bamer , kunyit , kemiri , ketumbar , dan cabai merah. -- Tumis bumbu yang sudah dilembutkan tadi dan daun salam ,  daun jeruk ,  lengkuas , jahe ,  cabai rawit utuh , ladaku. Tumis hingga baunya harum. -- Potong memanjang tomatnya ,  kubis dan daun bawang potong sesuai selera. -- Masukkan bumbu tersebut yang sudah ditumis tadi kedalam rebusan daging yang sudah empuk. Lalu masukkan kubis , daun bawang dan tomat serta santan. -- Masukkan juga garam , kecap dan penyedap rasa. -- Cek rasa. Kalau sudah mendidih dan rasa sudah pas ,  TONGSENG DAGING SAPI SIAP DISAJIKAN. Taburi bawang goreng saat penyajiannya -- "
Se'i Sapi Khas Kupang,"1 daging Se'i Sapi -- 2 siung Bawang merah -- 4 siung Bawang putih -- 1 / 4 Bawang Bombay -- 13 buah cabai rawit -- 2 buah cabai merah keriting -- 1 ikat kecil kemangi ,  siangi -- 1 / 2 buah tomat --  lada bubuk --  saos tiram --  kecap manis --  minyak goreng --  garam --  gula --  air -- ","Iris daging se'i Sapi nya tipis-tipis atau sesuai selera -- Iris tipis bawang merah ,  bawang putih ,  bawang Bombay ,  cabai ,  dan tomat. -- Tumis bawang merah ,  bawang putih ,  dan bawang Bombay ,  sampai harum. -- Masukkan cabai ,  setelah matang masukkan tomat -- Bisa beri sedikit air ,  biarkan sampai bumbu matang dan air mendidih dan menyusut. -- Masukkan daging Se'i Sapi nya ,  tambahkan lada bubuk ,  gula ,  garam ,  saos tiram ,  dan kecap manis. Aduk rata -- Masak Se'i sebentar saja +- 5 menitan agar daging tidak keras. masukkan daun kemangi. Aduk rata -- Tes rasa -- Siap di sajikan -- "
Tumis Daging Sapi,"500 gr daging sapi -- 1 buah bawang bombay -- 1 siung bawang putih -- 1 ruas jahe -- 5 buah cabe ijo besar -- 5 buah cabe ijo keriting -- 1 sdm saus tiram -- 1 / 2 sdt garam ,  gula pasir ,  merica bubuk -- Saus marinasi: -- 2 sdm kecap manis -- 1 sdm kecap asin -- 1 sdm minyak wijen -- ","Rendam daging dalam kecap manis ,  kecap asin dan minyak wijen. -- Diamkan dalam kulkas minimal 1jam ,  lebih lama lebih enak. -- Iris serong cabe. Geprek jahe. Cincang halus bawang putih. Potong besar bawang bombay. -- Panaskan minyak goreng tumis bawang putih dan bawang bombay sampai harum kemudian masukkan jahe dan cabe ijo. -- Kemudian masukkan daging yg sudah dimarinasi beserta seluruh sausnya. Aduk rata. -- Tambahkan saus tiram. Aduk rata. -- Lalu bubuhkan garam ,  gula pasir dan merica bubuk. -- Beri secukupnya air supaya daging matang sempurna dan empuk serta tidak gosong. -- Masak sampai kuah berkurang sesuai selera. Koreksi rasa. -- Tumis daging sapi siap dihidangkan"
Bola-Bola Kornet Sapi,1 kaleng kornet sapi -- 1 / 2 sachet tepung bakwan -- Minyak --,Campur satu kaleng kornet dengan tepung dan aduk rata -- Bentuk bola-bola  -- goreng sampai berubah warna --  siap disajikan
Asem asem daging sapi,"1 / 4 kg daging sapi -- 100 gram buncis -- 2 buah wortel ,  kupas lalu potong potong -- 1 buah tomat -- Asam jawa  -- 4 siung bawang merah  -- 4 siung bawang putih  -- 1 / 2 bawang bombay  -- 6 buah cabai hijau besar  -- 4 buah cabai merah keriting  -- 1 lembar Daun salam -- Laos geprek -- Kecap manis -- Garam -- Gula -- Penyedap rasa -- ","Cuci dan potong kecil daging sapi -- Rebus daging sampai empuk -- Sisakan air rebusan untuk kuah -- Tumis bawang merah bawang putih bawang bombay hingga harum dan layu -- Masukkan cabai ,  daun salam dan laos -- Setelah harum masukkan buncis dan wortel aduk2 lalu tmbhkan kecap manis -- Masukkan tumisan ke dalam air rebusan daging -- Tambahkan asam jawa -- Tambahkan garam gula dan penyedap rasa lalu cek rasa -- Masak sampai mendidih dan sayuran empuk -- Masukkan tomat -- Asem2 daging siap disajikan"
Steak sapi parud keju,Bagian has sapi 2 potong ukuran ketebalan 10 inchi -- Bumbu rendaman sapi --  Ketumbar --  Lada hitam -- 3 siung Bawang putih --  Garam  /  penyedap  /  kaldu jamur --  Air -- Delmonte saus tomat -- Delmonte saus cabe -- Bawang putih iris 1 siung -- Bawang Bombay iris  -- Tepung maizena -- Keju parutan -- Brokoli -- Jagung -- Wortel --,"Sayuran salad d rebus secukupnya jangan terlalu matang ,  pisahkan dan tiriskan -- Bawang putih ,  ketumbar ,  lada hitam dan garam ,  penyedap dihaluskan lalu campu air sedikit  --  Masukkan daging sapi ke rendaman bumbu nya tersebut. -- Masukan ke kulkas sebelum di bakar -- Buatlah sausnya terlebih dahulu ,  goreng bawang putih dan bawang Bombay sampai wangi lalu delmonte saus cabe dan tomat beri air sedikit dan penyedap dan bila ingin kental sesuai selera beri tepung maizena yang sudah diberi air sedikit dan campurkan kedalam Katel -- Bakar daging sampai warna kecoklatan dan tidak keluar darah lagi -- Sajikan daging dilumuri saus dan salad di pinggirnya ,  juga diparuti keju sesuai selera -- "
Lumpia isi daging sapi & kol,1 / 2 ikat kol iris halus -- 200 gr daging sapi giling -- 1 batang daun bawang iris halus -- 2 sdm minyak goreng -- 5 sdm air -- Kulit lumpia -- Putih telor -- Merica -- Garam -- 2 bawang merah -- 2 bawang putih -- 1 liter minyak goreng  --,"Tumis bumbu cincang dengan 2 sdm minyak ,  masukan daging sapi aduk rata sampai daging berubah warna -- Masukan kol ,  daun bawang ,  air ,  garam dan meric -- Masak sampai air surut dan kol matang. -- Angkat dari kompor ,  diamkan di suhu ruangan sampai dingin. -- Setelah dingin ,  bungkus lumpia dengan isian ,  gulung. Rekatkan ujung dengan putih telor. Lakukan sampai isian habis. -- Panaskan minyak goreng ,  goreng lumpia sampai kecoklatan -- Angkat dan sajikan"
Oseng Tetelan Sapi,1 / 4 kg tetelan sapi -- 500 ml air -- 2 lbr daun salam -- Garam --  Gula -- Minyak goreng -- 100 g cabe merah keriting -- 30 g cabe rawit merah  -- 50 gr bawang merah --,"Rebus tetelan sapi bersama daun salam hingga empuk. Angkat ,  potong  1 cm ,  sisihkan. -- Rebus atau kukus bahan bumbu halus ,  lalu haluskan kasar. -- Tumis bumbu yang telah dihaluskan kasar dengan minyak goreng secukupnya -- Beri garam dan gula secukupnya. -- Masukkan tetelan yang telah direbus ,  aduk rata. -- Tambahkan 100 ml air rebusan tetelan -- Koreksi rasa. Jika air sudah surut ,  matikan kompor. -- Siap disajikan dengan nasi hangat."
Tongseng sapi,200 gram daging sapi -- 65 ml santan  ( kara )  -- 50 gram kubis -- 1 buah tomat -- 5 bawang merah -- 2 bawang putih -- 3 buah kemiri -- 5 buah cabe rawit -- gula merah --  --,"Cuci bersih daging sapi yang sudah di siapkan -- Haluskan bawang merah ,  bawang putih ,  jahe ,  kunyit dan kemiri sisihkan -- Panaskan wajan , beri sedikit minyak lalu tumis bumbu halus hingga harum , lalu masukkan daging sapi tumis hingga berubah warna , masukkan santan dan tuang air secukupnya tunggu hingga mendidih -- Bumbui dengan garam , gula merah , merica bubuk , kecap tes rasa , jika sudah pas rasanya tunggu hingga mendidih tambahkan tomat iris , kubis dan cabe rawit iris , lalu tunggu air hingga sedikit menyusut , jangan terlampau habis airnya , jika sudah angkat sajikan"
Soto Daging Sapi Lobak& Wortel,"250 gr Daging Sapi -- 2 Buah Wortel kupas ,  iris bulat tipis -- 2 Buah lobak kupas ,  iris bulat tipis -- 1 Batang sereh  -- 1 Batang Daun Bawang iris halus -- 1 Batang Daun Seledri iris halus -- Garam  -- Gula Pasir  -- 1500 ml Air -- 1 sdt Bawang Goreng -- 2 sdm Minyak Sayur -- 5 siung Bawang Merah -- 3 siung Bawang Putih -- 1 / 2 sdt Merica butiran -- ","Didihkan Air hingga mendidih ,  masukan Daging yang sudah dicuci , rebus sampai empuk ,  angkat tiriskan potong kota'-kotak -- .Air rebusan Daging disaring ,  untuk selanjutnya dimasak lagi -- separuh air rebusan untuk merebus lobak ,  agar aroma lobak tidak pekat -- Panaskan minyak ,  tumis bumbu halus sampai harum , didihkan lagi sisa air rebusan daging , masukan sereh ,  wortel , daging sapi , lobak. -- Tambahkan garam dan gula pasir , daun bawang ,  seledri. -- tes rasa -- Angkat ,  sajikan dengan taburan bawang goreng dan pelengkap lainnya"
Tumis buncis cah daging sapi,250 gr buncis -- 100 gr daging sapi giling -- 3 siung bawang putih -- 50 ml air -- 4 sdm minyak -- 2 sdm saus tiram -- gula -- lada bubuk -- garam --,"Tumis bawang putih hingga harum ,  masukan daging giling lalu tumis hingga matang -- Masukan buncis ,  air ,  saus tiram ,  gula ,  garam dan lada-masak - menit -- siap dihidangkan"
Kornet Sapi,1 / 2 kaleng Kornet Sapi -- 3 sdm Tepung Terigu -- 1 buah Telor Ayam -- Lada Bubuk -- Garam -- Masako --,"Campur terigu dan telur dahulu ,  aduk hingga rata. jangan ada gumpalan trigu. -- Lalu masukann kornet setengah kaleng yang ukuran sedang ,  sedikit masako ,  garam ,  dan lada bubuk aduk hingga rata. -- Siapkan minyak yang sudah dipanaskan ,  lalu goreng. tunggu hingga kecokaltan dan tiriskan. -- Siap dimakan untuk lauk -- "
Bakso Sapi,"500 gr daging sapi tanpa lemak -- 150 gr es batu / 7bh ice cubes -- 1 btr putih telur -- 100 gr tapioka -- 1 sdt nutrijell / agar2 plain -- 6 buah bawang putih goreng ,  haluskan -- 4 buah bawang merah goreng ,  haluskan -- 1 sdt lada bubuk -- 1 sdm garam -- 2 sdt gula pasir -- 1 sdm kaldu bubuk -- ","Giling daging batu sehalus mungkin. Tambahkan bumbu-giling ,  putih telur-giling hingga semua bahan tercampur rata. -- Masukkan ke dlm freezer + 30menit. -- Keluarkan dari freezer lalu masukkan tapioka sedikit demi sedikit sambil diaduk rata. -- Masukkan adonan ke freezer 5menit.  -- Kemudian didihkan air di panci besar jangan smpai bergejolak lalu kecilkan apinya ,  cetak bakso bulat-bulat hingga mengapung. Angkat -- Bila perlu masukkan bakso ke dalam wadah yang berisi air es untuk menghentikan proses masak. agar tetap kenyal dan tidak lembek dan dijadikan Frozen Food:"
Lidah Sapi Cabe Hijau,1 / 3 Lidah Sapi  ( iris tipis )  -- 1 buah Bawang Bombay ukuran kecil -- 3 siung Bawang Merah -- 2 siung Bawang Putih -- 2 buah Cabe Hijau Besar -- 2 buah Cabe Hijau Keriting -- Garam -- Kecap -- Saus Tiram --,"Rebus lidah hingga empuk ,  iris tipis -- Tumis semua bumbu hingga harum. Masukkan lidah -- Tambahkan garam ,  kecap & saus tiram. Koreksi rasa -- "
Empal serundeng daging sapi,"1 kilo daging sapi -- 3 lembar daun salam -- 3 lembar daun jeruk -- 1 sdm asam jawa ,  rendam pakai 50ml air -- 1 / 2 butir kelapa muda parut -- 1 ruas jahe digeprek -- 1 liter air untuk merebus daging -- Bumbu Halus -- 5 buah cabe keriting -- 10 buah bawang putih -- 1 sdt ketumbar -- 1 / 2 sdt jinten -- 3 ruas lengkuas -- 1 ruas jahe -- 2 batang serai -- 1 sdm garam -- 2 sdm gula merah","Rebus daging dengan air ,  daun salam ,  jahe geprek sampai empuk -- Setelah empuk ,  potong2 sesuai serat lalu geprek sampai tipis. -- Campur bumbu halus ,  daging ,  daun jeruk dan air asam jawa. Remas2 dan diamkan selama 30 menit -- Pindahkan ke dalam wajan ,  tuang 300ml air kaldu bekas merebus daging tadi. Masak dengan api kecil sambil diaduk terus. -- Setelah air menyusut ,  masukkan kelapa muda parut. Aduk terus sampai benar2 kering. -- Empal serundeng siap untuk disantap -- "
Rawon daging sapi,1 kg daging sapi campur tetelan sedikit -- 2 liter air -- 8 keluwek -- 10 siung bawang merah -- 4 siung bawang putih -- 4 buah kemiri -- 1 sdm ketumbar -- 1 ruas jahe -- 1 ruas kunyit -- 1 ruas lengkuas -- 1 sdt jinten -- 1 sdm lada halus --  Garam --  gula -- 5 lembar daun jeruk -- 2 batang sereh -- 3 lembar daun salam -- kecambah -- Kerupuk -- Sambal --,"Rebus daging dengan api kecil sampai empuk + 1 jam ,  angkat tiriskan setelah dingin --  potong2 sesuai selera airnya ,  simpan untuk campuran rawon -- Sangrai dua bawang ,  ketumbar ,  jinten ,  kunyit ,  kemiri sampai harum -- Pecahkan keluwek ambil isinya lalu rendam air panas -- Haluskan semua bahan bumbu lalu masukkan keluwek ,  haluskan sampai merata -- Tumis bumbu halus sampai harum ,  masukkan salam ,  sereh aduk rata --  masukkan daging dan aduk aduk sampai bumbu meresap -- Masukkan air kaldu rebusan daging ,  tambahkan air biasa sampai + 2ltr biarkan matang dan meresap -- Tambahkan garam gula dan penyedap sampai rasa nya pas -- Sajikan dan disantap -- "
Rendang Daging Sapi Kentang,"750 gr daging sapi ,  potong potong -- 1000 ml santan encer -- 1000 ml santan kental -- 5 lmbr daun jeruk -- 1 btg sereh ,  memarkan -- 4 buah kentang ,  kupas ,  potong2 -- Bumbu Halus -- 1 ons cabe merah -- 2 cm kunyit -- 12 siung bawang merah -- 5 siung bawang putih -- 2 cm lengkuas -- Secukupnya garam dan gula -- ","Rebus santan encer ,  daun jeruk ,  sereh dan bumbu halus ,  masak hingga mendidih -- Masukkan daging yang sudah di potong potong ,  masukkan garam dan gula secukupnya ,  masak hingga santan kental -- Masukkan santan kental ,  setelah santan udah mulai berkurang ,  masukkan kentang ,  masak hingga rendang nya agak mengering dan berminyak ,  angkat dan sajikan. -- "
Dendeng sapi bumbu kecap,1 bungkus dendeng sapi -- 3 buah bawang merah -- 2 buah bawang putih -- secukupnya Garam -- 1 sendok kecil gula pasir -- secukupnya Lada bubuk -- secukupnya merica bubuk -- kecap manis -- bumbu royco  ( ayam )  --  air matang -- minyak goreng --,"Potong dendeng sesuai selera -- Lalu goreng setengah matang dan tiriskan -- Potong halus bawang merah dan bawang putih -- Siapkan wajan dan tuangkan sedikit minyak -- Tumis bawang merah dan bawang putih hingga wangi -- Lalu tambahkan sedikit garam , rocyo ayam , lada bubuk -- Aduk lalu masukkan dendeng yang sudah ditiriskan  -- Lalu aduk2 dan tambahkan sedikit merica bubuk -- Lalu masukkan kecap manis dan sedikit air matang -- Lalu tambahkan sedikit gula pasir -- Lalu tes rasa dan siap disajikan dalam keadaan hangat -- "
Soto Sapi Kuah Bening,"1 / 2 kg daging tetelan sapi -- 1 buah lobak ukuran besar ,  cuci bersih dan iris seuai selera -- 1 batang serai ,  keprek -- Seujung kelingking jahe ,  keprek -- Secukupnya selederi ,  cincang -- 2 biji kapulaga -- 3 biji cengkeh -- Secukupnya kayu manis -- Secukupnya bawang pre ,  iris besar atau sesuai selera -- Air ( sesuai kebutuhan yaa )  -- Bumbu halus : -- 2 siung bawang putih -- 1 siung bawang merah -- Secukupnya merica -- Secukupnya ketumbar -- Secukupnya pala -- Secukupnya jintan -- Sedikit minyak untuk menumis -- Secukupnya Garam -- Secukupnya Kaldu bubuk rasa sapi -- ",Cuci bersih daging lalu rebus daging ( Buang air rebusan pertama agar kuah tidak keruh )  Masukkan lagi air dan rebus kembali daging hingga empuk dan berkaldu -- Keluarkan daging dan iris sesuai selera --  Masukkan kembali ke air rebusan -- Tambahkan lagi air nya jika di rasa kurang -- Rebus lagi daging... Dan masukkan serai jahe kapulaga cengkeh dan kayu manis -- Sambil menunggu aroma keluar dari rebusan daging.. Siapkan wajan panaskan sedikit minyak lalu tumis bumbu halus... Setelah wangi masukkan bumbu halus dalam rebusan daging.. -- Masukkan lobak dalam rebusan daging tunggu hingga lobak empuk -- Setelah lobak empuk masukkan daun pre dan daun seledri.. -- Masukkan garam dan kaldu bubuk... Test rasa... -- Dan siap sajikan dengan sambal atau pelengkap lainnya
Pepes Tahu Daging Sapi,"2 buah tahu putih ukuran besar ,  rendam air panas 1 / 2 jam -- 100 gram daging sapi cincang -- 6 siung bawang putih -- 7 butir bawang merah -- 3 buah cabe merah besar -- 10 buah cabe rawit merah -- 1 ruas kecil kencur -- secukupnya Garam -- secukupnya Gula -- Penyedap rasa -- Daun pisang untuk membungkus -- Minyak goreng untuk menumis daging -- ","Tumis daging cincang hingga matang. Sisihkan. -- Haluskan bawang putih ,  bawang merah ,  cabe ,  dan kencur. Beri garam dan gula. -- Haluskan tahu putih. Campur dengan tumisan daging dan bumbu halus. Beri penyedap rasa. Jangan lupa tes rasa. -- Taruh 1 sdm adonan tahu ke daun pisang. Gulung lalu semat dengan tusuk gigi. -- Kukus pepesan hingga matang selama 30 menit. -- Siap di sajikan"
Tumis Jamur bakso sapi.,10 bakso sapi potong tipis2. -- 200 grm jamur kancing. -- 3 siung bawang putih -- 5 siung bawang merah -- 10 cabe rawit -- Daun bawang  -- 1 buah tomat --  Gula --  garam -- 3 sdm kecap manis,Cuci bersih semua bumbu..iris-iris... -- Cuci bersih jamur..iris-iris..bakso sapi iris tipis -- Nyalakan api sedang..tumis bumbu sampai harum... -- Masukkan bakso sapi iris aduk2..kmudian masukkan jamur..aduk rata..beri gula garam..sdikit air..tunggu sampai matang..beri kecap manis..saus tiram.. -- Stelah matang angkat sajikan... --
Oseng Koyor Sapi,"1 kg daging koyor sapi -- 5 siung bawang merah ,  iris -- 2 siung bawang putih ,  iris -- 3 buah cabe rawit merah-2 buah cabe merah keriting ,  iris -- 1 / 2 buah tomat ,  belah jadi 2 -- 2 lembar daun salam -- 2 lembar daun jeruk -- 1 buah sereh ,  geprek -- 1 ruas jahe ,  geprek -- 1 ruas lengkuas ,  geprek -- 1 sdm gula merah cair -- 1 sdt merica bubuk -- 1 sdm kecap manis -- 2 sdm minyak sayur --  gula pasir --  garam --  penyedap rasa )  -- 150 air kaldu -- 1 liter air","Rebusan daging  ( I ) : Potong daging koyor kecil-kecil. Siapkan air dingin ke dalam panci rebusan. Masukkan irisan daging. Masak sampai air mendidih dan kotoran terangkat. Buang airnya tiriskan daging -- Rebusan daging  ( II ) : Siapkan panci yang sudah terisi 1Liter air dingin. Masukkan daging beserta sejumput garam dan merica. Rebus daging sampai empuk. -- Panaskan minyak ke dalam wajan dan masukkan irisan bawang merah dan bawang putih. Tumis hingga setengah matang -- Masukkan irisan cabe ,  salam ,  daun jeruk ,  jahe geprek ,  sereh geprek ,  laos geprek ,  dan tomat. Masak hingga bumbu harum -- Masukkan daging koyor sapi yang telah direbus. Masak daging hingga bumbu tercampur. Tambahkan gula ,  garam ,  merica ,  penyedap rasa ,  kecapa manis kemudian masak kembali -- Masukkan air kaldu. Masak sampai matang dan air menyusut. -- Koreksi rasa -- Oseng daging koyor siap dihidangkan. Sajikan dengan taburan bawang goreng untuk menambah kenikmatan -- "
Lodeh kikil sapi,1 / 4 kikil sapi potong kotak cuci bersih -- 10 buah tahu sumedang -- 6 buah kacang panjang-5 buah cabe hijau -- 65 ml santan kental -- 2 sdm gula putih -- 1 sdm penyedap rasa sapi --  merica bubuk -- 2 lmbr daun salam -- 1 jari lengkuas --  air --  minyak goreng -- Bumbu halus -- 5 siung bawang merah -- 2 siung bawang putih -- 1 bh cabe merah -- 2 butir kemiri -- 1 sdt ketumbar --  gula merah --,"Tumis bumbu halus sampai harum tandanya bumbu udah matang beri air sedikit , masukan daun salam dan lengkuas -- Masukan cabe hijau , kikil sapi , kacang panjang , tambahkan air lagi aduk terus masukan tahu sumedang , gula putih , penyedap dan merica bubuk  -- Setelah airnya mulai mendidih masukan santan , aduk terus jangan sampai santan pecah -- Setelah mendidih matikan kompor -- Lodeh kikil siap di sajikan -- "
Kwetiau Sapi Goreng,"500 gram kwetiau basah ,  siram air panas ,  tiriskan  ( kalau menggunakan kwetiaw kering ,  direbus hingga lembut ,  tiriskan dan beri minyak sayur biar tidak lengket )  -- 250 gram daging sapi has dalam -- Bakso daging ,  iris tipis -- 150 gram caisim ,  potong-potong kurang lebih 3 cm -- 250 gram taoge ,  buang akar -- 4-5 butir telur ,  kocok telur --  Daun bawang dan seledri -- 10 siung bawang putih -- 1 cm jahe -- 5 butir bawang merah -- 1 sdt garam -- Saus: -- 2 sdm kecap manis -- 2 sdt kecap asin -- 1 / 2 sdt merica bubuk -- ","Rebus daging sampai matang ,  iris tipis-tipis. -- Panaskan minyak dalam wajan ,  tumis bumbu halus hingga harum. -- Masukkan Daging ,  bakso dan telur kocok ,  aduk sampai telur berbutir-butir. -- Tuang campuran saus ,  caisim ,  dan kwetiau."
Kulit sapi Bumbu santan kering,500 gr kulit sapi -- 1 bks kara santan -- 2 batang daun kemangi -- 4 butir kemiri -- 4 sihung bawang merah -- 2 sihung bawang putih -- 2 ruas kunyit ukuran kecil -- 4 buah cabe gendol -- 2 buah cabai merah -- secukupnya Terasi -- Gula pasir -- Penyedap rasa -- Garam -- Air -- Minyak --,"Haluskan kunyit , kemiri , bawang putih , bawang merah , cabe merah sampai halus -- Rebus kulit sapi sampai empuk -- Tumis bumbu halus lalu tambahkan kulit sapi yang telah di rebus -- Masukkan bahan lainnya aduk sampai merata dan tambahkan air secukupnya -- tambahkan cabai gendol dan daun kemangi -- siap disajikan"
Semur Hati Sapi,"1 / 2 kg hati sapi -- 3 siung bawang putih -- 8 siung bawang merah -- 5 biji kemiri -- 1 ruas kunyit -- 1 royco -- 1 / 2 bungkus ladaku -- 1 bunga lawang ,  kapolaga -- Sedikit pala -- 3 gelas air -- sesuai selera Kecap manis -- 1 sdt gula pasir -- Daun jeruk dan daun salam -- ","Cuci hati sapi lalu rebus 20 menit ,  setelah itu potong kotak -- Blender semua bumbu kecuali daun jeruk ,  salam ,  bunga lawang dan kapolaga -- Tumis bumbu ,  masukan daun jeruk ,  salam ,  bunga lawang dan kapolaga ,  aduk2 -- Lalu masukkan hati sapi dan beri air ,  kecap ,  royco dan ladaku ,  aduk2 -- Biarkan sampai airnya berkurang ,  sambil diaduk -- Setelah matang dan airnya berkurang ,  matikan kompor -- Nanti airnya akan meresap sendiri -- Sajikan dengan kerupuk udang sabagai pelengkap -- "
Sambel Ati Sapi,1 / 2 Kg Ati Sapi -- 3 Buah Kentang -- 2 Papan Pete -- 2 Cm Lengkuas  ( Di Geprek )  -- Secukupnya Santan  -- Garam -- Gula -- Lada Bubuk -- Bumbu Halus -- 10 Buah Cabe Merah -- 15 Buah Cabe Rawit -- 3 Buah Bawang Putih -- 4 Buah Bawang Merah -- 2 Buah Kemiri --,"Rebus Ati Sapi ,  Setelah itu potong potonh dadu -- Goreng kentang yang sudah di potong potong -- Tumis bumbu halus dan lengkuas sampai harum -- setelah harum ,  masukkan ati sapi dan santan -- Lalu masukkan kentang yang sudah di goreng dan pete -- Tambah garam ,  lada dan gula secukupnya -- Cicip dan tunggu sampai santan meresap. --  Setelah meresap ,  angkat siap disajikan"
Sop Kaki sapi rempah,1 kg kaki sapi -- 1 / 2 sdm garam -- 1 sdt gula -- 2 siung bawang putih -- 2 lbr daun salam -- 1 btg sereh lalu geprek -- 1 liter air -- 4 batang wortel iris kotak kotak ukuran sedang -- 2 buah kentang iris kotak ukuran sedang -- 1 batang brokoli ukuran sedang potong sesuai selera -- 4 lbr kol sobek2 sesuai selera -- 2 buah tomat iris kotak besar -- 2 batang seledri iris halus -- 2 batang daun bawang iris halus -- 3 siung bawang putih halus kan -- 1 siung bawang bombay cincang halus -- 1 sdt merica -- 5 biji cengkih -- 1 sdt pala bubuk -- 1 ruas kayu manis  ( kira2 3cm )   /  1sdt -- 1 blok kaldu sapi maggi -- 1 sdt gula --  Garam --  --,"Rebus kaki sapi beserta bumbu ( gula , bawang putih ,  daun salam , sereh )  dlm presto selama 15 mnit -- Setelah 15 menit matikan panci tunggu sampai uap panasnya hilang -- Rebus semua sayuran dengan air 500ml sampai empuk  ( kol dan brokoli dimasukan terakhir ya )  -- Tumis semua bumbu dengan 3sdm minyak sampai harum.. -- Setelah sayuran empuk masukan kaki sapi yang sudah di presto beserta kaldunya -- Masukan bumbu yang sudah di tumis lalu tunggu sampai mendidih -- Tambahkan kaldu blok ,  garam dan gula aduk rata -- Terakhir tambahkan seledri dan bawang daun -- Matikan api lalu masukan potongan tomat -- "
Ice cream Susu sapi,1 lt Susu sapi -- 30 gr tepung maizena -- 200 gr gula pasir -- 1 sachet skm putih -- 1 / 2 sdm SP -- Pasta rasa,"Masak Susu ,  gula ,  skm ,  Dan tepung maizena yang sudah dilarutkan terlebih dahulu dengan air hingga mendidih. Dinginkan adonan lalu masukkan ke freezer hingga beku -- Kerok adonan yang sudah beku dengan garpu. Tambahkan sp yang sdh ditim lalu mixer  15 menit hingga adonan menjadi lembut Dan mengembang -- Bagi adonan menjadi Dua. Tambahkan pasta sesuai selera. Masukkan freezer hingga beku. -- "
Burger Daging Sapi,250 gr Daging sapi giling -- 1 butir telor ayam -- 2 sdm Tepung panir -- 1 bh bawang bombay diiris kotak kecil -- Bawang putih tumbuk kasar -- secukupnya Garam -- secukupnya Merica -- secukupnya Oregano --,"Tumis bawang bombay dan bawang putih sampai harum ,  angkat lalu sisihkan -- Kocok telur lalu masukkan daging giling dan tumisan bawang ,  aduk rata -- Campur adonan dengan tepung roti ,  lalu bentuk bulat2 -- Masukkan daging burger di kukusan yang sdh diberi alas alumunium foil yang diberi mentega. Masak hingga matang. -- Beef patty alias daging burger siap diolah -- Jika ingin membuat burger ,  keluarkan beef patty dr kulkas lalu goreng memakai mentega dengan api kecil supaya panasnya merata"
Nasi Goreng Buntut Sapi,2 piring nasi putih -- 3 potong Buntut sapi -- 1 sdm mentega -- 10 buah cabe rawit -- Secukupnya garam -- Secukupnya kaldu bubuk -- Secukupnya kecap manis -- 4 siung bawang merah -- 2 siung bawang putih -- 2 buah cabe merah --,"Siapkan semua bahan. Potong Buntut sapi sesuai selera dan pisahkan dari tulangnya. Iris cabe rawit dan sisihkan -- Haluskan bumbu halus ,  panaskan mentega lalu tumis bumbu halus hingga matang dan harum. Masukan potongan Buntut sapi dan irisan cabe rawit lalu aduk hingga rata -- Setelah bumbu rata ,  masukkan nasi dan aduk lagi hingga nasi benar-benar terpisah dan tidak ada yang membulat. Tambahkan garam dan kaldu bubuk secukupnya lalu koreksi rasa -- Jika rasa sudah pas ,  tambahkan kecap manis dan aduk lagi hingga merata dan kecap menjadi matang.  ( mengaduk nasi dilakukan secara cepat agar bagian bawahnya tidak gosong ) . Setelah itu Nasi goreng Buntut sapi siap disajikan dengan taburan bawang goreng diatasnya  ( bagi yang suka )  -- "
Soto Sapi Bandung,"400 gram daging sapi  -- 1 buah lobak ukurang sedang -- Untuk bumbu halus : -- 5 buah bawang merah -- 3 buah bawang putih -- 1 sdt garam -- 1 / 2 sdt gula -- Sedikit merica -- Bumbu lainnya  ( banyak nya bisa disesuaikan selera )  : -- 1 buah batang sereh -- 4-5 buah daun jeruk -- 2 ruas Jahe -- Secukupnya garam ,  gula ,  merica ,  penyedap bila perlu -- 1 , 5 sdm kecap manis -- Bahan pelengkap soto : -- Nasi hangat -- Irisan tomat -- Irisan jeruk nipis / limau / lemon -- Irisan timun -- Irisan daun bawang dan seledri -- Irisan daun seledri  -- Bawang merang goreng -- Sambal sederhana untuk soto : -- 3 buah bawang merah -- 4 buah cabe rawit / cabe merah -- 1 buah bawang putih -- Sedikit garam ,  gula ,  minyak goreng ,  penyedap -- ","Potong daging sapi besarnya sesuai selera  -- Cuci daging sapi kemudian rebus sekitar 20-30 menit. Kemudian buang airnya ,  tiriskan dulu dagingnya selagi pancinya dibersihkan pakai air sebentar supaya lemak yang masih menempel dipanci hilang. Masukan lagi dagingnya ke dalam panci dan beri lagi air secukupnya sekitar 2-2 , 5 liter air dan lanjut masak lagi sampai daging matang dan lembut -- Selagi daging direbus ,  bersihkan kulit lobak putih kemudian iris tipis semuanya -- haluskan atau blender kasar bumbu halus ,  kemudian tumis sampai harum dan tambahkan sereh dan jahe yang sudah digeprek terlebih dahulu dan juga daun jeruk. Ikut tumis 1-2 menit dengan bumbu halus -- Masukan bumbu yang sudah ditumis ke dalam panci yang berisi daging ,  kemudian aduk dan bumbui dengan bumbu lainnya spt garam gula merica kecap manis. Ketika daging sudah empuk baru masukan irisan lobaknya dan masak sampai lobaknya matang sambil dikoreksi lagi rasanya -- Sambil menunggu lobak matang ,  kita bisa buat sambal untuk sotonya. haluskan semua bahan sampai agak halus. -- Siapkan bahan-bahan pelengkap soto spt timun ,  tomat ,  jeruk ,  daun bawang ,  bawang goreng -- Ambil mangkuk dan soto siap dihidangkan dengan bahan pelengkap"
Tumis kentang daging sapi,Bumbu : -- 1 sdm gula -- 1 sdt garam -- Penyedap  ( optional )  -- 1 sdm kecap -- 1 sdm saos sambal -- 1 / 4 sdt merica bubuk -- Bahan : -- 1 / 4 kg daging sapi -- 1 buah kentang sedang -- 3 siung bawang merah -- 2 siung bawang putih -- 2 lembar daun salam -- 2 cm lengkuas -- 1 buah tomat kecil -- 3 buah cabe merah keriting -- 3 buah cabe hijau keriting -- Segenggam cabe rawit merah campur hijau -- 1 batang daun bawang --,"Cuci daging lalu potong dadu. -- Rebus daging sampai empuk. -- Iris semua bahan. -- Potong-potong kentang. -- Goreng kentang sampai berwarna sedikit keemasan. Kalau tidak suka di goreng ,  kentang boleh di rebus. Sesuai selera saja. -- Tumis sampai harum semua bumbu kecuali tomat dan daun bawang. Tambahkan air kaldu secukupnya sisa dari merebus daging. Masukan daging dan kentang. Beri garam ,  gula ,  penyedap ,  kecap ,  merica bubuk dan saos sambal. Setelah air sisa sedikit lalu masukan tomat dan daun bawang."
Tumis buncis bakso sapi,"250 gr buncis muda ,  bersihkan ,  cuci. potong-potong -- 5 buah bakso sapi ,  potong-potong -- 3 buah cabe merah keriting ,  cuci ,  potong serong -- 4 siung bawang merah ,  iris tipis -- 3 siung bawang putih ,  iris tipis -- 1 ruas lengkuas ,  cuci lalu geprek -- 1 lembar daun salam -- secukupnya Garam -- secukupnya Gula pasir -- ","Panaskan wajan ,  tuang minyak sayur sedikit. Tumis irisan bawang merah ,  bawang putih ,  cabe merah kriting ,  lengkuas ,  daun salam. Aduk-aduk sampai wangi. -- Tuang potongan buncis dan bakso sapi ,  aduk-aduk sebentar. Tambahkan garam dan gula pasir secukupnya. Aduk kembali. -- Tambahkan sedikit air matang ,  aduk-aduk. Diamkan sebentar agar bumbu meresap. -- Setelah air agak mengering angkat ,  sajikan. -- "
Sate Daging Sapi Rempah,"250 gr daging sapi impor yang sedikit lemak , potong dadu -- 2 sdm margarin palmia garlic -- Bumbu halus -- 3 siung bawang merah -- 2 siung bawang putih -- 3 butir kemiri , sangrai -- 1 1 / 2 sdt ketumbar , sangrai -- 1 / 4 sdt jinten -- 1 ruas jari lengkuas -- 1 batang serai ,  ambil bagian putihnya , potong-potong -- 1 ruas jari jahe -- 1 ruas jari kunyit -- bumbu pelengkap : -- 1 / 2 sdt merica bubuk -- 2 sdm air asam jawa -- 3 sdm kecap manis -- 1 sdm gula jawa -- 1 sdt kaldu bubuk -- ","Siapkan semua bahan. campurkan bumbu halus dengan bumbu pelengkap dalam 1 tempat ( mangkok )  , aduk rata -- Rendam potongan daging sapi kedalam bumbu halus yang telah dicampur bumbu pelengkap selama kurang lebih 1-3 jam. Perendaman ini sangat penting ya untuk membuat bumbu meresap kedalam serat-serat daging. -- Setelah itu ,  tusuk potongan daging dengan menggunakan tusukan sate dan bakar diatas bara api atau grill pan -- oleskan permukaan grill pan dengan margarin. -- Sesekali oleskan sisa bumbu tunggu beberapa saat lalu oleskan juga margarin pada sate , panggang hingga daging berubah warnanya menjadi kecoklatan dan kering. angkat dan hidangkan. -- Sate ini bisa dihidangkan dengan bumbu kacang atau sambal kecap atau pakai acar."
Daging Sapi Rica Rica,"600 gr daging sapi -- 2 batang sereh -- 6 lembar daun jeruk -- 2 buah tomat -- 2 buah kentang ,  goreng 3 / 4 matang.  ( boleh pake atau gak )  -- Bahan yang dihaluskan : -- 15 butir bawang merah -- 2 buah cabe merah besar -- 20 buah cabe rawit -- 3 butir kemiri -- 2 jempol jahe -- 1 jempol kunyit -- secukupnya Garam ,  gula ,  lada -- ","Siapkan bahan ,  tomat potong2 kecil ,  sereh geprek ,  jahe , kunyit dan kemiri haluskan halus ,  lalu bawang merah ,  cabe merah dan rawit blender kasar. -- Sambil mempersiapkan bumbu ,  daging sapinya direbus dulu sampai setengah empuk ,  atau bisa di presto + 10 menit setelah itu daging bisa dipotong2 sesuai selera ,  air rebusan daging dipakai buat tumisan nanti ya. -- Tumis semua bumbu  ( kecuali tomat )  ,  masak sampai harum. -- Masukkan tomat ,  tumis lagi hingga bumbu setengah matang dan tomat layu. -- Masukkan daging sapi ,  aduk-aduk hingga bumbu tercampur ,  lalu tambahkan garam ,  gula ,  lada. -- Masukkan air rebusan daging sapi secukupnya ,  aduk lalu masak hingga bumbu dan air meresap. -- Terakhir masukkan kentang ,  aduk rata ,  koreksi rasa jika kurang bisa ditambahkan garam ,  gula ,  dll aduk sebentar. -- Sajikan. -- "
Bubur Sayuran dan Daging Sapi,"Beras putih -- Brokoli ,  cincang -- Wortel , cincang -- Paprika ,  cincang -- Bawang bombai ,  cincang -- Bawang putih , cincang -- Daging Sapi ,  cincang -- Minyak Wijen -- Nori  ( opsional )  -- Wijen  ( opsional )  -- ",Tumis daging sapi dengan minyak Wijen di panci. -- Setelah kecoklatan masukkan bawang putih dan bombai. -- Setelah harum masukkan beras. -- Aduk2 beberapa saat -- Masukkan semua sayuran termasuk paprika. -- Masukkan air. -- Masak sampai jadi bubur. -- Setelah masak angkat.Tuang ke mangkok. -- Remek Nori.Taburi bubur dengan nori dan wijen. --
Sop kacang merah daging sapi,300 gram Daging sapi dipotong2 dadu -- Kacang merah  ( sesuka hati mau berapa banyak )  -- 4 siung Bawang merah -- 4 siung bawang putih -- 1 butir kemiri -- 1 batang Serai di memarkan -- Jahe di iris2 -- Daun bawang diiris2 -- Daun sop -- Wortel -- Bunga Kol -- Macaroni -- Garam -- Penyedap rasa -- Lada bubuk --,"Rebus kacang merah terlebih dahulu  ( airnya harus agak banyak yaa karena kacang merah masaknya agak lama sampai kacangnya jadi lembek kalau ditusuk )  -- Sambil menunggu kacang merah masak ,  kita bikin bawang gorengnya dulu -- Dari 4 siung bawang merah tadi ambil 2 siung saja lalu iris tipis-tipis -- Kemudian panaskan minyak secukupnya dan goreng sampai agak kecoklatan dan garing -- Angkat dan tiriskan -- Setelah itu buat bumbu halusnya ya , 1 butir kemiri ,  4 siung bawang putih dan 2 siung bawang merahy dihaluskan  ( blender lebih baik )  -- Setelah itu panaskan sedikit minyak dan tumis bumbu halus tadi bersama dengan serai yang sudah dimemarkan dan jahe yang sudah di iris2. -- Jika kacang merah sudah matang ,  masukkan irisan daging sapi ,  wortel ,  bunga kol ,  macaroni dan bumbu yang sudah di tumis tadi -- Tambahkan garam , lada bubuk ,  penyedap rasa secukupnya sesuai selera -- Tunggu hingga daging sapi matang -- Taburkan daun bawang , daun sop dan bawang goreng -- SOP SIAP DISAJIKAN"
Bakso Sapi Goreng,150 gram daging sapi giling -- 1 / 2 cup tepung sagu -- 3 siung bawang putih  ( cincang halus )  -- 1 siung bawang merah  ( cincang halus )  -- 1 sdt garam -- 1 / 2 sdt gula -- 1 / 2 sdt lada -- 1 sdm minyak -- 1 sdm air dingin --,Campurkan semua bahan. Uleni. -- Bentuk bulat dan goreng dengan api kecil selama 15 menit sambil diaduk. -- Bakso sapi goreng siap dihidangkan ditemani saus sambal. Yummy. --
Cah kangkung sapi,2 ikat kangkung -- Sedikit daging sapi -- 2 siung bawang putih -- 1 butir bawang bombay -- Merica -- biji Cabe merah buang -- Kecap manis -- Saori 2 sacht -- 2 sendok makan Tepung maizena --,"Petik kangkungnya , cuci pisahkan batang dan daun nya -- Seteh itu , iris bawang putih sama bawang bombay nya bunda -- Panaskan minyak , lalu bawang'di tumis"" yah sampai harum ,  -- Masukan daging sapi yang sudah di kasih kecap manis dan saorinya ya bunda ,  tambahkan setengah gelas air ,  tepung maizena biar kental , 2sendok saja yang sudah di larutkan air -- Tumis sampai daging empuk ,  setelah itu masukan batang kangkung sampai layu sedikit ,  setelah itu tambah merica ,  masukan daun nya ,  dan koreksi ,  bisa ditambahkan cabai-Siap disajikan"
Presto tulang sapi bakso dan hati sapi bumbu semur,1 tempat tupperware bakso tulang sapi plus kuah bakso -- 200 gram hati sapi -- 1 batang serai geprek -- 2 buah bunga pala -- 2 biji cengkeh -- 1 lembar kayu manis -- Sedikit jinten hitam -- 1 ruas jahe geprek -- 1 ruas lengkuas geprek -- Bumbu halus: -- 7 siung bawang merah -- 5 siung bawang putih -- 6 buah cabe merah besar -- 6 buah chili padi -- 1 bungkus kerisik -- 3 buah kemiri -- 1 sdt ketumbar bubuk -- Secukupnya garam dan penyedap -- Secukupnya kecap -- Secukupnya air -- Sedikit minyak menumis -- 200 ml santan ayam brand --,Siapkan semua bahan. Cuci bersih dan sisihkan. -- Potong2 bumbu lalu blender sampai halus. Kemudian panaskan kuali dan tumis semua bumbu hingga harum. -- Masukkan bumbu dalam presto yang sudah ada kuah bakso tulang dan juga hati. Kemudian aduk rata. -- Tutup presto dan nyalakan api besar.setelah berbunyi desis dan berputar dari lubang presto. Maka kecilkan api. Dan tunggu presto selama kurang lebih 20 menit. -- Masakan siap disantap
Oseng sawi asin daging sapi,"Bahan : -- 3 ikat sawi asin -- 100 gram daging sapi ,  iris tipis -- 10 buah cabai rawit -- 5 butir bawang merah -- 3 butir bawang merah -- secukupnya Garam ,  gula ,  merica ,  kecap manis dan saus tiram -- ","Potong2 sawi asin ,  sisihkan -- Iris bawang merah ,  bawang putih dan cabai -- Tumis bawang merah dan bawang putih sampai harum -- Masukkan irisan daging sapi tuang sedikit air -- Masukkan sawi asin dan irisan cabai -- Beri garam ,  gula pasir dan merica secukupnya -- Tuang kecap manis dan saus tiram -- Cicipi dan siap disajikan -- "
Kalio Hati Sapi Simple,"500 gr hati sapi -- 5 siung bawang merah -- 4 siung bawang putih -- 5 butir kemiri -- 3 cabe rawit atau sesuai selera -- 1 ruas jahe -- 1 ruas lengkuas -- 2 lembar daun salam -- 1 sdt lada bubuk -- Secukupnya garam ,  gula dan kaldu jamur -- ","Cuci bersih hati sapi ,  buang air rebusan pertama. Ganti air lagi dan rebus hingga matang. Tiriskan. Setelah dingin ,  potong sesuai selera. -- Blender semua bumbu kecuali daun salam. Tumis hingga harum ,  masukkan daun salam ,  tambahkan air. -- Masukkan hati sapi ,  tambahkan air lagi. Tutup wajan hingga bumbu meresap dan air menyusut. Masukkan santan ,  lada bubuk ,  garam ,  gula dan sedikit kaldu jamur. Aduk rata. Masak hingga semua bumbu meresap dan kuah mengental. Angkat dan sajikan. -- "
Daging Sapi Tumis Bawang Bombay,250 gram daging sapi  ( tanpa lemak )  -- 5 siung bawang putih -- 6 siung bawang merah -- 6 buah cabe merah -- 1 buah bawang bombay -- 1 / 2 buah tomat -- 4 sdm kecap manis -- 2 sdm saos tiram -- 1 sdm merica -- 1 buah jeruk nipis -- secukupnya Garam -- secukupnya Air -- Minyak sayur --,"Baluri daging sapi yang telah dipotong dengan jeruk nipis selama 1 jam -- Goreng daging sapi  ( jangan terlalu kering )  ,  lalu tiriskan -- Tumis bawang merah ,  bawang putih ,  dan bawang bombay yang telah diiris-iris hingga harum -- Masukkan cabe merah yang telah diiris memanjang -- Masukkan tomat yang telah diiris -- Tambahkan air secukupnya ,  tunggu hingga mulai mendidih -- Masukkan daging sapi goreng -- Tambahkan kecap manis ,  saos tiram ,  dan garam -- Tutup kuali dan biarkan bumbu meresap pada daging -- Terakhir ,  tambahkan merica dan aduk kembali masakkan -- Koreksi rasa ,  lalu hidangkan pada mangkuk atau piring -- "
Balado bakso sapi,Bakso sapi -- Cabe merah / hijau -- Bawang merah -- Bawang putih -- Garam --,"Belah 4 bakso jangan sampai putus -- Goreng -- haluskan bumbu balado...cabe bawang merah ,  bawang putih dan garam  -- Tumis bumbu haluskan menggunakan minyak bekas goreng bakso -- setelah harum dan matang -- masukkan baksonya dan siap disajikan"
Mesere daging sapi,250 grm daging sapi -- 1 liter air utk merebus daging -- 5 siung besar bawang putih -- 3 butir bawang merah -- 3 buah cabe besar -- 5 buah cabe rawit merah -- 1 / 2 ibu jari terasi kualitas bagus -- 2 biji asam kandis -- 3 lembar daun jeruk purut --  Garam --  royco  --  diabetasol --  Minyak goreng,rebus daging sapi dan sisa kan kaldu hingga empuk dan potong2 mengikuti serat memanjang lalu suwir kasar..sisihkan -- haluskan semua bumbu kecuali garam royco diabetasol daun jeruk dan asam..sisihkan -- Panaskan penggorengan dan tumis bumbu haluskan hingga harum dan masukkan daging sapi suwir dg ditambahkan kaldu..aduk2 agar bumbu tercampur dengan daging -- Tambahkan garam royco diabetasol daun jeruk dan asam kandis..aduk2 dan tunggu hingga air menyusut dan jangan sampai kering.. -- Matikan kompor dan sajikan dalam piring saji -- Mesere daging sapi siap dinikmati --
Sumsum Sapi,"1 Tulang Sapi -- 1 / 4 kg daging sapi bag tetelan / sengkel -- 5 siung bawang merah -- 3 siung bawang putih -- secukupnya kaldu jamur -- 2 tangkai daun bawang  ( potong2 2cm )  -- 2 butir kapulaga -- 2 butir cengkeh -- 1 cm kayu manis -- secukupnya lada putih -- secukupnya garam -- 1 cm Jahe , geprek -- ","Rebus air smp mendidih , masukkan tulang sapi dan daging ,  rebus sampai lemak terangkat , lalu buang air rebusan pertama -- Rebus kembali air smp mendidih , lalu masukkan tulang sapi dan daging sampai empuk dan keluar minyaknya -- Masukkan jahe , kapulaga , cengkeh dan kayu manis -- Haluskan bawang merah dan putih , lalu tumis sebentar , masukkan kedlm rebusan tulang sapi. diamkan sampai benar2 empuk -- Masukkan kaldu jamur ,  garam dan lada , jg daun bawang. koreksi rasa. -- Diamkan lagi sampai meresap kaldunya , cicipi lalu matikan api. sajikan dengan potongan cabai rawit dan tomat merah -- "
Mie Daging Sapi Lezat,"300 gram daging sapi cincang -- 1 siung bawang bombay ,  cincang halus -- 3 siung bawang merah ,  iris -- 1 helai daun bawang ,  iris tipis -- 1 / 2 sdt merica putih bubuk -- 1 / 2 sdt merica hitam bubuk --  Kecap manis -- 2 sdm saos tiram -- 1 sdm Kecap asin --  garam --  gula pasir --  air -- 1 sdt terigu ,  larutkan dengan sedikit air -- Minyak bawang : -- 300 gram kulit ayam -- 6 siung bawang putih ,  geprek -- 100 ml minyak goreng -- Kuah : -- 1 , 5 liter air kaldu rebusan ceker dan tulang ayam -- 3 siung bawang putih geprek -- Secukupnya merica bubuk -- Secukupnya garam -- Secukupnya kaldu bubuk-B51-1 batang daun bawang ,  potong -- Pelengkap : -- Mie telur rebus -- Kecap asin -- Sawi ijo rebus -- Baso sapi rebus -- Mentimun -- Saus sambal -- Kecap -- iris Daun bawang -- Bawang merah goreng -- ","Buat daging kecap : tumis bawang bombay dan bawang putih sampai wangi ,  daging sapi cincang masak sampai berubah warna. Masukkan air dan bumbu2. Masak sampai menyusut air menyusut ,  lalu beri larutan terigu. Aduk lagi sampai rata. Selesai. -- Buat minyak bawang : dalam wajan teflon masak kulit ayam sampai kering ,  beri minyak dan bawang putih ,  biarkan sampai wangi dan menguning bawangnya. Sisihkan. -- Buat kuah : didihkan air kaldu beri bumbu lalu daun bawang  -- Penyajian : ambil 1 sdm minyak bawang ,  1 sdm kecap asin ,  sedikit merica bubuk. Taruh sawi ijo ,  mi basah ,  aduk rata. Beri toping daging kecap ,  baso dll. Sajikan dengan pelEngkap. -- "
Tetelan Sapi Tempe Masak Kecap Cabe Hijau,250 gr tetelan daging sapi -- 1 papan tempe -- Bumbu: -- 8 siung bawang merah -- 4 siung bawang merah -- 100 gr cabe hijau besar -- 1 lembar daun salam -- 1 batang sereh -- 2 cm lengkuas -- 5 sdm kecap manis -- 1 sdm gula pasir -- 1 sdt garam -- 1 / 2 bungkus kaldu bubuk  ( opsional )  --,"Rebus tetelan sapi sampai empuk ,  tiriskan ,  potong dadu. -- Potong dadu tempe lalu goreng sampai layu. -- Iris bawang merah ,  bawang putih ,  dan cabe hijau. Memarkan sereh dan lengkuas. -- Tumis bawang merah dan putih hingga layu ,  masukkan cabe hijau ,  lengkuas ,  daun salam ,  dan sereh. Aduk hingga harum. -- Masukkan tempe dan tetelan sapi ,  aduk sebentar ,  masukkan kecap manis dan sedikit air ,  aduk hingga meresap. -- Terakhir ,  masukkan gula ,  garam ,  dan kaldu bubuk. Aduk rata. Matikan kompor dan sajikan. -- "
Tongseng tetelan sapi santan,1 / 4 gram tetelan sapi -- 1 / 4 bagian kol putih -- 5 batang wortel lokal -- 1 batang daun bawang -- 2 batang serai -- 2 buah tomat -- 7 biji cabai setan -- 3 lembar daun salam -- 1 ruas lengkuas -- 1 bungkus santan kara -- Bumbu halus : -- 4 butir kemiri -- 4 siung bawang merah -- 2 siung bawang putih yang kecil -- sedikit Ketumbar -- 3 sendok makan kecap -- Minyak goreng --,"Haluskan bumbu ,  tumis sampai matang masukan air dan tetelan rebus sampai empuk -- Masukan wortel ,   rebus 15 menit setelah tetelan direbus -- Setelah keliatan empuk masukan kol ,  dan bumbu lainnya masukan santan , kecap koreksi rasa -- ï¿½ setelah mendidih ,  koreksi rasa , matikan kompor siap di hidangkan... Selamat mencobaa"
Pindang Iga Sapi Khas Palembang,"1 kg iga sapi ,  potong sesuai selera -- Air secukupnya utk merebus -- Bumbu halus : -- 8 bh bawang merah -- 5 bh bawang putih -- 4 cm kunyit -- 3 cm jahe -- 3 cm lengkuas -- 3 cm serai ambil bagian putihnya -- 5 bh cabe rawit merah -- 5 bh cabe merah -- Bahan pelengkap : -- 2 btg serai ,  geprek -- 1 ruas jari lengkuas ,  geprek -- 1 / 2 ruas jari jahe ,  geprek -- 1 btg daun bawang ,  iris memanjang -- 3 sdm air asam jawa -- 1 bh tomat ,  belah 6 -- 1 / 2 sdm gula merah bisa diganti gula putih -- secukupnya Garam dan merica -- 15 bh cabe rawit merah ,  buang buntut -- 1 sdm kecap manis -- ","Cuci bersih iga ,  kemudian rebus iga ,  beri air secukupnya sampai iga tenggelam ,  rebus hingga iga agak empuk ,  tiriskan ,  untuk kaldunya diamkan beberapa saat ,  jika sudah dingin buang lemaknya -- Tumis bumbu halus dengan sedikit minyak ,  masukkan serai ,  jahe ,  lengkuas ,  daun salam ,  tumis sampai harum -- Tambahkan air biasa sebanyak 750 ml ,  kemudian masukkan air asam jawa ,  garam dan merica ,  biarkan hingga mendidih -- Kemudian masukkan iga ,  tambahkan 750ml kuah rebusan iga terlebih dahulu lemak sudah dibuang -- Tambahkan kecap manis dan gula merah ,  aduk rata ,  biarkan iga sampai empuk ,  jika air menyusut boleh ditambahkan air sisa rebusan -- Setelah iga empuk masukkan cabe rawit ,  aduk rata ,  masukkan potongan tomat ,  aduk rata lagi kemudian koreksi rasa ,  biarkan mendidih lagi ,  masukkan daun bawang ,  aduk rata ,  matikan kompor jika sudah mendidih kembali -- Angkat dan sajikan ,  pindang iga khas palembang ini sungguh segar dan kaya akan bumbu ,  nikmat dengan ditemani nasi hangat -- Selamat mencoba -- "
Empal Sapi Asin,500 Gr daging sapi -- 6 Siung bawang putih -- 1 Sdm ketumbar -- Garam -- Gula --,"Haluskan bawang putih dan ketumbar dengan garam , rebus daging masukkan bumbu , rebus hingga daging empuk. -- Goreng dengan minyak goreng hingga kecoklatan --  angkat dan siap disajikan"
Pepes Tahu Daging Sapi,"2 buah tahu putih ukuran besar ,  rendam air panas 1 / 2 jam -- 100 gram daging sapi cincang -- 6 siung bawang putih -- 7 butir bawang merah -- 3 buah cabe merah besar -- 10 buah cabe rawit merah -- 1 ruas kecil kencur --  Garam --  Gula -- Penyedap rasa -- Daun pisang untuk membungkus -- Minyak goreng untuk menumis daging -- ","Tumis daging cincang hingga matang. Sisihkan. -- Haluskan bawang putih ,  bawang merah ,  cabe ,  dan kencur. Beri garam dan gula. -- Haluskan tahu putih. Campur dengan tumisan daging dan bumbu halus. Beri penyedap rasa. Jangan lupa tes rasa. -- Taruh 1 sdm adonan tahu ke daun pisang. Gulung lalu semat dengan tusuk gigi. -- Kukus pepesan hingga matang selama 30 menit. -- Sajikan dengan nasi putih dan sayur bayam. -- Daging sapi bisa diganti pake teri nasi. Kalo pake teri garam dikurangi biar gak terlalu asin. -- "
Kalio Daging Sapi,"1 / 2 kg daging sapi -- 1 / 4 kg kentang -- 1 batang serai -- 3 cm lengkuas  -- 1 lembar daun kunyit -- 2 lembar daun salam -- 3 lembar daun jeruk -- 2 buah cengkeh -- 3 cm kayu manis -- 3 buah kapulaga -- 2 buah kembang lawang -- 200 ml santan kental ,  400 ml santan kara -- Bumbu halus : -- 6 siung bawang merah -- 2 siung bawang putih -- 5 buah cabe merah keriting -- 5 buah cabe merah besar -- 4 buah kemiri  ( sangrai )  -- 1 sdt ketumbar  ( sangrai )  -- 1 / 2 sdt jinten  ( sangrai )  -- 3 cm kunyit  ( bakar )  -- 2 cm jahe -- ","Tumis bumbu halus dan semua rempah hingga harum ,  masukkan daging aduk2 ,  masukkan santan dan air sambil sesekali diaduk2 dengan api kecil. -- Saat daging sudah mulai empuk ,  masukkan santan kental dan kentang sambil terus diaduk2 hingga matang dan air tinggal sedikit -- angkat dan siap disajikan"
Oseng2 Kulit Sapi & Tahu,500 gram kulit sapi -- 4 biji tahu -- 2 keris pete  ( di iris sesui selera )  -- 5 biji bawang merah -- 2 siung bawang putih -- 1 / 2 biji bawang bombai -- 7 biji cabe ijo -- 5 biji cabe merah -- 4 biji cabe rawit -- 1 lembar daun salam -- 2 lembar daun jeruk -- 1 shacet saus tiram --  Kecap -- garam --  gula --,"Rebus kulit sapi hingga 5-7 menit ,  tiriskan dan lumuri minyak goreng agar tidak menyatu -- Tumis bawang merah ,  bawang putih ,  bawang bombai ,  daun jeruk ,  dan daun salam hingga harum -- Masukkan cabe ,  aduk sebentar ,  kemudian masukkan kulit sapi ,  tahu ,  saus tiram ,  kecap ,  garam dan gula -- Tunggu beberapa menit ,  kemudian angkat dan hidangkan -- "
Nasi Goreng Buntut Sapi,2 piring nasi putih -- 3 potong Buntut sapi -- 1 sdm mentega -- 10 buah cabe rawit -- Secukupnya garam -- Secukupnya kaldu bubuk -- Secukupnya kecap manis -- Bumbu halus : -- 4 siung bawang merah -- 2 siung bawang putih -- 2 buah cabe merah --,"Siapkan semua bahan. Potong Buntut sapi sesuai selera dan pisahkan dari tulangnya. Iris cabe rawit dan sisihkan -- Haluskan bumbu halus ,  panaskan mentega lalu tumis bumbu halus hingga matang dan harum. Masukan potongan Buntut sapi dan irisan cabe rawit lalu aduk hingga rata -- Setelah bumbu rata ,  masukkan nasi dan aduk lagi hingga nasi benar-benar terpisah dan tidak ada yang membulat. Tambahkan garam dan kaldu bubuk secukupnya lalu koreksi rasa -- Jika rasa sudah pas ,  tambahkan kecap manis dan aduk lagi hingga merata dan kecap menjadi matang.  ( mengaduk nasi dilakukan secara cepat agar bagian bawahnya tidak gosong ) . Setelah itu Nasi goreng Buntut sapi siap disajikan dengan taburan bawang goreng diatasnya  -- "
Tumis kentang daging sapi,Bumbu : -- 1 sdm gula -- 1 sdt garam -- Penyedap  ( optional )  -- 1 sdm kecap -- 1 sdm saos sambal -- 1 / 4 sdt merica bubuk -- Bahan : -- 1 / 4 kg daging sapi -- 1 buah kentang sedang -- 3 siung bawang merah -- 2 siung bawang putih -- 2 lembar daun salam -- 2 cm lengkuas -- 1 buah tomat kecil -- 3 buah cabe merah keriting -- 3 buah cabe hijau keriting --  cabe rawit merah campur hijau -- 1 batang daun bawang --,"Cuci daging lalu potong dadu. -- Rebus daging sampai empuk. -- Iris semua bahan. -- Potong-potong kentang. -- Goreng kentang sampai berwarna sedikit keemasan. Kalau tidak suka di goreng ,  kentang boleh di rebus. Sesuai selera saja. -- Tumis sampai harum semua bumbu kecuali tomat dan daun bawang. Tambahkan air kaldu secukupnya sisa dari merebus daging. Masukan daging dan kentang. Beri garam ,  gula ,  penyedap ,  kecap ,  merica bubuk dan saos sambal. Setelah air sisa sedikit lalu masukan tomat dan daun bawang."
Tumis buncis bakso sapi,"250 gr buncis muda ,  bersihkan ,  cuci. potong-potong -- 5 buah bakso sapi ,  potong-potong -- 3 buah cabe merah keriting ,  cuci ,  potong serong -- 4 siung bawang merah ,  iris tipis -- 3 siung bawang putih ,  iris tipis -- 1 ruas lengkuas ,  cuci lalu geprek -- 1 lembar daun salam --  Garam --  Gula pasir -- ","Panaskan wajan ,  tuang minyak sayur sedikit. Tumis irisan bawang merah ,  bawang putih ,  cabe merah kriting ,  lengkuas ,  daun salam. Aduk-aduk sampai wangi. -- Tuang potongan buncis dan bakso sapi ,  aduk-aduk sebentar. Tambahkan garam dan gula pasir secukupnya. Aduk kembali. -- Tambahkan sedikit air matang ,  aduk-aduk. Diamkan sebentar agar bumbu meresap. -- Setelah air agak mengering angkat ,  sajikan. -- "
Mun Tahu Daging Sapi,"250 gr Daging Sapi cincang -- 2 buah tahu sutera -- 3 siung bawang putih ,  cincang halus -- 2 batang daun bawang ,  potong2 -- 4 cm jahe ,  geprek -- 3 sdm minyak wijen -- 1 sdm saos tiram -- 1 sdm kecap manis -- 1 sdt kecap maggi -- 1 sdt saos raja rasa -- 1 sdt garam -- Secukupnya gula ,  merica / lada -- Secukupnya kaldu jamur / maggi blok -- 2 sdm maizena  ( di larutkan dengan air )  -- Secukupnya air -- ","Panaskan minyak wijen lalu tumis bawang putih yang telah di cincang halus dan jahe yang telah di geprek sampai harum -- Masukan daging cincang ,  aduk sebentar sampai agak berubah warna. Lalu tambahkan air sedikit  ( kurang lebih 100-200cc )  -- Masukan tahu sutera yang telah di cincang dan daun bawang yang sudah dipotong2. -- Masukan saos tiram ,  kecap manis ,  kecap maggi ,  saos raja rasa ,  garam ,  gula ,  merica / lada ,  kaldu jamur. Lalu aduk. Tambahkan larutan maizena ,  aduk sampai matang dan mengental. -- "
Sup Brenebron Daging Sapi,"250 gram daging sapi ,  potong dadu dan cuci bersih -- 150 gram kacang merah aka kacang brenebron ,  rendam 3 jam -- 2 buah kentang ,  kupas lalu potong dan cuci bersih -- 3 batang wortel ,  kupas lalu potong dan cuci bersih -- 1 buah tomat ,  cuci dan potong potong -- 2 batang seledri -- 2 batang daun bawang -- secukupnya bawang goreng -- secukupnya air -- 1 sdm minyak sayur -- bumbu di haluskan : -- 4 siung bawang putih -- 1 sdt pala bubuk -- 1 sdt merica -- secukupnya garam -- secukupnya gula pasir -- ","Tumis bumbu hingga harum ,  masukkan ke dalam panci dan beri air. masukkan daging sapi. rebus hingga setengah empuk. lalu masukkan kacang merah ,  wortel dan kentang. biarkan hingga empuk. koreksi rasa. masukkan tomat , daun bawang dan seledri. -- Jika sudah enak angkat. beri bawang merah goreng. sajikan selagi hangat."
Pindang tulang sapi,500 gr tulang sapi -- 2 lmbr daun salam -- 1 btng serai -- 2 cm Laos  ( di geprek )  -- 1 bh tomat  ( potong 4 )   /  air asam jawa 1 sdm -- Royco sapi  /  garam -- Bumbu halus : -- 3 siung bawang putih -- 7 siung bawang merah -- 1 cm jahe -- 1 cm kunyit bakar -- 10 bh cabe rawit merah --,"Rebus tulang sapi sampai air berkurang 1 / 2  laos -- Tumis bumbu halus  daun salam  serai -- Masukan tumisan kedalam air rebusan tulang ,  masukan irisan tomat  ( bisa di ganti air asam jawa )   Royco sapi -- Hidangkan selagi hangat -- "
Gulai kepala sapi,"700 gr kepala sapi -- 3 sdm minyak goreng -- 3 btr  kapolaga -- 3 btr cengkih -- 4 cm kayu manis -- 5 cm lengkuas iris tipis dan memarkan -- 2 btg serai memarkan -- 4 lbr daun jeruk -- 1 liter  santan dati 3 / 4 btr kelapa -- 1 sdt air asam jawa -- Secukupnya gula garam sesuai selera -- Bumbu halus: -- 5 bh cabai merah -- 10 bh bawang merah -- 4 siung bawang putih -- 4 btr kemiri bulat ,  sangrai -- 2 cm jahe -- 2 cm kunyit ,  bakar / goreng -- 2 sdm ketumbar sangrai -- 1 sdt jinten sangrai -- 1 / 2 sdm merica sangrai -- 1 / 4 sdt adas -- ","Didihkan air ,  lalu rebus kepala sapi kurang lebih 10 menit ,  buang air rebusan lalu cuci daging. Rebus kembali hingga setengah empuk. Lalu potong potong ukuran sesuai selera. Masukan kembali kedalam air rebusan. Sisihkam -- Tumis bumbu halus hingga benar bena matang ,  tuang kedalam rebusan daging bersama bumbu rempah. -- Masak daging hingga empuk. Kalau air menyusut tambahkan lagi air panas secukupnya. -- Masukan santan dan air asam jawa ,  masak hingga hingga mendidih dan santan berminyak. Koreksi rasa. -- Siap dihidangkan bersama nasi ,  sambal rawit dan acar -- "
Krengseng tulang sapi,1 / 2 kg tulang sapi -- 1 sdm petis -- 2 sdm kecap manis -- Bumbu yang dihaluskan: -- 4 siung bawang merah -- 2 siung bawang putih -- 1 sdm merica -- 1 buah tomat -- 5 cabe rawit  ( sesuai selera masingÂ² )  -- 3 cabe merah -- Kunyit -- Jahe -- Secukupnya gula merah dan garam --,"Tumis bumbu halus sampai harum -- Masukkan tulang / daging sapi dan tumis sampai pucat -- Tambahkan air panas dan kecap ,  aduk rata lalu tutup. Tunggu sampai air sedikit menyusut  ( kurleb 40menit kalo tulang ,  30menit kalo daging )  -- Baru masukkan petis ,  adukÂ² sampai rata -- Tutup kembali dan sekali2 diaduk agar tidak gosong. Tunggu sampai air menyusut. Jangan lupa cek rasa yaa. Lalu sajikan"
Nasi Kebuli Daging Sapi  ( Magic Com ) ,"4 cup beras  -- 1 / 4 kg daging sapi ,  potong dadu -- 500 ml air  ( sesuaikan dengan beras ,  nasi kebuli mawur )  -- Bumbu Halus : -- 4 siung bawang putih -- 6 siung bawang merah -- 2 ruas kunyit -- 1 / 2 sdt lada bubuk -- 1 / 2 sdt ketumbar bubuk -- secukupnya garam -- Bumbu Lain : -- 4 sdm bubuk kari -- 1 bungkus bumbu kari instan  -- 2 batang kayu manis -- 4 sdm minyak sayur -- 3 sdm margarin -- ","Rebus daging sapi hingga empuk ,  buang airnya. -- Haluskan bawang merah & bawang putih. Tumis bersama dengan margarin ,  lada bubuk ,  ketumbar bubuk ,  kunyit bubuk ,  bumbu kari instant & bubuk kari. Aduk rata. -- Tambahkan air ,  aduk rata & masak hingga mendidih. -- Masukkan daging sapi ,  aduk lagi & masak hingga 1 / 2 matang. Matikan kompor. -- Cuci bersih beras. Lalu masukkan daging sapi berserta kuahnya. Aduk rata. Nyalakan tombol cook. Biarkan hingga matang. Sajikan."
Gulai tunjang  ( gulai kaki sapi ) ,"1 / 4 kaki sapi -- 500 gr santan -- Bumbu halus : -- 1 ruas lengkuas -- 1 ruas jahe -- 1 ruas kunyit -- 3 butir kemiri -- 5 siung bawang merah -- 1 siung bawang putih -- 1 ons cabe merah keriting -- Secukupnya garam -- Pelengkap : -- 2 lembar daun salam -- 1 lembar daun kunyit -- 2 buah asam kandis -- 1 batang serai ,  geprek -- ","Didihkan air masukkan tunjang / kaki sapi ,  beri garam. Didihkan kembali kecilkan api ,  masak hingga tunjang agak empuk. Angkat sisihkan. -- Haluskan bumbu. Masukkan bumbu dalam air sisa rebusan tunjang ,  tambahkan santan dan pelengkap ,  didihkan. Setelah mendidih masukkan tunjang kedalam bumbu ,  masak hingga bumbu meresap dan tunjang empuk. Koreksi rasa. Jika sudah okey... angkat sajikan. -- Sajikan"
Resoles beef moza,Bahan Kulit Resoles -- 1 Cup Susu Cair -- 1 buah telur -- 2 Cup Tepung Terigu Serbaguna  ( aq pakai segitiga biru )  -- 2 tbsp butter yang dilelehkan -- Bahan Isian Resoles -- 500 gram Daging Sapi Cincang -- 3 Batang Wortel -- 2 Siung Bawang Bombay -- 2 batang daun bawang -- 4 buah telur rebus -- 1 Kotak keju Moza -- 2 buah Kentang Rebus yang dihaluskan -- 2 sdt garam -- 1 sdt merica -- 4 batang seledri -- 1 / 2 cup susu cair -- Bahan Menggoreng Resoles -- 1 Buah telur -- 1 cup tepung roti -- Minyak goreng --,"Membuat kulit resoles -- Campurkan semua bahan untuk membuat kulit resoles diaduk sampai rata. -- Cetak menggunakan teflon sedang. Aq pakai teflon kualik jadi lebih mudah. Oh yea jangan lupa apinya kecil aja. -- Bahan isian. Tumis bawang bombay cincang ,  kemudian setelah harum masukan wortel cincang. -- Masukkan 500 gram daging cincang masak sampai daging agak kecokelatan. Masukkan garam -- Masukkan kentang rebus kemudian masukan 1 / 2 cup susu cair -- Tunggu sampai airnya sedikit kemudian masukan seledri dan daun bawang. -- Masukan merica bubuk. Kemudian diaduk sampai rata -- Setelah jadi kulit resoles semua sekarang ambil satu kulit resoles kemudian diolesi telur -- Masukan isian resoles yang sudah dimasak kedalam kulit resoles -- Masukan keju moza dan telur rebus -- Digulung dan diolesi telur --  -- Masukan ke dalam tepung roti -- Setelah semua ready goreng dengan minyak panas dan sampai terendam. -- Hidangkan dengan cocolan saus atau dengan cabe rawit -- "
Rendang Daging Sapi,1 kg daging sapi potong potong  ( ukuran sesuai selera )  -- 2 kaleng santan cair ( @800ml )  -- 5 siung bawang merah diiris tipis tipis -- 2 siung bawang putih diiris tipis -- Garam -- Merica -- Kaldu sapi -- 2 lbr daun jeruk -- 1 lbr daun salam -- 1 sdm kunyit bubuk -- 4 buah cabe kering iris tipis --,"Tumis bawang merah dan putih hingga harum. Masukkan daun jeruk dan daun salam aduk hingga rata. Tambahkan cabe kering aduk kembali. Setelah semua bahan layu dan harum ,  masukkan garam ,  merica ,  kunyit bubuk dan kaldu sapi. Aduk hingga rata. -- Setelah seluruh bahan tercampur rata ,  tambahkan santan cair dan aduk kembali. -- Masukkan daging sapi sebelum santan mendidih ,  agar tekstur daging tidak rusak. Aduk hingga rata dan aduk secara perlahan hingga santan mendidih. -- Proses hingga santan mulai mengering akan ditandai dengan warna santan menjadi lebih gelap dan muncul banyak minyak dari santan tersebut. -- Disini waktu yang dibutuhkan hingga santan mulai menjadi kental sekitar 2 jam dengan api sedang dan kompor listrik. -- Cek rasa sambil diaduk. -- Rendang siap dihidangkan. -- "
Bacem Jeroan Sapi,1 / 4 kg paru sapi -- 1 / 2 kg babat sapi -- 2 Liter air kelapa -- 12 siung bawang merah -- 9 siung bawang putih -- 3 butir kemiri -- 6 lembar daun salam -- 3 keping kecil gula merah -- 1.5 sdm ketumbar -- 1 sdm merica -- 4.5 sdm kecap manis -- 1 / 4 sdt asam jawa -- 1 ruas lengkuas -- 1 ruas jahe -- Secukupnya garam -- Secukupnya minyak goreng --,"Haluskan bawang merah ,  bawang putih ,  ketumbar ,  merica ,  kemiri. Kemudian geprak lengkuas dan jahe. -- Panaskan air biasa hingga mendidih. Kemudian masukkan jerohan yang sudah dicuci beserta 3 lembar daun salam dan jahe geprek. Rebus kurang lebih 20menit untuk menghilangkan darah dan bau amis. Jika sudah ,  tiriskan dan potong sesuai selera. -- Panaskan air 1 liter air kelapa hingga mendidih kemudian masukkan bumbu halus ,  3 lembar daun salam ,  dan lengkuas geprek ,  jeroan yang sudah dipotong2 ,  gula merah ,  garam ,  dan kurang lebih 3 sendok air larutan asam jawa. Rebus hingga hampir asat. -- Tambahkan 1 liter air kelapa sisanya ,  dan kecap. Kemudian ungkep sampai daging empuk. Masak menggunakan api kecil saja. -- Jika sudah ,  goreng jeroan dengan sedikit minyak dan sebentar saja. Siap disajikan"
Paru sapi pedas,"500 gr paru sapi -- 1 buah jeruk nipis -- 1 sdm saos tomat -- 1 sdm saos cabe -- 1 sdt saos tiram -- 1 sdt saos raja rasa -- bumbu halus : -- 5 siung bawang putih -- 10 siung bawang merah -- 1 cm jahe -- 1 cm kunyit -- 1 / 2 sdt ketumbar -- 1 / 2 sdt butir merica -- 10 biji caberawit -- 5 biji cabe merah besar -- secukupnya garam ,  gula -- secukupnya kaldu bubuk sapi -- ",Cuci besih paru potong sesuai selera ketebalan kiraâ 1cm beri perasan jeruk nipis dan diamkan - 15mnt -- Setelah 15mnt unkep dengan cara panaskan wajan dengan sedikit minya lalu unkep paru sampai luarnya agak kering -- Setelah itu tumis bumbu halus sampaik harum masuk kan ke 4macam saos tadi juga kaldu bubuk garam juga gula aduk2 lalu beri air 500ml dan masak biarkan mendidih lalu tes rasa ttup sampai air benar2 menyusut dan fenderung kental kemuidan angkat dan siap di sajikan --
Roast Beef Dilamo Sambal Matah,100 gr daging roast beef dilamo -- secukupnya Garam -- secukupnya Lada putih -- Minyak untuk menumis -- Air matang -- Sambal matah : -- secukupnya Irisan Bawang merah -- secukupnya Irisan Bawang putih -- secukupnya Tomat Potong kecil   ( buang bijinya )  -- secukupnya Irisan daun jeruk   ( buang tulang daunnya )  -- secukupnya Irisan cabe rawit domba -- secukupnya Perasan air lemon -- Minyak panas -- Garam --,"Sambal matah : campur semua bahan di wadah kecil ,  beri perasaan lemon dan minyak panas. Sisihkan -- Tuangkan minyak goreng ke wajan ,  masukkan daging roast beef dilamo. Aduk sedikit sambil diberi garam & merica. Beri air sedikit ,  aduk ,  tunggu hingga susut. Koreksi rasa. -- Masukan sambal matah secukupnya ke dalam wajan ,  aduk. Koreksi rasa. Sajikaan dipiring -- "
Daging Sapi Saus Tiram,"250 gram daging sapi  ( yang sudah direbus ,  potong dadu )  -- 1 buah bawang bombay -- 2 buah bawang putih -- 7 buah cabe rawit -- 1 bungkus saori saus tiram -- 1 sendok kecap manis -- Garam -- Gula jawa -- ","Potong- potong bawang putih dan bawang bombay -- Tumis bawang putih ,  bawang bombay dan cabe rawit. Tambahkan garam dan gula jawa. -- Masukkan daging sapi yang sudah direbus agar dagingnya sudah empuk. Lalu tambahkan kecap manis dan saori saus tiram. Tambahkan sedikit air. -- Koreksi rasa dan daging sapi saus tiram praktis dan sederhana siap disajikan. -- "
Soto Betawi Daging Sapi,300 gr daging sapi cuci bersih lalu potong dadu -- 2 batang serai  ( geprek )  -- 6 lembar daun jeruk -- 4 lembar daun salam -- 2 butir kapulaga -- 4 butir cengkeh -- 2 batang kayu manis -- 2 blok kaldu sapi  -- 100 ml santan  ( 20ml santan kara  air )  -- 6 sdt gula pasir -- 1 sendok teh garam -- Bumbu halus : -- 11 siung bawang merah -- 8 siung bawang putih -- 1 / 2 sdt jinten -- 4 butir kemiri -- 6 buah cabe kriting -- 4 buah cabe rawit -- 1 ruas kunyit -- 1 ruas lengkuas -- 1 ruas jahe -- 1 sdt lada bubuk -- 1 sdt ketumbar bubuk --,"Rebus potongan daging sampai empuk lalu ambil 500ml air rebusan ditambah 2blok kaldu sapi -- Tumis sereh ,  daun salam dana daun jeruk sampai keluar aroma lalu masukan bumbu halus aduk sampai wangi -- Masukan daging sapi yang sudah di rebus lalu masukan air kaldu ,  santan ,  kapulaga ,  kayu manis dan cengkih beri gula dan garam -- Masak jangan sampai santan pecah --  koreksi rasa -- Setalah matang bisa ditambahkan daun bawang ,  telur dan bahan pelengkap lainnya"
Pentol Daging Sapi,"1 / 4 Kg Daging Sapi  ( 250 gr )  -- 3 Sdm Tepung Kanji  /  Tapioka -- 1 Sdm Bawang Merah Goreng -- 1 Sdm Bawang Putih Goreng -- 2 Sdt Gula Pasir -- 1 Sdt Ladaku Bubuk -- 1 Sdm Baking Powder -- Secukupnya Garam -- 1 Butir Telur -- Secukupnya Es Batu ,  Hancurkan Dahulu -- ","Potong daging berbentuk dadu-dadu berukurang sedang.. -- Masukkan daging ,  es batu ,  bawang merah dan bawang putih goreng kedalam blender. Hancurkan sampai adonan lembut. -- Tuang ke wadah. Masukkan gula ,  garam ,  merica bubuk ,  tepung kanji ,  baking powder dan telur. Aduk hingga merata. -- Panaskan air ,  sampai mendidih. Beri beberapa tetes minyak pada air didihan tadi. Cetak pentol sesuai ukuran. -- Tunggu pentol hingga melayang diatas air mendidih ,  pertanda pentol sudah matang dan siap di sajikan. -- "
Sapi Cabe Hijau,"250 gr daging sapi -- 1 / 2 siung bawang bombay -- 5 siung bawang merah -- 2 siung bawang putih -- 10 bh cabe ijo keriting -- 5 bh cabe rawit -- 2 sdm saus tiram -- 1 / 2 sdt garam ,  gula pasir ,  merica bubuk ,  kaldu bubuk -- 50 ml air -- ","Iris tipis daging. Iris bawang merah ,  bawang putih ,  bawang bombay dan cabe. -- Tumis bawnag merah ,  bawang bombay dan bawang putih sampai harum. -- Lalu masukkan potongan cabe ,  aduk rata. -- Masukkan potongan daging sapi. -- Aduk rata tambahkan air ,  garam ,  gula pasir ,  kaldu bubuk dan merica bubuk. Aduk2 sebentar sampai bumbu merata. -- Diamkan sampai bumbu meresap dalam daging ,  aduk2 perlahan sampai kuahnya tinggal sedikit. Koreksi rasa. -- Siapkan nasi dalam mangkok kemudian tata daging di atas nasi. Sapi cabe hijau siap dihidangkan selagi hangat.  -- "
Sapi Lada hitam,1 buah paprika hijau -- 1 buah bawang bombay -- 5 siung bawang putih -- secukupnya Cabe merah -- Jahe -- Daun jeruk -- Lada hitam bubuk atau kasar dihaluskan -- Daun bawang -- Saos tiram -- Garam -- Air -- 1 / 4 kg Daging sapi --,"Iris semua bumbu -- Goreng daging setengah matang supaya empuk -- Tumis semua bumbu -- Masukkan daging ,  kecap ,  saos tiram ,  garam ,  dan air. Cek rasa -- Masak sampai matang. -- "
Selad beef homemade,1 kg daging sapi giling -- 7 siung bawang putih -- secukupnya Merica -- 1 bh bawang bombay --  Garam --  Gula --  Cuka -- Kecap manis -- Daun selada -- Mentimun segar -- Wortel rebus -- Buncis rebus -- 2 bh tomat segar -- Kentang goreng -- Mayones -- Tepung maizena --,"Campur daging giling , bawang putih  ( dihaluskan )  , garam , tepung maizena , bawang bombay cincang , gula , merica  ( dihaluskan )  ,  -- Setelah tercampur , koreksi rasa , baluri dengan kecap manis , lalu di grill / panggang di teflon anti lengket , masak hingga matang -- Selanjutnya buat kuah selad nya ,  cuka / air asam jawa , campur dengan gula , bawang putih halus , garam , kecap manis  ( sedikit )  masak diatas api kecil , koreksi rasa.setelah matang , tata beef di piring saji , dengan sayur mayur , tata seperti gambar , lalu siram dengan kuah cuka asam manis ,  kasih mayones.silahkan mencoba. -- "
Sop usus sapi,1 / 4 kg usus sapi -- 1 buah wortel -- 1 / 4 kg kol -- 1 buah tomat -- 1 tangkai daun bawang -- 2 tangkai daun seledri -- Bumbu: -- 5 siung Bawang putih -- 3 siung Bawang merah -- 1 bungkus Ladaku -- 1 bungkus Masako rasa sapi -- secukupnya Minyak goreng -- secukupnya Air --,"Cuci bersih usus sapi lalu rebus sebentar kurang lebih 15 menit. Lalu potong potong cuci tiriskan. -- Cuci dan potong semua sayuran. Tiriskan -- Iris tipis bawang merah lalu goreng. Tiriskan -- Haluskan bawang putih. Tumis sampai harum lalu masukkan air. -- Setelah air mendidih masukkan wortel dan kol. Jika sudah setengah matang masukkan usus ,  ladaku dan masako. -- Masak hingga matang. Tes rasa. Matikan kompor. Masukkan daun bawang ,  daun seledri ,  dan tomat. -- Siap sajikan -- "
Risoles Beef Cheese Mayo,Bahan kulit : -- 150 gr tepung terigu  -- 350 ml susu cair full cream  -- 1 butir telur  1 kuning telur  -- Sejumput garam  --  margarin ð§ -- Bahan isian : -- smoke beef  --   keju  --  Mayonaise  --  minyak goreng  --,"Campur tepung ,  telur ,  garam dan susu dan aduk hingga merata. -- Panaskan teflon yang sudah diolesi margarin ,  dadar adonan per layer2 tipis hingga habis. -- Siapkan bahan isian ,  iris2 keju dan smoke beef. -- Isikan keju ,  smoke beef dan mayonaise kedalam kulit risol ,  lalu gulung seperti amplop. -- Setelah semua sudah digulung ,  celupkan ke putih telur lalu balurkan tepung roti. Simpan dalam kulkas kira-kira 1 jam. -- Goreng dengan api sedang hingga kecoklatan dan sajikan. -- "
Sup kikil sapi kuah bening,1 kg kikil sapi  ( presto )  -- 3 buah wortel lokal  ( potong korek api tebal  / sesuai selera )  -- 2 helai daun bawang -- 2 helai daun salam  ( kalo bisa yang masih basah / baru di petik )  -- Bumbu halus :: -- 7 siung bawang putih -- 1 sdt pala bubuk -- 1 sdt merica -- Pelengkap :: -- Daun seledri iris tipis -- Bawang goreng -- Jeruk nipis -- Sambal cabe rawit --,"Presto kikil sapi sampai lunak... Sambil nunggu kikil lunak kita siapin bumbu bumbunya... -- Tumis bumbu halus.... Didihkan air setelah mendidih masukan daun bawang ,  bumbu halus.... -- Setelah kikil empuk masukan kikil ke dalam air mendidih yang sudah di isi dengan bumbu halus ,  masukan daun salam wortel , garam... -- Setelah dirasa empuk dan sudah tes rasa ,  mari kita sajikan dengan taburan bawang goreng ,  seledri ,  perasan jeruk"
Kikil sapi lombok ijo,1 bks kikil -- 5 biji cabe besar hijau -- Bumbu : -- 3 cm jahe geprek -- 2 cm lengkuas geprek -- 5 siung bawang putih iris2 -- 3 siung bawang merah iris2 -- 1 sdt garam -- 3 sdm gula pasir -- 3 biji cabe rawit -- 3 sdm kecap manis -- 1 sdm kaldu bubuk sapi --,"Cuci kikil ,  potong2. Tumis bumbu hingga layu ,  masukan kikil dan sedikit air serta gula ,  garam ,  kaldu dan kecap aduk merata sampai bumbu meresap ,  masukan irisan cabe hijau aduk sampai rata ,  koreksi rasa dan siap disajikan. -- "
Bakso sapi oatmeal,100 gram daging sapi giling -- 2 sdm tepung oatmeal  ( oatmeal diblender )  -- 1 sdt kaldu sapi bubuk  ( koala )  -- Sejumput kaldu jamur -- Sejumput garam -- Sejumput merica -- Sepanci air --,"Didihkan air. Kecilkan api sampai hampir mati. -- Campur semua bahan ,  bulat-bulatkan. Masukkan ke dalam air mendidih. -- Angkat jika sudah mengapung. -- "
Tumis Sawi Baso Sapi,1 / 2 Sawi Putih -- 4 buah Baso Sapi -- 5 siung Bawang Merah -- 3 siung Bawang Putih -- 3 buah Cabe Rawit Merah -- 1 lembar Daun Salam -- Secukupnya Gula -- Secukupnya Garam -- Secukupnya Royco rasa sapi -- 1 sendok teh mentega -- 1 1 / 2 gelas air matang --,"Iris sawi lalu cuci bersih -- Cuci bersih bawang merah ,  bawang putih ,  cabe rawit lalu iris tipis  ( btw aku kehabisan daun salam )   -- Belah 2 baso ,  lalu iris tipis -- Tumis bawang merah , bawang putih dan daun salam  ( kalau ada )  sampai harum ,  lalu masukkan cabe rawit ,  masukkan garam dan gula secukupnya -- Masukkan potongan baso sapi ,  aduk terus sampai baso sapi agak mengembang dan bumbu meresap ,  lalu tambahkan air dan royco sesuai selera -- Masukkan mentega -- Setelah mendidih ,  masukkan sawi -- Aduk2 sebentar lalu angkat -- Sajikan selagi panas -- "
Dendeng Sapi Balado,1 pack daging dendeng olahan -- 2 buah kentang besar -- resep dendeng bikin sendiri sebelum di goreng: -- 200 gr daging sapi -- 4 siung bawang putih -- 1 / 2 sdt merica -- 1 sdt garam -- bumbu tumbuk kasar untuk menumis : -- 4 buah cabe merah besar -- 4 buah cabe rawit merah  ( sesuai selera )  -- 4 siung bawang merah -- 1 buah tomat -- secukupnya gula -- secukupnya garam --,daging sapi di rebus lalu di iris tipis dan di tumbuk di atas bumbu dendeng lalu goreng hingga matang. -- Goreng kering daging dan kentang  -- Tumbuk kasar bumbu halus. -- Tumis bumbu hingga harum masukkan garam gula  ( boleh pakai penyedap )  tes rasa. terakhir masukkan kentang dan daging dendeng aduk2 hingga rata. masak sebentar angkat. -- Sajikan dan selamat mencoba.
Dendeng basah Daging sapi,1 / 4 daging sapi Bahan tumis : -- secukupnya Cabai -- 1 buah Tomat -- 4 siung bawang merah -- 3 siung bawang putih -- secukupnya Minyak goreng -- âï¸bumbu rebus daging : -- secukupnya Ketumbar -- secukupnya Kunyit -- 1 sachet Lada bubuk -- 1 batang serai -- 1 daun jeruk -- 1 daun salam -- secukupnya Garam -- secukupnya Air --,"Cuci daging ,  iris tipis... Siapkan air untuk merebus daging. haluskan bumbu rebus daging ,  setelah air mendidih masukan bumbu rebusnya.. Masukkan daging ,  rebus sampai dirasa daging nya empuk... -- Setelah daging dirasa empuk ,  angkat tiriskan. Dan goreng setengah matang -- Bahan tumis di haluskan kasar saja. Tidak perlu terlalu halus.. Kemudian di tumis sampai wangi.. Beri air bekas rebusan daging sedikit saja. Biarkan smpai air sedikit menyusut.. Tambahkan garam ,  gula ,  kaldu bubuk -- Koreksi rasa sampai dirasa pas dilidah -- "
Daging Sapi Terik,1 Kg Daging sapi -- Bumbu Halus -- 5 Biji Cabai besar -- 15 Biji Cabai Rawit -- 5 Siung Bawang putih -- 10 siung Bawang merah -- 10 Biji Kemiri -- 2 Batang Sereh -- 3 Lembar Daun Salam -- Daun Jeruk -- 1 Ibu Jari Laos -- 3 Sendok Kecap Manis -- Secukupnya santan --,"Haluskan Semua bumbu -- Tumis bumbu daun sereh ,  lengkuas geprek ,  daun salam -- Kemudian masukkan santan -- Masukkan daging sampai empuk kurleb 30 menit  ( ungkep )  -- "
Sapi Saus Oriental,1 / 2 kg Daging Sapi tanpa lemak --  brokokoli / kol / buncis.  -- 3 buah cabai hijau besar -- Bumbu halus: -- 5 siung bawang putih -- 1 / 2 sdt ketumbar bubuk -- 5 buah cabai rawit merah  ( sesuai selera )  -- 3 cm jahe -- Sauce : -- 5 sdm saus tomat -- 2 sdm kecap inggris --  Garam --  Gula pasir --  Cuka --  Minyak goreng untuk menumis bumbu halus --  Air --,"Daging sapi dipotong kecil lalu dimasukan pada air mendidih. Rebus sekitar 2 jam  ( sampai empuk ) .Lalu tiriskan. Ingat ,  jangan memasukan daging pada air yang belum mendidih saat proses merebus ,  karena akan membuat daging alot atau keras -- Sayuran dan cabai diiris tipis lalu sisihkan -- Panaskan minyak goreng di wajan anti lengket lalu masukan bumbu halus , tumis sampai harum dan berwarna kecoklatan muda -- Masukan saus tomat dan kecap inggris lalu aduk ,  lalu masukan daging sapi yang sudah direbus hingga matang ke dalam tumisan saus ,  aduk hingga rata -- Tambahkan air sedikit demi sedikit lalu masukan sayuran dan cabai. Masukan garam , gula dan cuka secara bergantian sambil dicicipi. Tumis kembali hingga sayuran matang. Lalu angkat dan siap disajikan. -- "
"Paru Sapi Crispy ""non MSG""",1 / 4 kg paru sapi -- 5 siung bawang putih -- 1 / 2 ruas ibu jari kunyit -- 2 sdm ketumbar -- 1 / 4 sdt jinten -- 1 sdm gula pasir --  Minyak goreng --  Tepung terigu --  Garam --  Air --,"Paru sapi dicuci hingga bersih ,  lalu tiriskan -- Semua bumbu dihaluskan -- Siapkan air dalam panci ,  lalu dimasak hingga mendidih. Setelah mendidih masukkan paru sapi ,  dimasak sampai berubah warna dari kemerahan hingga menjadi warna kecoklatan. Lalu tiriskan. Setelah itu diiris tipis-tipis sesuai selera -- Kemudian paru sapi yang sudah diiris tipis-tipis dilumuri bumbu halus ,  simpan didalam kulkas kurang lebih 1 jam  ( sampai bumbu meresap )  -- Setelah itu paru sapi yang sudah dikasih bumbu dibalur dengan tepung terigu. Siapkan minyak panas lalu goreng hingga matang -- Paru goreng tepung siap disajikan -- "
Paru sapi rica rica,1 / 2 kg paru sapi -- Bumbu geprek: -- 1 btg serai -- 2 lbr daun salam -- 2 lbr daun jeruk -- Bumbu halus : -- 6 bawang merah -- 2 bawang putih -- 1 ruas kunyit -- 2 ruas jahe -- 1 sdt ketumbar -- 1 buah tomat -- 5 cabai keriting -- 10 cabai rawit merah -- 1 / 2 sdt mrica -- secukupnya Garam n gula -- Pelengkap : -- Kemangi --,"Cuci bersih paru ,  rebus sebentar tiriskan dan potong2 -- Tumis bumbu halus ,  masukkan bumbu geprek dan tambahkan sedikit air masak hingga mendidih -- Kemudian masukkan paru tambahkan garam dan gula masak hingga matang -- Tambahkan kemangi ,  koreksi rasa. dan matikan api -- Paru sapi rica2 siap di hidangkan -- "
Balado kulit sapi pedas,1 / 4 kg kulit sapi -- 3 buah cabe tanjung besar -- 4 siung bawang putih -- 3 siung bawang merah -- 1 / 2 sdm garam -- 1 / 4 potong Gula merah -- 7 buah cabe gendot -- 1 buah tomat --  air --,"Cuci bersih kulit sapi ,  potong2 kecil ,  rebus sebentar ,  sisihkan. -- Haluskan bumbu2 kecuali tomat dan cabe gendot. -- Tumis hingga harum beri sedikit air. Masukkan kulit nya aduk2 ungkep. Tambahkan tomat dan cabe aduk rata ungkep lg tunggu meresap. Tes rasa. -- siap disajikan"