Title,Ingredients,Steps,Loves,URL
Lumpia udang kulit tahu,50 gram ayam potong kotak kecil -- 200 gram udang besar potong kecil -- 1 lembar daun bawang iris halus -- 1 / 2 sendok teh garam halus / sesuai selera -- 1 / 2 sendok teh gula -- 1 / 4 sendok teh merica bubuk -- 1 sendok teh kecap ikan -- 1 sendok teh saus raja rasa -- 1 sendok teh saus tiram -- 1 sendok teh minyak wijen -- 1 sendok makan tepung sagu -- 1 sendok teh tepung terigu -- 1 butir telur ambil bagian putihnya saja -- 2 lembar kembang tahu kering -- ,"Campur ayam & udang dengan semua bumbu & daun bawang ,  aduk rata. Sesudah rata masukkan tepung sagu ,  terigu & putih telur. Aduk rata. -- Isikan ke lembaran kulit kembang tahu & lipat seperti melipat lumpia ,  sambil dipadatkan agar rapi & bentuk agak pipih jangan terlalu bulat. Olesi putih telur diujung lipatan agar merekat rapat. -- Kukus sekitar 15 menit hingga matang. Angkat dinginkan. Siap digoreng dengan api kecil sebentar. Anakku suka digoreng agak lama dengan kuning telur kocok sisa adonan tadi. Nanti jadi ada kayak jala2 crispynya yang gurih & kering. Angkat & tiriskan jika sudah digoreng matang. -- Sajikan dengan dipotong diagonal  ( potong 2 serong ) . Siap disantap dengan saus sambal botol yang biasanya saya rebus dengan bawang goreng ,  cabe rawit iris ,  gula & sedikit air. Selamat mencoba. -- ",4, / id / resep / 4448366-lumpia-udang-kulit-tahu-ala-fe
Bakso Ayam Udang Keto,"400 gr ayam giling -- 250 gr udang kupas -- 3 telur ayam utuh kocok -- 30 ml minyak goreng -- 1 / 2 sdt baking powder -- secukupnya garam ,  lada -- 2 sdm bawang goreng haluskan -- secukupnya Bawang merah & putih -- 1 / 2 sdt minyak wijen -- Karageenan secukupnya  ( pengenyal )  -- Es batu 8 keping kotak -- ","Campur semua bahan dalam food processor ,  kecuali daun bawang dan minyak goreng. -- Tuang dalam baskom lalu taburi daun bawang dan minyak goreng ,  uleni rata  ( gunakan sarung tangan ) . Lalu simpan 2 jam dlm kulkas. -- Panaskan minyak di wajan dgn api sedang. Bulatkan adonan dengan menggunakan dua sendok. Lalu goreng sampai matang. Adonan akan mengembang saat di wajan ,  tapi kembali kempes stelah diangkat. -- ",2, / id / resep / 4474544-bakso-ayam-udang-keto
Udang ala pop corn,1 / 4 kg udang basah ukuran sedang -- 1 bungkus kobe tepung ayam super crispy -- secukupnya Air matang -- Minyak untuk menggoreng -- ,"Buang kepala dan cangkang udang. -- Cuci bersih udang. -- Tepung bumbu dibagi jadi 2 adonan. Adonan basah dan adonan kering. -- Masukkan udang ke dalam adonan tepung bumbu kering ,  gulirkan ke dlm tepung sambil ditekan2. Lalu masukkan ke dalam Tepung bumbu adonan basah gulirkan lagi sambil di tekan2 ,  lalu masukkan lagi di adonan tepung bumbu kering Sambil ditekan2 agar tepung menempel sempurna. -- Panaskan minyak goreng. Lalu goreng udang sampai kuning keemasan. -- Angkat dan tiriskan. -- Sajikan selagi hangat -- ",2, / id / resep / 4418156-udang-ala-pop-corn
Bakwan Udang Sederhana,1 / 2 kg Tepung terigu -- 1 / 2 Udang segar -- 1 btr Telur -- 4 siung bawang putih -- 1 sdm garam -- 1 / 2 sdm picin -- 1 / 2 bks penyedap rasa -- 1 / 2 sdm Merica bubuk -- 1 / 2 Ltr Air putih es -- Minyak Makan -- Daun Bawang -- Wortel -- ,"Haluskan bawang putih ,  garam ,  picin dan merica bubuk -- Masukan bumbu yang dihalus kan ke dalam udang ,  masukkan tepung terigu dan air secukup nya  ( jangan terlalu kental )  -- Pecahkan telur kedalam adonan ,  masukan potongan wortel dan daun bawang aduk hingga merata -- Panas kan minyak goreng ,  masuk kan adonan sedikit demi sedikit -- Setelah matang tiris kan ,  nikmati dengan saus tomat. Yummy -- ",0, / id / resep / 4475500-bakwan-udang-sederhana
Udang Goreng Tepung Mayonaise,300 gr udang  ( buang kepalanya )  -- Jeruk nipis -- Tepung bumbu Kobe -- Sedikit garam -- Bahan saos: -- Mayonaise 2 sachet @30 ml  ( saya pakai mayumi )  -- 1-2 sdm saos sambal / tomat -- 1 sdm susu kental manis -- ,"Cuci bersih udang ,  tambahkan jeruk nipis supaya tidak amis dan sedikit garam  ( agar rasa udang sedikit gurih ) . Sisihkan. -- Tuang tepung bumbu secukupnya dalam wadah beri sedikit air hingga tekstur kental. Dalam wadah lain tuang tepung bumbu yang kering  ( saya campur dengan 2 sdm tepung beras agar gorengan lebih kriuk ) . -- Masukkan udang kedalam adonan cair tepung kemudian pindahkan ke dalam tepung kering. Tepuk2 ringan supaya tepung menempel. Lalu goreng dalam wajan berisi minyak panas sampai kecoklatan. -- Saos Mayonaise  -- > campur semua bahan saos aduk rata. Koreksi rasa. -- Sajikan udang goreng tepung dengan saos mayonaise  ( bisa dicocol atau disiram diatas udang ) . -- Selamat menikmati ☺ -- ",6, / id / resep / 4474156-udang-goreng-tepung-mayonaise
Udang saus asam manis,1 Kg Udang mutiara -- 7 siung bawang merah -- 4 siung bawang putih -- 4 buah cabai merah -- 3 ruas jahe -- 3 ruas lengkuas -- 5 sdm saus cabai -- 10 sdm saus tomat -- 2 sdm saus tiram -- 5 sdm minyak sayur -- 1 sdt lada bubuk -- 1 1 / 2 sdt Garam  ( secukupnya )  -- 100 ml air -- ,"Iris bawang merah ,  bawang putih ,  jahe ,  lengkuas ,  dan cabai merah -- Masukan minyak dan bahan yang telah diiris ,  tumis hingga harum -- Masukkan saus tiram ,  saus cabai dan saus tomat. -- Masukan udang. Tambahkan garam dan lada bubuk. -- Masukan air matang ,  aduk rata. Tunggu hingga matang. -- Sajikan. -- ",0, / id / resep / 4443123-udang-saus-asam-manis
Tekwan Kuah Udang,-- 1 / 4 ekor ikan tenggiri  -- 2 butir putih telur  -- 1 sdm kaldu bubuk  -- 2 sdt garam  -- 1 sdt gula  -- 1 sdt lada  -- 100 ml air dingin  -- 20 ml minyak sayur  -- 200 g tepung kanji  -- 1 liter Air untuk merebus -- 2 sdm minyak sayur untuk rebusan -- 1 / 2 kg Udang -- 10 butir bawang putih -- 10 buah Jamur kuping -- Bahan Tambahan : -- Bihun \ soun -- Daun bawang -- Sambal cair -- ,"Untuk membuat tekwan ,  rebus air dengan 2sdm minyak sayur tunggu hingga mendidih. Campur semua bahan  aduk rata. Bulat- bulatkan adonan lalu celupkan ke dalam air mendidih ,  tunggu hingga mengapung. Sisihkan. -- Untuk Kuah tekwan ,  kupas udang pisahkan kulit dan kepala nya. Rebus kulit udang sebentar saja hingga mendidih. -- Blender kepala udang dalam keadaan mentah ,  sisihkan. -- Rebusan kulit udang tadi ,  buang kulitnya. Lalu ,  masukan blenderan kepala udang ,  udang potong dan tumisan bawang putih. Masak hingga 10 menit. -- Tata dalam mangkuk. Bihun matang ,  tekwan ,  jamur. Lalu guyur kuah tekwan. -- ",5, / id / resep / 4464484-tekwan-kuah-udang
Sambal udang goreng,1 / 4 kg udang -- 2 buah jeruk nipis -- Minyak goreng -- Garam -- Gula pasir -- Penyedap rasa -- Daun jeruk -- Bumbu dihaluskan: -- 6 siung bawang merah -- 4 siung bawang putih -- 1 buah tomat -- 8 cabe merah  ( sesuai selera )  -- 5 cabe rawit  ( sesuai selera )  -- ,"Cuci udang bersih ,  lumuri dengan jeruk nipis -- Panaskan minyak ,  goreng udang sebentar -- Haluskan bumbu  ( saya lebih suka di uleg )  -- Panaskan minyak sedikit ,  tumis bumbu halus & daun jeruk. Tumis hingga harum. -- Masukkan udang. Beri garam ,  penyedap rasa & 1 sdt gula pasir. Koreksi rasa nya. Tumis sampai bumbu meresap ke udang. -- Angkat & sajikan. -- ",7, / id / resep / 4474006-sambal-udang-goreng
Udang Goreng Mentega,200 gr udang -- 1 / 2 buah bawang bombai -- 2 buah bawang putih -- 5 buah bawang merah -- 4 sdm mentega -- 1 sdt saus tiram -- 1 sdt saus pedas -- 1 sdt saus tomat -- 1 jumput garam -- ,"Bersihkan udang -- Iris bawang merah ,  bawang putih dan bawang bombai menjadi bagian yang kecil dan tipis. -- Siapkan wajan  /  teflon ,  nyalakan api kecil ,  kemudian masukan mentega hingga leleh dan panas. -- Tumis bawang merah dan bawang putih sebentar saja sekitar 1 menit. Lalu masukan bawang bombai. Tumis lagi hingga harum. -- Masukkan udang ,  garam ,  saus tiram ,  saus pedas dan saus tomat. Aduk hingga rata -- Jika sudah matang ,  angkat dan sajikan : )  -- ",5, / id / resep / 4473297-udang-goreng-mentega
Udang pete balado,1 / 2 udang -- 10 buah cabe hijau -- 5 siung bawang merah -- secukupnya Mentega -- secukupnya Garam -- secukupnya Penyedap rasa -- secukupnya Gula -- Perasan jeruk nipis -- ,"Bersihkan udang dari kulit dan kotoran. -- Potong cabe dan bawang sesuai selera. -- Campurkan cabe dan bawang dan perasan jeruk nipis kedalam udang lalu beri garam gula dan penyedap rasa ,  aduk sampai terserap -- Panaskan wajan lalu masukan mentega dan sedikit minyak. Setelah panas masukan udang yang sudah dicampur dengan bawang dan cabe tadi -- Aduk sebentar lalu kecilkan api dan tutup wajan sampai air yang ada didalam wajan surut. -- Setelah air mulai sedikit dan udang sudah merah dan lunak angkat lalu tiriskan. -- ",1, / id / resep / 4472707-udang-goreng-mentega
Bakso udang debm,"250 gr udang ukuran sedang ,  kupas ,  buang kepala dan kulitnya -- 1 papan petai ,  buka ,  bersihkan dr kulitnya ,  potong mjd 2 -- 4 siung bawang merah -- 3 siung bawang putih -- 2 butir kemiri -- 10 buah cabe merah keriting -- Garam secukupnyag -- secukupnya Gula pasir -- 1 ruas jari lengkuas ,  bersihkam ,  geprek -- 1 lembar daun salam -- Minyak goreng -- 1 buah jeruk nipis ,  belah 2 ,  peras ambil airnya -- ","Tuang perasan air jeruk nipis ke dalam udang yg sudah dibersihkan. Beri sedikir garam ,  Aduk2.diamkan sekitar 10menit. Sisihkan. -- Tuang minyak sayur ,  goreng udang dengan api sedang ,  aduk2 sebentar sampai udang berubah warna kemerahan dan matang ,  tiriskan. Angkat. -- Haluskan bawang putih ,  bawang merah ,  kemiri ,  cabe rawit merah. Sisihkan -- Tumis bumbu halus ,  daun salam dan lengkuas dengan api kecil agar matng dan tidak cepat gosong. -- Jika sudah tercium bau harum lalu masukan potongan2 petai yg sudah bersih ,  aduk2 sebentar ,  koreksi rasa ,  tambahkan garam dan gula secukupnya. Aduk kembali hingga rata -- Masukan udang yg telah digoreng ,  aduk rata ,  angkat. Sajikan. -- ",7, / id / resep / 4472637-udang-pete-balado
Oseng Udang Pedas,500 gram udang -- 1 sdm tepung keto -- 1 butir putih telur -- 1 sdm minyak wijen  ( opsional )  -- 3 biji bawang putih -- Secukupnya garam -- 3 cube es batu -- Secukupnya air es -- ,Campurkan smua bahan kecuali air es dalam food procesor.proses sampai bener2 halus -- Panaskan air dalam panci.bulat2 kan adonan menggunakan sendok lalu rebus sampai matang. -- Angkat dan rendam dalam air es untuk menghentikan proses pematangan.biar kenyel ga lembek -- Selamat mencoba -- ,7, / id / resep / 4472434-bakso-udang-debm
Tumis Labu Udang,"1 potong tempe ,  potong Kecil2 -- 6 ekor udang ,  buang kulit dan kepala lalu cuci bersih -- 3 buah kacang panjang ,  potong2 -- 1 siung bawang putih ,  iris -- 1 / 2 siung bawang bombay ,  iris -- 1 bawang pring ,  potong 2 -- 3 buah cabe rawit ,  iris -- 1 / 2 sdm saus tiram -- 1 / 2 sdm kecap manis -- 1 / 2 sdm saos tomat -- Sedikit garam dan gula -- Minyak untuk menggoreng -- ","Panaskan minyak di atas wajan -- Goreng tempe ,  angkat -- Masukkan bawang putih dan bawang bombay. Tumis hingga harum -- Masukkan cabe rawit dan daun bawang -- Masukkan udang ,  aduk hingga berubah warna. Lalu masukkan tempe yg sudah digoreng -- Tambahkan saus tiram ,  saus tomat ,  kecap manis ,  sefikit garam dan gula. Aduk sebentar hingga bumbu merata. Tes rasa... -- Angkat dan sajikan dg nasi hangat. Mantaaappp -- ",0, / id / resep / 4466731-tumis-udang-tempe-kacang-panjang
Cah buncis udang cumi _ menudiet DEBM,8 ekor udang besar -- 1 buah tempe  ( potong dadu )  -- 6 buah jagung muda  ( iris tipis )  -- 2 buah sawi -- 5 buah bakso -- secukupnya Jamur hitam -- secukupnya Selada -- secukupnya Gula garam lada -- 1 sdt minyak wijen -- 2 sdm kecap manis -- 5 siung bawang merah -- 4 siung bawang putih -- 8 buah cabai rawit -- ,"Goreng terlebih dahulu tempe yg sudah di potong-potong dadu tadi sampai kering. -- Tumis bawang putih ,  bawang merah sampai harum. Kemudian masukkan udang yg sudah di bersihkan kulitnya. Tumis sampai udang berubah warna menjadi merah. -- Masukkan bakso ,  jagung muda ,  jamur ,  tempe. Tambahkan air secukupnya. Tambah gula garam lada. Koreksi rasa. -- Tambahkan kecap dan minyak wijen. -- Jika di rasa sudah mulai matang ,  masukkan sawi dan cabai rawit ,  aduk rata. -- Siap di hidangkaaan. -- ",2, / id / resep / 4467018-tumis-udang-sayur
Udang Kentang Balado,Bahan: -- 1 / 2 kg Udang Pacet -- 5 buah Cabe Ijo Besar -- 5 siung Bawang Merah -- 4 siung Bawang Putih -- 1 / 2 siung Bawang Bombay -- 5 buah Cabe Rawit Merah  ( opsional )  -- 1 sdm Minyak Wijen  ( opsional )  -- 1 sdt Kecap Ikan  ( opsional )  -- 2 sdt Gula -- 1 sdt Garam -- 1 buah Jeruk Nipis  /  Lemon -- secukupnya Air -- secukupnya Minyak goreng -- ,"Kupas kepala udang pacet  ( kalo saya hanya kepalanya saja yg dibuang. Kulit dibadan udang tidak dibuang ) . Cuci bersih ,  kemudian lumuri dengan sejumput sdt gula dan sejumput sdt garam. Aduk rata menggunakan tangan ,  kemudian beri perasan air jeruk nipis  /  lemon. Diamkan selama 10 menit -- Sambil menunggu udang yang didiamkan 10 menit ,  kita siapkan bahan untuk ditumis. Iris halus cabe ijo besar ,  cabe rawit merah  ( opsional )  ,  bawang merah ,  bawang putih ,  bawang bombay. -- Panaskan minyak goreng diwajan dengan api sedang. Jika sudah panas ,  masukkan bawang merah dan bawang putih hingga harum dan setengah layu. Masukkan cabe ijo ,  rawit dan bawang bombay. Tumis hingga layu dan harum. Tambahkan minyak wijen dan kecap ikan. Tambahkan sedikit air ,  dan masukkan udang. Aduk hingga udang matang dan kemerahan. Tambahkan gula dan garam ,  aduk rata dan kemudian tes rasa. Jika sudah Pas ,  angkat dan sajikan. -- ",39, / id / resep / 4466126-udang-tumis-cabe-ijo
Udang Sambel Terasi,1 / 5 kg Udang -- 1 buah kentang -- Cabai merah -- Bawang merah -- Bawang putih -- Tomat -- Garam -- Penyedap rasa  ( selera )  -- Gula  ( selera )  -- ,"Cuci udang hingga bersih  ( buang kepala udang )  -- Kupas kentang lalu potong dadu -- Goreng kentang terlebih dahulu ,  lalu goreng udang setengah matang. -- Ulek cabai ,  bawang merah ,  bawang putih ,  tomat.  ( Boleh blender )  -- Panaskan minyak sisa menggoreng udang  ( sedikit saja )  ,  lalu masukkan bumbu yg sudah di ulek hingga aroma nya sedap. Tambahkan garam ,  penyedap rasa dan gula. -- Lalu masukkan kentang dan udang yg sudah di goreng tadi. -- Udang kentang balado siap di santap. -- ",6, / id / resep / 4465965-udang-kentang-balado
Udang lada hitam,"1 / 4 kg udang cuci brsh & buang kplanya -- 2 sdm blueband cake&cookie -- 4 sdm tepung terigu -- 2 sdm air -- Minyak goreng sckpnya -- bumbu untuk udangnya -- Sdkt garam ,  lada bubuk&roico -- ","Udangnya stlh di cuci brsh trskan kmudian di lumuri bumbu...diamkan 15 mnt -- Kmudian aduk jd satu terigu , blueband tmbhin aer sdkt2.. -- Stlh tercmpr rta & dikira pas kekentalanya clpkan udangnya & siap di goreng -- Goreng sampe kecoklatan..angkat&trskan... Renyahnya thn lama lhooo -- ",2, / id / resep / 4465926-udang-goreng-tepung-mentega
Oseng Tempe Kacang Panjang Udang,"500 gram kol ukuran kecil ,  belah dua bagian -- 200 gram udang kupas ,  sisakan ekornya belah punggungnya -- 2 siung bawang putih ,  cincang halus -- 1 sdm saus tiram -- 1 sdm minyak wijen -- 1 sdm kecap ikan -- 1 sdm kecap inggris -- 1 sdt tepung maizena ,  larutkan -- 1 sdm margarin untuk menumis -- 1 sdt garam -- 1 sdt lada -- secukupnya Air -- ","Siapkan kol ,  rebus sebentar angkat tiriskan dalam mangkuk saji -- Tumis bawang putih hingga harum ,  masukan udang aduk sampai berubah warna ,  tambahkan kecap ikan saus tiram kecap inggris minyak wijen garam gula pasir & lada aduk2 tambahkan air biarkan mendidih -- Masukan larutan maizena aduk2 sebentar ,  incip rasa & sesuaikan tambahkan garam ,  gula  ( jika rasa belum pas )  -- Angkat siramkan diatas kol ,  sajikan -- ",1, / id / resep / 4465640-cah-udang-dan-kol
Tumis Pokcoy Udang,"100 g udang -- 1 sdm perasan air jeruk lemon / nipis -- 1 batang daun bawang ,  potong2 -- 2 siung bawang putih -- 1 / 2 Bawang Bombay -- 4 bh Cabe rawit merah -- 1 sdm Minyak wijen -- 1 sdm kecap inggris -- 1 sdm saos tiram -- 1 sdm kecap manis -- 1 sdm Mentega / margarin -- Secukupnya garam -- ","Buang kepala udang ,  kulit sisakan ekornya kerat / belah punggungnya lalu cuci bersih ,  lumuri udang dengan air perasan jeruk nipis / lemon ,  garam aduk rata sisihkan -- Geprek bawang putih berserta kulitnya ,  cincang kasar bawang bombay ,  -- Panaskan margarin / mentega tumis bawang bombay dan bawang putih ,  cabe sampai layu dan harum -- Masukan udang aduk rata ,  masak udang sampai berubah warna tambahkan kecap manis ,  minyak wijen ,  kecap inggris ,  daun bawang aduk rata ,  tes rasa kl udh pas tunggu sampai matang lalu angkat dan hidangkan -- ",46, / id / resep / 4464840-tumis-udang-saos-tiram-pedas
Udang Bakar Madu,Udang uk kecil -- 2 buah Pare -- Daun salam -- Bumbu halus : -- Bawang merah -- Bawang putih -- Cabe rawit -- ,"Goreng sebentar udang sampai berubah warna ,  tiriskan -- Setelah itu tumis bumbu halus dan daun salam sampai wangi. -- Setelah itu masukkan udang dan pare. Tambahkan sedikit aiir -- Jangan lupa garam dan gula juga penyedap sesuai selera. Lalu biarkan sampai mateng. -- Siap di sajikan -- ",0, / id / resep / 4462286-tumis-pare-dengan-udang
Udang Rica Pedas,"250 gram udang -- 1 / 4 buah nanas  -- 1 jempol lengkuas geprek -- 1 / 2 bungkus asam jawa ,  larutkan d air -- 350 cc air -- secukupnya Garam ,  gula -- Bumbu halus -- 3 buah cabai caplak -- 2 buah cabai merah -- 2 buah kemiri -- 2 siung bawang putih -- 3 siung bawang merah -- 2 ruas jari kunyit -- 1 sdm terasi  ( bakar lbh enak )  -- ","Rebus air hingga mendidih ,  masukkan bumbu halus ,  dan lengkuas. -- Bila sudah mendidih tunggu hingga bau langu hilang. -- Tambahkan udang ,  tunggu hingga berubah warna dan hampir matang -- Masukkan nanas dan air asam. Tambahkan gula dan garam ,  cek rasa. Bila kurang asam bisa d tambahkan air asam. -- Sajikan hangat -- ",4, / id / resep / 4462074-lempah-kuning-udang
Sempol Udang Sayur,1 / 4 kg udang sedang buang kepala -- Bahan halus -- 1 sdt garam -- 3 bh bawang putih -- 1 / 2 ruas kunyit -- 1 / 2 sdm ketumbar -- 1 / 2 ruas kencur -- 1 / 4 ruas jahe -- ,Cuci bersih udang sisihkan... -- Haluskan semua bahan campurkan ke udangnya diamkan kurleb 15mnt agar meresap... -- Panas kan wajan yg sudah berisi minyak...goreng semua udang dng bumbu2nya... ( ditutup ya agar tak kena letupan minyak panasnya...selamat mencoba -- ,6, / id / resep / 4448406-udang-goreng-kencur
Nasi Bakar isi Balado udang kentang,"250 gr udang -- 5 siung bawang merah -- 3 siung bawang putih -- 1 buah tomat -- 7 buah Cabe merah besar -- 8 buah Rawit merah -- secukupnya Garam ,  gula ,  penyedap -- ","Cuci bersih udang buang kepalanya -- Beri perasaan jeruk nipis -- Haluskan semua bumbu -- Goreng udang sebentar saja ,  angkat sisihkan -- Tumis bumbu halus hingga harum dan matang ,  masukan garam ,  gula ,  penyedap secukupnya ,  tes rasa -- Jika sudah dirasa pas masukan udang dan tumis sampai matang ,  lalu angkat -- Udang Balado siap disajikan dengan nasi hangat -- ",4, / id / resep / 4448466-balado-udang
Udang Crispy Saos Kerang,"5 buah tahu sedang -- 8 ekor udang galah yg besar -- 1 bungkus tepung tempe kriuk me : merk Kobe -- 7 lembar daun jeruk ,  buang tangkainya iris halus -- 1 butir telur -- 5 sdm tepung terigu -- 2 siung bawang putih ,  geprek cincang -- 1 / 2 gelas air -- Sejumput garam untuk udang -- ","Bersihkan udang ,  beri garam sedikit ,  potong2 1 cm ,  sisihkan. -- Campurkan semua bahan ,  kasih air 1 / 2 gelas ,  aduk rata ,  masukkan tahu ,  hancurkan dengan garpu hingga menyatu dengan adonan. Tambahkan potongan udang ,  aduk rata. -- Goreng 1 sendok sayur hingga kuNing keemasan ,  angkat tiriskan. Lakukan hingga adonan habis. -- Sajikan. -- Bisa dimakan dengan cabe rawit ,  cuko pempek atau bumbu pecel -- ",17, / id / resep / 4444760-perkedel-tahu-udang
Gulai udang dengan daun ubi,500 gr Udang galah -- 2 siung Bawang putih -- Bawang bombay  -- Jahe -- 2 Lembar daun jeruk -- 1 batang daun sereh -- Daun bawang -- 200 ml Air matang -- Garam -- Merica -- Saos tiram -- 1 sdm maizena yg di larutkan dgn sdkt air -- Bumbu Yg di haluskan: -- 7 buah Cabe merah -- 10 buah rawit merah -- 1 / 2 buah tomat -- Gula merah -- ,"Tumis bawang putih ,  bawang bombay sampai harum. -- Masukkan bumbu halus ,  jahe ,  daun jeruk ,  sereh. Tumis sampai harum. -- Masukkan udang ,  tambahkan sedikit air. Beri garam ,  merica ,  saos tiram. Masak sampai udang matang. Jangan terlalu lama krn tekstur udang nanti jadi liat. -- Kecilkan api ,  Masukkan maizena yg sudah dilarutkan. Tambahkan daun bawang.. -- Voiiillaaaa... Jadiiiii -- ",47, / id / resep / 4443324-udang-saos-tiram-pedas
Udang nugget balado,1 / 2 kg udang -- 3 siung bawang merah -- Kunyit bubuk -- Garam -- Penyedap rasa -- Air asam jawa -- ,"Bersihkan udang dan cuci bersih.  -- Masukkan udang dalam air asam Jawa. -- Iris bawang merah -- Panaskan minyak ,  tumis irisan bawang merah. -- Masukkan udang dan air asamnya ke dalam tumisan. Aduk. -- Beri kunyit dan garam. Tes rasa -- Tunggu sampai kuah mengental dan dapat warna glowingnya. -- Angkat. Sajikan -- ",2, / id / resep / 4439423-udang-asam-manis-glowing
Pepes udang kemangi,"1 kg udang galah / peci yg sedang / besar -- 4 ikat daun ubi  ( daun singkong / pucuk perancis ,  )  -- 1 / 2 kg kelapa tua ,  parut -- 2 lembar daun salam -- 1 lembar daun kunyit -- 1 batang serai -- 4 buah asam kandis -- 4 lembar daun jeruk -- Bahan bumbu halus : -- 250 gr cabe keriting -- 4 butir bawang merah -- 1 butir bawang putih -- Sejempol lengkuas / Laos -- Sejempol jahe -- Seruas kunyit -- 4 butir kemiri -- Garam -- ","Bersihkan udang ,  buang ujung kepala dan kulit dikepala udang ,  gunting kaki2 dan punggungnya buang kotorannya. Cuci bersih ,  garami ,  sisihkan. -- Siangi daun ubi / daun singkong ,  ambil yg muda2. Cuci. Rebus dengan sedikit garam hingga empuk. Sisihkan. -- Haluskan semua bumbu. Peras kelapa hingga santan keluar kurang lebih jadi 1 kg santan. -- Masukkan bumbu halus dan santan dalam kuali ,  tambahkan daun salam ,  daun kunyit ,  daun jeruk ,  serai ,  asam kandis dan garam ,  aduk rata didihkan. -- Setelah mendidih masukkan udang ,  masak hingga udang 1 / 2 matang. -- Daun ubi yg sudah empuk diperas ,  potong2 atau gunting. Masukkan dalam gulai. -- Masak hingga udang dan daun ubi empuk ,  kuah mengental dan taminyak. -- Sajikan dengan nasi panas",24, / id / resep / 4439465-gulai-udang-dengan-daun-ubi
Martabak Mini Tahu Udang,10 sendok makan tepung terigu -- 10 sendok makan tepung tapioka -- Penyedap rasa -- Air panas -- 100 gram udang yang sudah dihaluskan -- ,"Masukan telung terigu dan tepung tapioka kedalam wadah -- Masukan penyedap rasa dan udang yang sudah dihaluskan ,  campur menjadi 1 -- Rebus air hingga mendidih -- Masukan air mendidih sedikit demi sedikit kedalam wadah yang sudah berisi tepung ,  penyedap rasa ,  dan udang yang sudah dicampurkan hingga adonan menjadi kalis -- Setelah adonan sudah kalis maka bentuklah menjadi bulat-bulat atau sesuai selera -- Rebus air hingga mendidih -- Setelah air mendidih masukan adonan yang sudah di bentuk kedalam air yang sudah mendidih -- Tunggu adonan hingga matang  /  cilok mengapung di atas permukaan air panas -- Angkat dan tiriskan -- Cilok siap disantap -- ",6, / id / resep / 4438904-cilok-udang-sederhana-ala-anak-rantau
Sop bola2 udang dengan kaldu udang,"1 / 2 kg udang -- 3 sisir petai -- 1 / 2 bombay iris tipis -- 1 sdm gula merah -- 3 sdm air asam jawa -- 2 sdm cabe giling -- secukupnya Gula pasir ,  garam ,  air ,  minyak -- Bumbu Halus: -- 10 bawang merah -- 8 bawang putih -- 1 / 2 bawang bombay -- 1 ruas jahe -- ","Kupas kepala ,  kulit dan ekor udang ,  belah punggungnya ,  buang kotorannya ,  cuci bersih ,  beri perasan jeruk nipis dan garam ,  goreng sebentar sampe berubah warna ,  angkat ,  tiriskan -- Sisa minyak menggoreng udang tadi pake uttk menumis  ( dg api kecil saja )  bumbu halus dan cabe giling sampe matang dan keluar minyak ,  sambil diaduk sesekali -- Masukan gula merah ,  gula pasir ,  garam ,  air asam ,  aduk rata ,  masak lg sampe agak kental -- Setelah agak kental ,  masukan udang ,  aduk rata ,  masak sampai bumbu meresap ke udang ,  tambahkan air bila terlalu kental -- Masukan petai dan bombay iris ,  masak sampai tingkat kekentalan sambal yg diinginkan ya -- Jangan lupa cicipi rasanya. Kalau sudah pas ,  angkat ,  sajikan -- ",2, / id / resep / 4423675-sambal-udang-petai
Peyek udang renyah,300-350 gr Nasi putih -- 200 gr udang yang sudah di kupas kulitnya -- 2 tangkai pete ambil isinya  ( saya skip )  -- 1 batang sereh geprek -- 1 batang daun bawang iris2 tipis -- 1 buah tomat potong2 -- secukupnya Gula garam -- secukupnya Minyak -- secukupnya Daun pisang -- Bumbu yang dihaluskan -- 7 siung bawang merah -- 5 siung bawang putih -- 3 butir kemiri -- 3 cabe merah besar -- 10 cabe rawit -- 1 ruas jahe -- ,"Sebelum mempersiapkan bumbu2 ,  daun pisang dipanaskan terlebih dahulu diatas kompor. Gunanya biar pada saat proses pembungkusan tidak mudah sobek lalu di potong2 menjadi beberapa bagian -- Tumis bumbubyang dihaluskan beserta sereh hingga wangi ,  masukan pete ,  masak hingga pete agak layu. Masukan udang ,  masak hingga udang berubah warna -- Tambah garam ,  gula ,  koreksi rasa. Terakhir masukan daun bawang ,  tomat ,  lalu masak hingga matang ,  angkat ,  sisihkan -- Siapkan daun pisang menjadi 2 lapisan letakan nasi ,  ratakan dengan sendok nasi ,  lalu ambil 1-2 sendok makan balado udangnya ,  bungkus dan sematkan kedua sisi menggunakan tusuk gigi /  lidi -- Panaskan teflon ,  bakar dengan api yang kecil ,  tunggu hingga daun nya berubah warna  ( balik sekali saja ) . -- Amgkat dan sajikan -- ",7, / id / resep / 4413612-nasi-bakar-isi-udang-sambal-balado
Nasi goreng udang,1 / 2 kg udang segar -- Secukupnya lemon / jeruk nipis -- Secukupnya merica putih bubuk -- 3 buah telur  ( kocok merata )  -- Sasa tepung bumbu serbaguna  ( original )  -- Tepung roti mama suka -- Bumbu marinasi: -- 6 siung bawang merang -- 3 siung bawang putih -- ,"Kupas kepala udang ,  dan cangkang ,  sisakan bagian belakang buntutnya. -- Cuci bersih ,  kemudian beri perasan lemon / jeruk nipis secukupnya  ( jangan terlalu banyak nanti asam )  diamkan sekitar 15 menit. -- Ulek halus bumbu marinasi. -- Setelah 15 menit cuci bersih udang yg telah di beri perasan lemon ,  angkat tiriskan ,  kemudian marinasi menggunakan bumbu yang telah dihaluskan dan beri merica secukupnya ,  diamkan lagi 15menit. -- Kemudian setelah 15 menit ,  celupkan udang ke dalam telur ,  lalu celupkan ke dalam tepung bumbu serbaguna  ( lakukan tahap ini 2x )  -- Celupkan lagi ke dalam telur ,  celupkan ke dalam bumbu tepung roti. -- Diamkan didalam kulkas kurang lebih 30menit -- Lalu goreng udang di dalam minyak panas hingga berwarna kecoklatan ,  angkat dan sajikan : )  -- Sisa udang yg belum di goreng bisa kalian simpan ke dalam tupperware dan masukkan ke dalam freezer. -- ",6, / id / resep / 2344412-udang-goreng-tepung
Tumis udang brokoli minimalis,"5 kotak tahu putih -- 1 / 4 kg udang ukuran sedang. Buang kepala dan ekor ,  potong2 -- secukupnya Kemangi -- 1 buah telur -- 1 buah pare. Buang isi dan potong 8 bagian -- Daun pisang -- Bumbu halus : -- 6 butir bawang merah -- 3 butir bawang putih -- 1 / 2 ons cabe rawit hijau -- 1 / 2 ons cabe merah keriting -- 3 butir kemiri -- secukupnya Garam dan gula putih -- Kaldu jamur secukupnya  ( kalo suka )  -- ","Haluskan tahu ,  campurkan dg udang ,  bumbu halus ,  telur dan kemangi. Aduk rata. -- Siapkan daun pisang yg sdh dilayukan. Isi pare lalu letakkan adonan tahu diatasnya. Kukus selama 30 menit. -- Siap dinikmati  -- ",0, / id / resep / 4396393-pepes-tahu-udang-kemangi-pare
Tumis Mercon Udang Terasi,Udang seger -- 5 bawang merah -- 1 bawang bombai -- 1 pete -- 5 cabe merah -- ,Iris halus bawang bombai -- Haluskan bawang merah dan cabe merah dan masukkan garam secukupnnya -- Masukkan minyak di wajan lalu masak bumbu halus dan masikkan bawang bombai -- Kalo bumbu sudah beraroma harum / matang lalu masukkan udang segar lalu aduk rata -- Masukan pete lalu aduk rata sampai matang -- Yap! Udang pete balado siap dinikmati. Untuk resep lainnya bisa liat di ig : ugrdkitchen -- ,0, / id / resep / 4412082-udang-pete-balado-ala-ugrdkitchen
Udang panggang bumbu kecap,1 / 2 kg Udang -- 2 Siung bawang putih -- 1 buah bawang bombai uk sedang -- 4 siung bawang merah -- sesuai selera Cabai   ( saya pake seadanya krn memang lg habis )  -- 1 sdm saus tiram -- sedikit Air  aja -- Mentega untuk menumis -- Daun bawang  ( saya ga pakai krn ga ada )  -- ,"Kupas udang lalu cuci hingga bersih. Sisihkan -- Panaskan mentega lalu tumis semua bawang hingga harum. -- Masukkan udang masak hingga udang berubah warna. -- Kemudian masukkan saus tiram ,  cabe dan air sedikit aja. -- Masak hingga matang. Sajikan. -- ",6, / id / resep / 4407644-udang-saus-mentega
Botok Udang Jamur,"2 porsi nasi -- 2 siung bawang putih ,  cincang kasar -- 1 iris bulat bawang bombay ,  potong menjadi 4 bagian -- 1 butir telur -- 14 buah udang ukuran sedang ,  bersihkan -- Secukupnya sawi hijau ,  potong2 -- 3 / 4 sdm kaldu ayam instan -- 2 sdm knorr liquid seasoning /  kecap maggi -- Secukupnya minyak goreng -- ","Panaskan minyak goreng ,  tumis bawang bombay dan bawang putih hingga harum ,  sisihkan ke pinggir wajan. Ceplok telor dibagian lain wajan ,  orak arik sampai matang. Masukkan udang ,  lalu sawi. Tumis sampai matang. -- Masukkan nasi ,  campur rata. Tambahkan kaldu ayam isntan ,  aduk rata. Terakhir tambahkan knorr liquid seasoning atau kecap maggi ,  aduk lagi ,  tes rasa. Siap disajikan",0, / id / resep / 4382665-nasi-goreng-udang
Kangkung Udang Terasi Pedas,1-2 siung bawang putih -- 1 siung bawang merah -- 1 / 4 sdt garam -- 1 sdt gula  ( sesuai selera )  -- 1 / 4 sdt merica -- secukupnya Saus teriyaki -- secukupnya kecap manis -- Brokoli -- Udang kupas -- 2 buah cabai rawit -- Minyak goreng -- ,"Cincang bawang merah bawang putih dan cabai ,  potong brokoli sesuai selera ,  siapkan bahan-bahan lain -- Tumis bawang merah dan bawang putih serta cabai yg sudah dicincang sampai harum -- Masukkan udang ,  diamkan sampai berubah warna -- Tambahkan sedikit air -- Masukkan gula ,  garam ,  merica bubuk ,  cek rasa. Tambahkan dan atur sesuai selera -- Masukkan brokoli. Tunggu sampai tampak berubah warna ,  namun jangan sampe layu -- Tambahkan kecap manis dan saus teriyaki. Tunggu hingga kuah mengental -- Cek rasa dan sajikan bersama karbohidrat pilihan anda. -- ",5, / id / resep / 4405068-tumis-udang-brokoli-minimalis
Cemplung Udang,1 butir kelapa  -- 150 gram udang -- 2 butir telur -- 5 siung bawang merah -- 3 siung bawang putih -- 1 sendok teh ketumbar -- 1 ruas temu kunci  ( agak besar )  -- 10 butir cabe rawit -- secukupnya Daun salam -- secukupnya Garam dan gula -- Daun pisang dan tusuk gigi untuk membungkus -- ,"Haluskan bumbu kecuali cabai ,  lalu campur semua bahan menjadi satu. -- Ambil daun pisang untuk membungkus ,  sebelum adonan di masukan alasi terlebih dahuli dengan daun salam. -- Kemudian ambil dua sendok makan adonan ,  selipkan satu buah cabe rawit. -- Lalu kukus kurang lebih 15-20menit -- ",2, / id / resep / 4400750-pelas-udang
Ikan teri udang,1 kg Udang -- Secukupnya Bawang Bombay -- Secukupnya Cabe merah -- 5 sdm saus tomat -- 3 sdm saus sambal -- 1 sdm saus tiram -- Secukupnya garam -- Secukupnya gula -- Secukupnya penyedap rasa -- Secukupnya air -- ,"Tumis bawang bombay dan cabe merah hingga harum -- Masukkan saus sambal ,  saus tomat dan saus tiram -- Aduk rata -- Masukkan udang nya -- Tumis dan aduk hingga tercampur rata -- Masukkan garam ,  gula dan penyedap rasa. Koreksi rasa -- Tambahkan air secukupnya lalu aduk kembali. Tunggu bumbu meresap sekitar ±5 menit -- Angkat lalu sajikan -- ",68, / id / resep / 4399473-udang-saus-asam-manis
Tumis Sayur & Udang,"1 / 4 kg udang -- 1 / 4 kg tepung beras -- secukupnya Air santan -- Bumbu halus: -- 4 siung bawang putih -- 1 sendok mkn mrica -- 4 biji kemiri -- secukupnya Garam , penyedap rasa -- Minyak tuk menggoreng -- ","Bersihkan udang.buang kepalanya -- Campur tepung beras dgn bumbu ,  penyedap rasa n santan sampai agak encer tp jangan terlalu encer.masukan udangnya.aduk -- Panaskan sedikit minyak. Goreng.ambil satu sendok besar peyek.goreng satu2.setangah matang saja.biarkan beberapa waktu kira2 10 menitan -- Panaskan minyak agak bnyk lalu goreng lagi sampai matang.kemerahan.angkat!selamat mencobaaa... -- ",4, / id / resep / 4398592-peyek-udang
Balado kentang dan udang,"1 ikat bayam -- 1 siung bawang putih -- 125 gr udang tanggung , buang kepala -- Gula garam -- 2 cabai merah keriting -- secukupnya Air -- ","Tumis bawang putih yang digeprak.lalu masukkan udang. Tumis sampai berubah warna -- Tambahkan potongan cabai dan tumis sebentar -- Masukkan bayam , lalu tambahkan gula garam dan sedikit air -- Aduk aduuuk.. jadi deh. -- ",4, / id / resep / 4398696-tumis-bayam-udang
Sempol Udang Bakar Madu,1 / 2 kg udang ukuran sedang -- 5 siung bawang merah -- 3 siung bawang putih -- Saos tomat secupnya -- Minyak untuk menumis -- secukupnya Air -- ,"Bersihkan udang tanpa mengupas kulitnya. Cuci hingga bersih. -- Haluskan bawang merah dan bawang putih. -- Tumis minyak ,  masukan bumbu halus. Masukkan udang dan saos tomat. Setelah itu tambahkan sedikit air. -- Tunggu hingga udang berubah warna dan mulai matang. -- Angkat dan sajikan. Taburi bawang goreng di atasnya sebagai pemanis. -- ",6, / id / resep / 4398378-udang-saos-tomat-nc
Udang Sayur Saus BBQ,1 / 2 kg udang -- 4 buah tahu segitiga -- 1 papan pete -- 4 siung bawang merah -- Siung bawang putih -- 2 buah cabe keriting merah -- 4 buah rawit merah  -- 1 sdm saus tirem -- 3 sdm kecap manis -- Secukupnya garam dan lada bubuk dan penyedap bila suka -- 1 tomat ukuran kecil  -- ,"Untuk Udang buang kepala dan kaki2nya ,  lalu cuci bersih ,  kupas pete cuci dan potong2 sesuai selera , Potong2 tipis bawang merah dan bawang putih ,  potong serong2 tipis cabe keriting dan rawit ,  Goreng tahu sebentar lalu potong2 -- Panaskan sedikit minyak untuk menumis ,  masukan duo bawang dan cabe potong tumis hingga harum lalu masukan pete aduk2 masukan tomat dan udang , beri sedikit air masukan saus tirem , kecap manis sedikit garam ,  lada dan penyedap aduk2 rata lalu cek rasa -- Kalo rasanya sudah pas ,  biarkan air sedikit menyusut , angkat dan sajikan -- ",6, / id / resep / 4358284-udang-tahu-masak-pete
Udang krispi,1 / 2 kg udang sedang -- 4 sendok maizena -- 4 sendok  tepung beras -- 2 siung  bawang -- minyak goreng -- 3 butir kemiri putih -- air -- 2 lmbr  daun jeruk di potong kecil2 -- secukupnya  tumbar garam -- ,"Udang cuci bersih ,  sisihkan. siapkan kemiri ,  bawang putih tumbar garam di haluskan setelah halus... beri air secukupnya masukan tepung aduk2 rata masukan udang ,  dan potongan daun jeruk lalu goreng dengan api sedang -- ",5, / id / resep / 4286547-udang-kriuk
Udang geprek,"125 gr udang di haluskan -- 100 gr tepung tapioka -- Secukupnya garam ,  kaldu bubuk -- 1 btg bawang prei -- 1 btr telur -- 3 bj Bawang putih  ( di haluskan )  -- ",Campur semua bahan jadi 1. Aduk rata. -- Goreng bola udang. Caranya : ambil adonan 1 sdm. Bulatkan dengan 2 sendok. Pakai ujung sendok nya untuk membuat bulatan. Lalu cemplungkan ke dalam minyak yang panas & masak dengan api sedang. -- Angkat dan sajikan,8, / id / resep / 4300678-bola-udang
Cumi asin udang cabe ijo simple,"1 / 2 kg udang segar kupas kulit -- 5 siung bawang putih -- 1 / 2 bagian bawang bombay -- 5 sdm saus tiram -- 1 sdm kecap manis -- Secukupnya garam -- 1 sdt merica bubuk -- 1 ruas daun bawang -- Secukupnya cabe keriting -- Secukupnya cabe ""setan"" -- 200 cc air matang -- 1 sdt tepung maizena ,  encerkan di air -- Secukupnya minyak goreng untuk menumis -- ","Haluskan  ( bisa uleg / blender )  bawang putih hingga halus ,  sisihkan -- Iris tipis bawang bombay dan iris daun bawang kira-kira 2 cm ,  sisihkan -- Iris serong cabe keriting dan cabe ""setan"" ,  sisihkan -- Tumis bawang putih ,  bawang bombay ,  dan cabe ,  tambahkan merica bubuk dan garam secukupnya -- Masukkan udang ,  tumis hingga udang matang -- Tambahkan air dan larutan maizena ,  ratakan hingga hampir mendidih -- Tambahkan saus tiram dan kecap manis ,  lalu masukkan daun bawang -- Koreksi rasa dan sajikan -- ",3, / id / resep / 4301614-udang-saus-tiram
Sayur Lodeh Udang,"100 gr udang -- 4 sdm tepung kanji -- 2 siung bawang putih -- 2 siung daun bawang -- 1 sdt garam -- 1 sdt lada -- 1 sdt penyedap rasa -- 1 sdt gula -- 1 sdt saus tiram ,  harusnya pakai kecap asin tp saya pakai yg ada -- Sedikit air -- ","Haluskan udang -- Campurkan semua bahan menjadi satu lalu tambahkan sedikit air jika perlu -- Aduk rata hingga semua menjadi satu. -- Lipat dengan kulit pangsit sesuai selera -- Goreng dengan minyak panas ,  lalu hidangkan -- ",4, / id / resep / 4301352-pangsit-udang-goreng
Udang & iga bakar teflon,1 buah pare besar dipotong kecil2 -- 2 sdm udang kecepe -- 1 / 3 papan tempe iris korek api -- 5 butir bawang merah iris -- 2 siung bawang putih iris -- 5 buah cabe merah potong serong -- 5 buah cabe rawit potong serong -- 2 helai daun salam -- 1 ruas lengkuas keprek -- Garam dan Gula -- ,"Goreng udang kecepe hingga agak kering ,  sisihkan ,  Goreng tempe lalu sisihkan -- Gunakan minyak bekas goreng udang kecepe lalu masukkan bawang merah ,  bawang putih ,  daun salam ,  lengkuas ,  cabe merah dan rawit ,  tumis hingga layu -- Masukkan pare ,  beri garam dan gula ,  masak hingga pare matang ,  terakhir masukkan udang kecepe dan tempe yg sdh digoreng aduk rata ,  koreksi rasa ,  angkat sajikan. -- ",12, / id / resep / 4244301-oseng-pare-tempe-udang-kecepe-tidak-pahit
Orak-arik Kol Udang,250 gr ayam -- 100 gr udang -- 1 bh telur -- 5 sdm tepung tapioka -- 5 sdm tepung terigu -- 2 batang daun bawang  ( iris )  -- 1 / 2 wartel  -- 1 sdm saus tiram -- 1 sdm Garam -- 1 / 2 sdt Lada bubuk -- 3 bh bawang putih  -- 1 sdm Kecap asin -- ,"Cuci bersih ayam yang sebelumnya sudh diberi garam dn jeruk nipis. Lalu blender -- Kupas udang dan cuci bersih ,  lalu potong kecil  ( potong dadu /  cincang )  -- Campur semua bahan -- Setelah tercampur rata ,  siapkan panci dengan air ,  nyalakan kompor dengan api sedang. -- Bentukin adonan dengan tangan yang telah dilemuri dengan minyak  ( supaya tangan tidak lengket )  Sebanyak +- 1sdm adonan -- Masukan adonan yang sudh dibentuk kedalam air yang sudah mendidih -- Masak hingga mateng  ( sampai bakso nya naik kepermukaan )  -- Matikan api , dan tiriskan dengan saringan -- Kalau sudah kering atau dingin ,  bakso bisa disimpan di freezer atau bisa diolah lagi menurut selera  -- ",12, / id / resep / 4290146-bola-bola-ayam-udang-bakso-ayam-udang-sayur-menu-anak
Sup Bola - bola Udang ,3 keping mie kering shirataki  ( utk lebi pas bs 4 keping ya bun )  -- 8 ekor udang  ( kupas bersih )  -- 1 / 2 bonggol brokoli  ( potong kecil2 )  -- 1 batang wortel  ( rebus dlu bentar )  -- Segenggam jamur shimeji  ( jamur lain jg boleh )  -- 3 siung bawang putih -- 2 buah cabe rawit -- 3-4 sdm air matang -- 1 sdt garam -- 1 sdt merica -- 1 sdm kecap manis -- Bumbu marinase udang: -- 2 sdm kecap manis -- 1 sdm kecap asin -- 1 / 2 sdm sambal belibis  ( hehe opsional bun )  -- 1 sdt merica -- ,"Siapkan semua bahan. Marinasi udang sekitar 15 menit. Cuci bersih sayur dan rebus dulu wortel agar empuk -- Rebus mie kering shirataki hingga mengembang dan kenyal. Tiriskan dan rendam dgn air biasa. -- Tumis bawang putih dan cabe hingga harum  ( minyak agak banyakan yaa )  -- Masukkan udang beserta larutan marinasinya dan aduk hingga matang -- Masukkan jamur ,  wortel dan brokoli. Aduk2 terus. Tuangkan sedikit air matang ,  masukkan garam ,  merica dan kecap manis. Koreksi rasa sesuai selera -- Masukkan mie shirataki yg sudah kenyal  ( tiriskan dari airnya ya ) . Aduk2 hingga merata -- Siap dihidangkan  -- ",7, / id / resep / 4288436-diet-mie-shirataki-brokoli-udang-jamur-wortel-sehat-homemadebylita
Sate Udang Saus Madu Oven,"1 / 4 kg udang -- 6 siung bawang merah -- 3 siung bawang putih -- 6 buah cabe hijau besar -- 7 buah cabe rawit atau sesuai selera -- 1 buah tomat buang isinya -- Secukupnya garam ,  lada bubuk ,  gula pasir ,  kaldu bubuk ,  -- 2 sendok Cuka makanan -- Minyak -- Air -- Kecap manis -- ","Cuci dan buang kepala serta cangkang udang  ( versi ini si saya ngga sempat buang cangkang semua ,  buru2 soalnya )  ,  rendam dengan air serta cuka ,  rendam cukup 3 menit kemudian cuci hingga bersih  ( cuka bisa diganti jeruk )  -- Tumis bawang merah dan bawang putih hingga harum ,  kemudian tambahkan cabe hingga layu -- Tambahkan gula pasir ,  garam ,  lada bubuk ,  kecap ,  tambahkan air kemudian koreksi rasanya -- Bila sudah mendidih ,  masukkan udang ,  masak hingga berubah warna kemudian masukkan tomat ,  aduk dan tunggu hingga meresap -- Selamat menikmati -- ",4, / id / resep / 4286929-udang-kecap-cabe-ijo-ala-anak-kost
Lumpia udang isi sayur,"250 gr udang ,  buang kepalanya -- 1 sdt garam -- 1 / 4 sdt black pepper bubuk -- 1 / 4 sdt garlic powder -- Bahan saus: -- 1 siung bawang putih -- 4 sdm saus tomat botolan -- 1 / 2 sdt tepung maizena ,  cairkan dgn sedikit air -- Gula pasir -- Garam -- Merica bubuk -- Air panas -- ","Campur udang yg telah bersih dengan garam ,  merica dan garlic powder ,  goreng dengan minyak banyak api sedang hingga matang dan garing ,  angkat ,  sisihkan -- Panaskan 1 sdm minyak ,  masukkan bawang putih geprek ,  tumis hingga harum , tambahkan saos tomat + air panas ,  aduk hingga saos tercampur rata dengan air ,  tambahkan garam ,  merica dan gula pasir sesuai selera ,  tambahkan cairan maizena ,  aduk2 hingga mengental ,  masukkan udang goreng ,  aduk cepat merata ,  buang bawang putihnya ,  angkat ,  sajikan panas. -- ",11, / id / resep / 4285769-udang-goreng-saus-tomat
Gulai Udang Sungai,500 gr udang -- Bumbu halus: -- 6 bawang merah -- 4 bawang putih -- 2 cabe merah -- optional Cabe rawit -- 1 Daun jeruk -- 1 sereh -- 1 daun bawang -- 1 / 2 gelas air kaldu -- 1 / 2 sdt garam -- ,"Haluskan bumbu -- Panaskan margarin ,  tumis bumbu halus -- Masukkan udang ,  aduk -- Tambahkan air kaldu ,  daun jeruk dan serai. Taburi garam -- Masukkan daun bawang ,  koreksi rasa. Angkat -- ",4, / id / resep / 4284231-menu-anak-udang-no-msg
Udang tepung sambal matah,"450 gram udang ukuran besar -- 1 buah nanas -- Bumbu halus: -- 5 butir bawang merah -- 1 butir bawang putih ukuran besar -- 5 butir cabe rawit -- 3 butir cabe merah keriting -- 1 sdt terasi bakar -- 1 ruas kunyit segar -- 3 butir kemiri sangrai -- secukupnya Daun salam -- secukupnya Gula ,  garam ,  penyedap -- 1 bungkus santan kara kecil -- Tambahan: -- Segenggam rawit utuh -- ","Cuci bersih udang ,  kupas kulit sampai habis. Lalu sisihkan -- Potong nanas kecil2 dan sisihkan -- Blender bumbu halus lalutumis dengan minyak panas hingga matang -- Masukan daun salam dan cabe rawit utuh -- Setelah itu ,  masukan nanas masak hingga nanas layu -- Setelah nanas layu ,  berikan sedikit air. Masukan udang dan santan kara -- Aduh hingga rata dan masak hingga mendidih -- Beri tambahan gula ,  garam dan penyedap. Test rasa ,  lalu siap di hidangkan -- Selamat mencoba  -- ",14, / id / resep / 4284163-gulai-udang-nanas-khasbangka-2
Tempe Udang Lada Garam,500 gr udang -- cabai merah keriting  ( sesuaikan banyaknya )  -- 10 cabai rawit besar -- 7 siung bawang merah -- 3 siung bawang putih -- jahe -- 1 bawang bombay lalu potong2 -- 2 sdm saus cabai -- garam -- gula -- penyedap rasa  ( saya pakai totole )  -- 10 sdm minyak bekas goreng udang untuk blender bumbu -- 1 buah lemon -- 2 lembar daun salam -- ,"Cuci bersih udang lalu beri air jeruk lemon ,  diamkan 15 menit cuci kembali udang.. goreng udang sebentar lalu sisihkan -- Siapkan blender.. masukan cabai ,  bawang merah ,  bawang putih ,  jahe dan minyak bekas goreng udang -- Tumis bumbu halus  ( tidak usah di tambah minyak lagi ) .. masukan daun salam ,  dan bawang bombay tumis hingga harum -- Masukan saus sambal ,  garam ,  gula ,  penyedap dan masukan udang.. masak -+10 menit -- ",5, / id / resep / 4283764-udang-saus-padang
Pempek udang isi telur,1 / 4 udang segar -- 3 siung bawang putih  ( cincang )  -- 2 siung bawang merah  ( cincang )  -- 1 cabe besar  ( iris tipis serong )  -- 4 cabe rawit  ( susuai selera )  -- Selembar daun bawang  ( potong kecil )  -- Saos tiram -- 1 sendok teh gula -- Garam  ( koreksi rasa )  -- secukupnya Air -- Jeruk nipis  ( untuk merendam udang )  -- ,"Bersihkan udang lalu rendam dengan air dan perasan jeruk nipis 5menit -- Panaskan kompor beri minyak goreng tunggu hingga panas -- Masukan bumbu bawang putih , bawang merah , cabe tunggu hingga harum -- Masukan udang yang telah di rendam  ( buang air rendamannya )  -- Setelah berubah warna tambahkan air secukupnya tunggu mendidih -- Masukan saos tiram garam gula secukupnya dan daun bawang -- Tunggu hingga mendidih dan mengental -- Setelah itu koreksi rasanya ,  matikan kompor dan hidangkan dengan nasi hangat -- Selamat menikmati -- ",0, / id / resep / 4275962-udang-pedas-manis
Cap cay goreng udang,1 / 2 kg udang segar -- 2 buah bawang bombai -- Bumbu -- 6 buah bawang merah -- 3 buah bawang putih -- 10 cabe kriting -- 10 cengek setan -- Minyak  ( untuk numis )  -- 1 sdt Garam -- 1 / 2 sdt gula -- ,"Goreng udang ,  angkat dan tiriskan -- Potong bawang bombai sesuai selera -- Blender cabe ,  cengek ,  bawang merah ,  bawang putih -- Panaskan minyak ,  tumis bawang bombai sampai harum lalu masukan sambal yang sudah di blander tadi ,  tunggu hingga matang. -- Masukan garem dan gula -- Lalu masukan udang ,  tes rasa dan hidangkan -- ",5, / id / resep / 4262177-balado-udang-bombai
Koloke Udang asam manis,secukupnya Udang goreng tepung -- 1 / 4 bawang bombai  ( diiris )  -- 1 siung bawang putih  ( dicincang )  -- 1 siung bawang merah  ( dicincang )  -- 1 buah sosis  ( diiris )  -- 2 sdm kecap manis -- 1 sdm saos sambal -- secukupnya Royco -- secukupnya Lada hitam -- secukupnya Air -- secukupnya Mentega -- ,"Panaskan mentega ,  tumis bawang bombai ,  bawang putih ,  bawang merah dan sosis. Tumis hingga layu dan harum -- Masukkan air secukupnya ,  kemudian tambahkan kecap dan saos sambal. Aduk rata -- Bumbui dengan lada hitam dan royco secukupnya ,  aduk rata dan tunggu hingga air sedikit menyusut -- Masukkan udang goreng tepung dan aduk rara -- Udang saos lada hitam siap disajikan -- ",3, / id / resep / 4258248-udang-saos-lada-hitam
Udang Sambal Korek,500 gr Udang Kupas -- Tepung Bumbu Serbaguna -- Bawang Putih -- Bawang Merah -- Cabe Rawit -- Saos Tiram -- Saos Cabe -- Minyak untuk menumis -- secukupnya Air -- ,"Cuci bersih udang ,  buang cangkangnya ,  sisakan ekornya -- Ambil 2sdm tepung serbaguna  ( saya pakai tepung kob *  )  ,  beri sedikit air ,  lalu masukan udang kupas tadi ke adonan tepung cair tadi -- Siapkan juga tepung kering  ( sisa tepung serbaguna tadi )  dimangkok terpisah ,  ambil udang dr adonan tepung cair tadi satu persatu ,  lalu gulingkan di atas tepung kering ,  sambil panaskan minyak ,  setelah itu goreng satu persatu hingga warnanya kuning kecoklatan / sesuai selera ,  angkat lalu tiriskan -- Setelah itu iris2 bawang putih dan bawang merah  ( kalau ada bawang bombay lebih bagus )  ,  klo mau pedas bisa ditambahkan irisan cabe rawit -- Panaskan minyak untuk menumis ,  lalu tumis irisan bawang putih ,  bawang merah&cabe tadi ,  setelah wangi ,  beri saos cabe&saos tiram ,  aduk2 sebentar lalu beri sedikit air ,  tunggu sampai mendidih ,  setelah itu angkat lalu tuang kedalam mangkuk terpisah ,  tp klo mau dimakan langsung disiram ke udang tadi juga bisa. Selesaii ,  selamat menikmati. -- ",6, / id / resep / 4236820-udang-goreng-tepung-saos-tiram-pedas
Udang jamur saos teriyaki,"100 gr ayam cincang -- 100 gr udang cincang -- 1 siung bawang putih , cincang halus -- Garam -- Gula -- Lada -- Daun bawang -- Kulit dumpling -- 3-5 sdm Air -- 3 sdm Minyak goreng -- ","Campur daging ayam dan udang -- Masukan bumbu"" ,  bawang putih dan daun bawang. Kemudian aduk rata. -- Ambil 1 lembar kulit dumpling -- Masukkan 1 sdt adonan ke kulit dumpling -- Oleskan pinggiran kulit dumpling dgn air ,  lalu lipat jd setengah lingkaran -- Panaskan minyak goreng di teflon -- Masukkan dumpling lalu masak hingga bawahnya sedikit kecoklatan  ( api sedang )  -- Setelah kecoklatan masukkan air ,  lalu tutup dengan tutup panci hingga matang -- Sajikan bersama bumbu kacang atau saus bangkok -- ",3, / id / resep / 4237082-dumpling-ayam-udang
Udang Bakar Praktis,200 gram udang kupas -- 5 siung bawang merah utuh -- 2 buah tomat pot 4 -- 3 buah cabe  ( sesuai selera )  -- Garam -- Kaldu -- Gula -- ,"Tumis semua bahan kecuali udang ,  setelah layu ulek kasar dan tumis kembali. -- Masukan udang ,  beri sedikit air tambahkan garam , kaldu dan gula masak hingga air mengering angkat dan sajikan. -- ",9, / id / resep / 4236409-udang-sambal-bawang
Udang bakar kecap malas,250 gram udang -- 2 buah brokoli -- 5 cabai rawit -- 5 bawang merah -- 3 bawang putih -- Tomat -- Gula -- Garam -- Telur -- ,"Tumis bawang merah dan putih hingga harum ,  masukan cabai tomat dan garam serta gula. -- Masukan brokoli dan udang -- Tambahkan telur ketika brokoli sudah hampir matang ,  koreksi rasa. Udang kribo siap disajikan -- ",5, / id / resep / 4234919-tumis-udang-kribo
Udang telur puyuh balado petai,1 / 4 kg udang -- 1 bungkus tepung bumbu serbaguna -- 5 siung bawang putih -- 6 siung bawang merah -- 15 biji cabe kecil -- 1 cm jahe -- 1 buah sereh -- 2 lembar daun jeruk -- Secukupnya merica bubuk dan bumbu kaldu penyedap  ( masako )  -- Minyak goreng -- ,"Cuci bersih udang ,  tiriskan. Lumuri udang dengan tepung bumbu serbaguna lalu goreng -- Cincang duo bawang ,  iris-iris cabe dan daun jeruk ,  geprek sereh dan jahe -- Tumis semua bumbu-bumbu sampai agak kering. Masukkan merica bubuk dan bumbu kaldu penyedap ,  lalu tes rasa. -- Terakhir masukkan udang goreng tepung kedalam tumisan bumbu. Aduk rata lalu siap disajikan -- ",7, / id / resep / 4233200-udang-goreng-tepung-cabe-garam
Udang Kecap Bawang Putih ,udang kecil buang kotoran ny -- sisir jagung -- cabe merah iris sesuai selera -- bawang merah iris sesuai selera -- secukupnya saos tiram -- secukupnya lada bubuk -- secukupnya minyak zaitun -- air sedikit biar tumisan ga kering bngt -- ,"Tumis cabe merah ,  bawang merah dngn minyak zaitun sampai harum masukkn jagung msk smpai matang tambhkn udang , saos tiram , lada bubuk tambhkn air sedikit biar ga kering bngt aduk rata msk smpai matang angkt -- ",3, / id / resep / 4229671-tumis-udang-jagung-saos-tiram
Tim Tahu Udang,2 kg Udang  ( saya pakai udang kali )  -- 15 siung bawang merah -- 10 siung bawang putih -- 10 buah cabe  ( seseuai selera )  -- secukupnya Merica -- 1 ruas jari jahe -- 1 ruas jari lengkuas -- 3 buah sere -- 1 botol saos tomat ukuran sedang -- Garam dan gula secukupnya tambahkan penyedap -- 4 buah tomat -- secukupnya Minyak goreng -- secukupnya Daun bawang -- ,"Hilangkan kakinya , cuci bersih lalu rendam menggunakan perasan jeruk nipis untuk menghilangkan bau amisnya. -- Haluskan semua bumbu kecuali sere dan lengkuas -- Tumis bumbu menggunakan minyak goreng ,  tunggu hingga mendidih dan udang menjadi warna merah ,  beri garam ,  gula ,  penyedap rasa dan saos ,  setelah matang lalu beri taburan daun bawang -- Susun diatas mangkok ,  udang asam manis siap disantap... -- ",4, / id / resep / 4206714-udang-asam-manis
Ikan udang masak senggang,"1 papan tempe ,  potong kubus -- 5 buah tahu putih ,  potong kubus -- 250 gr udang kecil -- Jeruk nipis -- 5 buah bawang merah -- 2 buah bawang putih -- 7 buah cabai merah -- Garam -- Kaldu bubuk -- Gula -- 1 / 4 sdt cuka -- ","Bersihkan udang ,  kucuri air jeruk nipis dan garam. Biarkan 5 mebit lalu cuci bersih. -- Goreng udang ,  sisihkan. Goreng juga tempe dan tahu di minyak bekas udang. -- Sisakan sedikit minyak bekas menggoreng di wajan. Sementara itu haluskan duo bawang dan cabe ,  lalu tumis di minyak tadi sampai wangi -- Tambahkan cuka ,  lalu koreksi rasa dg gula dan garam sesuai selera -- Masukkan tempe ,  tahu dan udang yg tah digoreng ,  aduk rata. Siap dihidangkan -- ",8, / id / resep / 4196200-balado-tahu-tempe-udang
Kaldu kulit dan kepala udang,500 gr udang -- 3 siung bawang merah -- 3 siung bawang putih -- bawang bombay -- 2 buah cabe merah ( tergantung selera )  -- 1 buah tomat -- 1 bungkus tepung bumbu siap pakai -- 5 sdm saos tomat -- 1 sdt tepung maizena ( larutkan dgn sedikit air )  -- minyak untuk menggoreng -- ,"Kupas udang terus cuci bersih -- Goreng udang dengan tepung bumbu sampe abis ,  , sisihka -- Iris bawang merah , bawang putih , bawang bombay , cabe merah , tomat -- Panaskan minyak , tumis bawang bombay sampe layu , lalu masukan bawang merah , bawang putih , cabe merah & tomat , tumis hingga harum l , masukan air secuku ny , masukan garem , gula pasir , lada bubuk secukupny ,  ,  ( yg biasa pake penyedap rasa jg boleh di tambahkan sedikit )  ,  , terus masukan saos tomat dan maizena -- Setelah kental masukan udang yg udah di goreng , aduk sebentar terus matikan apiny -- Taruh di mangkok ,  ,  sajikan -- ",5, / id / resep / 4180122-udang-asem-manis
Udang Goreng Gandum,1 kg udang. Bersihkan -- 7 siung Bawang putih  ( dihaluskan )  -- 1 / 2 sdt Merica bubuk -- Secukupnya garam dan penyedap -- 1 butir telur -- ~ pelapis  -- 5 sendok sayur terigu -- 1 sendok sayur maizena -- ,Aduk rata udang yg sudah dibersihkan dengan bawang putih. Merica bubuk. Penyedap dan garam. diamkan beberapa menit / jam -- Siapkan udang yg sudah dibumbui. kemudian pecahkan telur diatasnya dan aduk rata -- Dalam wadah campur tepung terigu dan tepung maizena  ( tdk usah beri garam )  -- Gulingkan udang pada tepung. Remas sambil diCubit2. Supaya tepung jadi keriting -- Goreng sampai kecoklatan dengan api kecil -- Siap dinikmati  -- ,13, / id / resep / 3208634-udang-goreng-krispy-%F0%9F%8D%A4
Udang Kemiri,300 gram udang. Kupas dan ambil kepalanya --  ( kulit dan kepala udang cuci bersih untuk bikin kaldu )  -- 2 batang daun bawang. Iris kasar -- 4 batang seledri. Iris kasar -- 1 buah tomat. Buang biji. Potong2 -- 1.5 sdm air jeruk nipis -- 250 ml santan dari 1 / 2 butir kelapa -- Secukupnya garam. Gula dan penyedap -- Bahan kaldu udang -- Kulit dan kepala udang -- 1 siung bawang putih besar. Geprek -- 1 / 2 ruas jahe. Geprek -- 1 liter air -- Rempah tambahan  -- 5 lembar daun jeruk -- 2 cm kayu manis -- 2 lembar daun salam -- 3 biji Kapulaga -- 2 ruas lengkuas. Geprek -- 1 batang sere -- Bumbu halus  -- 8 biji cabe rawit merah dan 8 biji cabe rawit hijau -- 4 siung bawang merah -- 5 siung bawang putih -- 1 / 2 butir pala -- 1 ruas kunyit -- 1 ruas jahe -- 1 sdt ketumbar -- 1 / 4 sdt jintan -- 1 sdt merica butiran -- 2 butir Kemiri -- Pelengkap  -- Soun  ( bilas air dingin sebentar )  -- Toge -- Bawang goreng -- Emping goreng  ( sy skip )  -- ,Membuat kaldu udang rebus kulit dan kepala udang dengan 1 liter air. Bawang putih dan jahe. Rebus dengan api kecil hingga kira2 air tinggal 700 ml. Angkat. Dinginkan. Kemudian blender kulit dan kepala udang dengan sebagian air. Saring -- Tumis bumbu halus dan Rempah tambahan sampai harum -- Didihkan air kaldu. Kemudian masukkan bumbu yg dah ditumis dan santan. Masak sampai mendidih  ( Aduk2 ya... Biar santan tdk pecah )  -- Setelah mendidih masukkan udang. Daun bawang. Tomat. Garam. Gula. Penyedap dan air jeruk nipis. Tes rasa -- Sesaat sebelum diangkat masukkan soun. Toge dan seledri. Aduk rata. Angkat -- Sajikan dengan taburan bawang goreng -- ,10, / id / resep / 4029972-soto-udang
Udang Goreng Tepung Krispi,2 buah jagung -- 1 ons udang besar bersihkan dan buang kulitnya -- 2 lembar daun jeruk -- 2 siung bawang merah -- 4 siung bawang putih -- secukupnya penyedap masako sapi -- secukupnya tepung terigu -- daun pre secukupnya  / boleh di skip -- ,"Bersihkan jagung. Sisir. Blender -- Blender bawang merah , bawang putih dan daun jeruk -- Bersihkan udang. Buang kulit dan kepalanya. -- Campur bumbu ,  jagung dan udang ,  daun pre. Tambahkan tepung dan penyedap dan air secukupnya. -- Cek rasa. Goreng dengan minyak panas -- Siap dinikmati -- ",5, / id / resep / 4063811-bakwan-jagung-udang-spesial
Serundeng jagung udang Banyuwangi,1 / 2 kg udang -- 5 siung bawang merah -- 2 siung bawang putih -- 5 bh cabe keriting -- 10 bh cabe rawit -- 1 sdm tempoyak -- ,"Bersihkan udang buang kepala -- Haluskan bawang merah , bawang putih ,  cabe -- Tumis bumbu sampai harum masukan tempoyak kemudian masukan udang beri garam dan gula. -- Masak hingga udang benar2 matang. Siap dihidanglan. -- ",5, / id / resep / 4064336-sambal-tempoyak-udang
Soup Oyong Bola Udang,500 gr udang -- Bumbu -- 4 siung Bawang putih -- 2 siung bawang merah -- 3 buah cabe rawit -- 1 buah tomat -- 1 bks Saori saos tiram -- 3 sdm saos sambal -- Penyedap -- Gula -- Garam -- Merica bubuk -- Saos raja rasa -- Minyak wijen -- Margarin -- ,"Kupas kulit udang ,  cuci bersih -- Rajang semua bumbu -- Masukkan margarine secukupnya dlm wajan ,  tumis bawang merah ,  bawang putih ,  Cabe ,  tomat -- Masukkan minyak wijen ,  saos raja rasa secukupnya ,  tambahkan gula garam penyedap merica bubuk ,  tambahkan saos tiram ,  saos sambal -- Masukkan udang -- Tambahkan sedikit air -- Masak hingga matang dan air menyusut -- Test rasa -- Udang saos tiram siap dinikmati -- ",5, / id / resep / 4063869-udang-saos-tiram
Udang Saos Nenas Asam Manis,"250 g udang kupas  ( rebus dulu sebelum dimasak )  -- 1 ikat kacang panjang  ( saya pakai setengahnya )  -- 4 siung bawang putih ,  cincang halus  ( 3siung buat tumis udang nya nanti ,  1 siung untuk tumis sayurnya )  -- 2 sdm madu -- 1 buah lemon -- 1 buah tomat ,  potong2 -- Garam -- Lada -- Olive oil / minyak untuk menumis -- ","Tumis bawang putih sampai harum lalu masukkan udang dimasak sampai udang berubah warna. Masukkan madu dan perasan lemon ,  beri garam dan lada lalu cek rasa. Matikan api. -- Diwajan kedua ,  tumis kacang panjang dengan cincangan 1siung bawang putih ,  masukkan potongan tomat ,  lalu masukkan udang yang telah dimasak tadi. Aduk-aduk sampai matang dan merata. -- ",6, / id / resep / 4062467-udang-kacang-panjang-calorias-por-porcion
Gammi Udang,"Bahan Udang Goreng -- 0 , 25 kg udang  ( aku belah punggungnya dan kasih jeruk nipis )  -- 2 sendok tepung beras  ( cairkan dengan sedikit air untuk celupan udang )  -- Secukupnya tepung sajiku -- Bahan Saos -- 1 sachet mentega  ( aku pake blue band yang 2000an )  -- 1 butir telur asin  ( ambil kuningnya )  -- 4 siung bawang putih  ( cacah kecil” )  -- 1 sendok air -- ","Bersihkan udang ,  celupkan ke dalam cairan tepung lalu gulung” di tepung sajiku lalu siap digoreng -- Panaskan teflon ,  masukkan seluruh blue band tunggu meleleh lalu masukan bawang putih dan kuning telur asinnya masak hingga bau nya harum lalu masukkan 1 sendok ajr tunggu matang lalu siap di guang keatas udang yang sudah digoreng -- ",10, / id / resep / 4062054-udang-tepung-saos-mentega-bawang-telur-asin
Rolade udang spesial,1 / 4 udang -- 2 iket kemangi -- 7 buah baso sapi -- 1 buah tomat -- 4 cabai rawit  ( sesuai selera )  -- 5 cabai merah keriting  ( sesuai selera )  -- 1 ruas jahe -- 1 ruas kunyit -- 2 bawang putih -- 4 bawang merah -- garam  ( secukupnya )  -- 1 / 2 sdt gula -- 3 lembar daun jeruk -- 1 buah sereh -- air -- minyak sayur -- ,"Cuci dan bersihkan udang sampai bersih menggunakan air -- Petik menjadi beberapa bagian kemangi kemudian cuci dengan air -- Iris-iris baso sesuai selera -- Untuk bumbu : masukan garam ,  cabai ,  tomat ,  bawang merah ,  bawang putih ,  jahe ,  kunyit kemudian ulek sampai halus dan geprek sereh -- Siapkan minyak sayur untuk menumis ,  lalu tumis bumbu yg sudah di ulek tadi sampai harum kemudian tambahkan daun jeruk dan sereh ,  tambahkan garam ,  gula dan sedikit air -- Masukan udang tunggu beberapa menit kemudian masukan baso dan terakhir masukan kemangi ,  aduk kembali sampai rata -- Tes rasa dan Udang Rica-Rica Kemangi siap untuk di sajikan dengan nasi hangat. -- ",3, / id / resep / 4057054-udang-rica-rica-kemangi
Soto udang medan,1 / 2 kg Udang -- 6 siung Bawang Merah -- 4 siung Bawang Putih -- 20 biji Cabe Rawit -- 1 buah Tomat Merah -- 1 sdm Saos Tiram -- 1 sdm Saus Cabe -- secukupnya Gula -- secukupnya Garam -- Penyedap Rasa -- 1 / 2 gelas air -- Minyak untuk Menumis -- ,"Kupas udang ,  buang kepala dan kulitnya -- Iris cabe rawit ,  bawang merah ,  bawang putih ,  dan tomat -- Panaskan wajan ,  tuang sedikit minyak ,  masukkan irisan bumbu ,  tumis sampai harum -- Masukkan udang kupas ,  tumis sampai berubah warna ,  masukkan air ,  saos tiram ,  saus cabe ,  gula ,  garam dan penyedap -- Tunggu sampai kuah agak mengental dan menyusut. Koreksi rasa ,  hidangkan -- ",11, / id / resep / 4042271-tumis-udang-pedas
Udang Petai Kuah Bumbu Bali Asam-Manis,"Bahan A: -- 250 gr udang ukuran sedang  ( bersihkan ,  potong sedikit bagian punggung )  -- 1 / 2 buah lemon  ( peras ,  ambil airnya )  -- 1 / 2 sdt garam -- 1 / 4 sdt merica -- Bahan B: -- 2 siung bawang merah  ( iris tipis )  -- 5 siung bawang putih  ( cacah halus )  -- 3 buah cabai rawit  ( atau sesuai selera )  -- 3 lembar daun jeruk  ( buang bagian tengah ,  lalu iris tipis )  -- 1 sdm olive oil  ( bisa diganti minyak goreng biasa )  -- Bahan C: -- 1 sdm kecap manis -- 1 sdm saos sambal -- 1 sdt gula pasir -- 3 sdm air putih -- Taburan: Bawang putih goreng  ( opsional )  -- ",Campur semua bahan A dalam wadah. Diamkan sebentar minimal 5 menit. -- Panaskan olive oil di wajan. Masukkan semua bahan B. Aduk hingga harum dan layu. -- Masukkan semua bahan A  ( termasuk sisa air lemon ) . Aduk rata hingga udang berubah warna dan sedikit mekar. -- Masukkan semua bahan C. Aduk rata. Cicipi. Tambahkan garam dan gula jika perlu. Matikan api. Sajikan. -- ,0, / id / resep / 4024894-udang-saos-lemon
Paprika udang,500 gr udang -- 7 siung bawang merah -- 3 siung bawang putih -- 3 ons cabai rawit -- 1 cm kunyit -- 1 batang sereh -- 5 lembar daun jeruk -- 1 lembar daun salam -- penyedap masakan -- 1 / 2 sdt gula pasir -- santan kara -- 4-5 gelas air -- ,Cuci udang sampai bersih. goreng bawang dan cabai hingga sedikit ada gosongnya lalu haluskan dan tambahkan kunyit.. -- Larutkan 1 bungkus santan kara dg 4 gelas air. -- Tumis bumbu halus dan masukan sereh geprek beserta daun salam dan jeruk -- Setelah bumbu harum masukkan udang masak hingga kemerah2an. kemudian tuang santan -- Masukan penyedap rasa dan tambahkan gula -- Tunggu hingga mendidih.lalu angkat dan sajikan  -- ,3, / id / resep / 4023999-udang-masak-pedas
Balado udang + telur puyuh,1 ons Udang yg sudah dikupas -- ukuran sedang Tempe -- Bahan tambahan: -- 2 butir bawang merah iris tipis -- 2 butir bawang putih iris tipis -- 2 cabe merah iris tipis -- 2 helai daun bawang iris menyerong -- 1 masako ayam -- ,"Potong tempe ukuran dadu , goreng dimiyak yg panas biarkan sampe kekuningan terus masukan udang masukan lg bawang merah dan putih aduk2 sampe tercium bau wangi lalu masukan masako aduk 2 lalu angkat. -- ",6, / id / resep / 4005818-ongseng-tempe-udang-simpel
Seblak Udang  ( tanpa MSG ) ,1 / 2 kg udang  ( ada 6 ekor ukuran lumayan besar )  -- Bumbu halus : -- 1 ruas kunyit -- 1 / 2 sdt ketumbar -- 2 siung bawang putih -- secukupnya Garam -- Minyak goreng  ( saya pakai banyak sampe udang terendam )  -- ,Lumuri udang yang sudah dibersihkan dengan bumbu halus dan biarkan 30mnt agar bumbu meresap -- Panaskan wajan sampai panas  ( keluar asap )  lalu masukan minyak -- Setelah minyak benar2 panas masukan udang dan goreng kira2 sampai 10mnt  ( agar udang garing hingga daging udang tidak lengket dibagian kulit )  -- Paling pas dinikmati bersama sambel kecap -- ,3, / id / resep / 3997115-udang-galah-goreng-kunyit-simple
Cireng Udang,Bawang merah bawang putih -- Udang laut -- 8 Cabe merah -- secukupnya Cabe kecil -- Daun bawang -- 2 Pete padi -- 2 Cabe hijau -- Tomat -- Garam -- Gula -- Sasa -- secukupnya Royiko -- ,"Bersikan udang dari kepala y kupas pete dan siap kan irisan daun bawang -- Siap kan bumbu yang sudah di tumbuk atau giling -- Tumis semua bumbu , masukan pete dan irisan daun bawang Hingga wangi -- Lalu masukan udang yang sudah di bersikan ke dalam bumbu yang sudah di tumis -- Silahkan mencoba -- ",7, / id / resep / 3977878-sambel-udang-pete
Tauco Udang,1 / 2 kg Udang -- 1 Bawang bombay -- 3 siung Bawang putih -- 2 siung Bawang merah -- 1 buah Tomat -- 1 Sayur Brokoli -- secukupnya Gula -- secukupnya Penyedap -- 1 saset Bumbu Barbeque -- ,"Goreng Udang terlebih dahulu ,  dan godok brokoli terlebih dahulu -- Sebagai awal pemasakan ,  Oseng Bawang merah ,  bawang putih ,  dan bawang bombay yang sudah di potong-potong. Tunggu sampai baunya harum -- Kemudian masukkan Udang ,  brokoli ,  pentol ,  dan tomat -- Masukkan 1 saset saus barbeque. Kasih air secukupnya dan aduk sampai merata -- Cicipi rasa ,  jika kurang pas tambahkan gula secukupnya. Tunggu sampai bumbu mengetal -- Sajikan sesuai selera -- ",2, / id / resep / 3949605-udang-barbeque-with-sayur-brokoli-and-pentol
Ca Kol Wortel Udang,"250 gr udang -- 1 buah jeruk nipis -- 1 buah telur ayam ,  kocok lepas -- 4 sdm saos tomat -- 4 sdm saos sambal -- 2 sdm saos tiram -- 2 jagung manis ,  potong menjadi 8 -- secukupnya Garam gula -- 1 / 2 buah bawang bombay ,  iris -- 2 lbr daun salam -- 3 lbr daun jeruk -- 500 ml Air -- 4 buah tahu besar  ( 1 tahu potong jadi 3 bagian )  -- Bumbu Halus : -- 8 siung bawang merah -- 6 siung bawang putih -- 1 cm jahe -- 2 cm kunyit -- 4 butir kemiri goreng -- 6 buah cabe keriting -- 6 buah cabe rawit -- ","Bersihkan udang  ( saya buang kepalanya dan belah punggungnya )  ,  cuci bersih ,  beri perasan air jeruk nipis ,  diamkan sebentar lalu cuci kembali. -- Goreng tahu  ( jgn terlalu kering )  ,  sisihkan.
Rebus jagung ,  sisihkan. -- Tumis bawang bombay ,  masukkan daun salam dan daun jeruk. Setelah layu masukkan bumbu halus ,  tumis sampai harum. Lalu masukkan udang ,  masak hingga udang berubah warna. -- Setelah itu masukkan air ,  saos sambal ,  saos tomat ,  saos tiram ,  garam dan gula. Masak hingga mendidih. -- Setelah mendidih masukkan tahu dan jagung. Masak hingga air menyusut sedikit lalu masukkan telur sambil terus diaduk2. -- Koreksi rasa ,  jika sudah pas angkat dan sajikan.
Selamat mencoba -- ",61, / id / resep / 3944145-udang-tahu-saus-padang
Ote-ote udang teri crispy,1 / 4 udang ukuran besar -- Secukupnya Minyak goreng -- Secukupnya gula garam -- 1 / 2 sdm kecap manis  ( optional )  -- Merica bubuk -- Penyedap rasa -- Bumbu halus : -- 3 siung bawang putih -- 7 siung bawang merah -- 4 biji cabe merah -- 4 biji cabe rawit -- 1 buah tomat ukuran sedang -- ,"Cuci bersih udang dan tiriskan ,  lalu tumis udang tanpa minyak sampai airnya habis. Setelah itu beri minyak sedikit saja lalu masak smpe udangnya terlihat sedikit kering dan pindahkan ke tempat lain -- Tumis bumbu halus sampai harum ,  tambahkan air ,  gula ,  garam ,  merica ,  penyedap rasa ,  dan kecap manis. Masak hingga bumbu mendidih -- Lalu masukkan udang yg telah digoreng ,  koreksi rasa dan masak sampai bumbu benar2 meresap. Siap dihidangkan -- Nb : kesesuaian rasa tergantung lidah masing2 ya bunda. Kalo aku sih sukanya manis tp disini bukan manis kecap melainkan manisnya gula. Kecap itu cuma sebagai penambah gurih aja soalnya aku pake kecap bango  ( favorite banget )  -- ",10, / id / resep / 3924091-udang-masak-merah-simple
Jipang tumis udang,2 bj nenas yg stngh mateng -- 1 / 4 udang yg sedang besarx -- 2 papan pete -- 4 buah tempe potong kotak -- Bumbu eleg -- 4 bj cabe kering merah -- 3 bj cabe kriting -- 8 bj bawang merah -- 4 bj bawang putih -- 3 bj kemiri -- 1 ruas jahe -- Laos geprek -- Daun jeruk dkt -- 500 ml Santan kental -- ,"Uleg semua bumbu uleg kecuali daun jeruk nd santan -- Tumis bumbubuleg , masukn udang dn petaix -- Masukn tempe..dn nanasx.tunggu kuahx surut bntr bru masukn santan kentalx , krn nanasx mengandung air ,  -- Jgn lupa daun jerukx , cicipi rasa -- Matang siap d sajijn -- ",4, / id / resep / 3923571-tumis-nanas-udang-pete-pedas
Nasi Bakar Udang Kemangi,1 buah brokoli hijau -- Udang -- Bawang putih -- Bawang bombay -- Cabe merah -- Garam -- Lada -- Gula -- ,"Bersihkan udang. Buang kepala & ekornya. -- Potong brokoli. Iris bawang bombay ,  cabe besar. Geprek bawang putih -- Panaskan wajan ,  beri sedikit minyak. Tumis bawang bombay ,  bawang putih ,  cabe merah. Setelah harum beri sedikit air -- Masukan brokoli. Tambahkan gula ,  garam ,  lada. Koreksi rasa. -- Tumis brokoli udang siap disajikan -- ",28, / id / resep / 3939697-tumis-brokoli-udang
Daun Singkong Pepes Udang Tahu,1 / 4 kg Udang -- Petai 1 keris -- Minyak secukupnya untuk menumis -- sesuai selera Gula garam -- Bumbu halus  ( diblender )  -- 7 buah Cabe keriting -- 3 siung Bawang putih -- 4 siung Bawang merah -- 2 buah tomat -- 1 / 2 blok Terasi goreng ABC -- secukupnya Air -- ,"Cuci semua bahan dan bumbu. -- Blender bumbu dengan setengah gelas air. -- Panaskan minyak dalam wajan. -- Goreng udang yang sudah dibersihkan. -- Masukkan petai. Masak sampe setengah matang. -- Masukkan bumbu yang sudah dihaluskan dengan blender. -- Beri gula garam dan saos tiram. -- Koreksi rasa ,  hidangkan dengan nasi panas. -- ",7, / id / resep / 4468455-udang-sambal-petai-sangat-sederhana
Tumis udang kikil,1 / 2 kg udang agak besar  ( buang kulit sisakan ekornya )  -- 3 siung bawang putih cincang halus -- 3 siung bawang merah iris halus -- 3 telor asin mateng yg merahnya aja -- 1 telor ayam biasa kocok -- 1 helai bawang daun -- secukupnya Jamur totole -- secukupnya Garam -- Merica -- Minyak goreng -- Bahan tepung : -- 1 sachet tepung golden cryspy sasa  ( dibuat basah dan kering )  -- 1 sachet tepung sajiku  ( nanti dicampur dengan tepung sasa )  -- 1 / 4 tepung oatmeal utk lapisan kering -- ,"Buat adonan basah dari campuran tepung sasa dan sajiku -- Sisakan tepung sasa dan sajiku dicampur jadi satu -- Masukkan udang yg sdh dikerat badannya dibuang kotorannya trua celup ke adonan tepung basah trus ke adonan tepung kering campuran sasa sajiku terus masukkan ke tepung oatmeal trus goreng trus setelah warnanya kekuningan dan matang.. angkat trus tiriskan -- Panaskan minyak utk menggoreng bawang putih dan bawang merah trus masukan telor kuning yg dilembutkan dan kocokan telor..masukkan udang yg sudah digoreng trus aduk rata trus kasih bumbu totole garam merica ,  aduk rata trus sebelum diangkat masukan irisan bawang daun. -- Sajikan -- ",3, / id / resep / 4460692-udang-tepung-oatmeal-telor-asin
Bubur udang asparagus saos madu,"25 lembar kulit pangsit -- 250 gr ayam giling  -- 250 gr udang kupas ,  cincang -- 1 buah bengkoang / labu siam ,  potong dadu  -- 1 buah wortel ukuran besar ,  potong dadu -- 100 gr tepung tapioka / sagu tani  -- 1 butir telur -- 1 batang daun bawang -- 3 siung bawang merah ,  haluskan -- 5 siung bawang putih ,  haluskan -- secukupnya Gula ,  garam & lada bubuk -- 1 sdm kecap asin -- 2 sdm minyak wijen -- 1 buah wortel ,  parut untuk topping-- ","Campur daging ayam ,  udang ,  labu siam ,  wortel ,  daun bawang ,  bawang merah & bawang putih -- Masukkan tepung tapioka ,  aduk rata -- Tambahkan telur ayam ,  aduk rata -- Masukkan sisa bumbu : lada ,  garam ,  gula ,  kecap asin & minyak wijen ,  aduk rata. Jika terlalu lembek ,  bisa tambahkan tepung tapioka sedikit -- Ambil selembar kulit pangsit ,  beri 1 sdm penuh adonan siomay -- Tutup sisinya sambil dilekuk2 ,  bisa langsung dimasukkan kukusan yg sudah dioles minyak sayur ,  atau diwadahin pakai cetakan bolu kukus yg sudah dioles minyak -- Beri topping wortel parut -- Kukus selama 30 menit dengan api sedang ,  hingga matang. Siap disajikan dengan saos sambal atau saus kacang favorit -- ",4, / id / resep / 4461427-siomay-ayam-udang