Title,Ingredients,Steps,Loves
Orak arik telur buncis,1 butir telur -- 10 buncis -- 3 siung bawang merah -- 2 siung bawang putih -- 6 cabe rawit -- 1 sdm kecap manis -- Penyedap rasa -- ,"Haluskan bawang merah ,  bawang putih dan cabai -- Iris buncis sesuai selera -- Tumis bumbu halus hingga harum -- Masukan buncis hingga agak layu -- Masukan penyedap -- Masukan telur ,  lalu campur dengan buncis di orak arik hingga rata.. tunggu sebentar kemudian di orak arik lagi..  -- Masukan kecap manis -- Masukan air  -- Koreksi rasa -- ",1
Terik Ayam Tempe Telur,4 sayap ayam -- 4 buah telur -- 1/2 papan tempe -- Bumbu halus: -- 5 siung bawang merah -- 4 siung bawang putih -- 2 butir kemiri -- 1/2 sdm ketumbar -- Garam -- Bumbu lain: -- 2 cm lengkuas -- 1 lembar daun salam -- 1 batang sereh -- Gula jawa -- Bawang goreng -- Minyak -- 1 bungkus santan kara -- Air -- 5 buah cabe rawit -- ,"Cuci sayap ayam kemudian sisihkan. Rebus telur dan kupas. Sisihkan. Potong tempe sesuai selera. Sisihkan. -- Panaskan minyak langsung di dalam panci. Tumis sereh ,  daun salam ,  dan lengkuas. Setelah beberapa saat masukkan bumbu halus. Tumis sampai berbau harum. Kemudian masukkan air dan gula jawa dan cabe rawit. Jika air sudah mendidih ,  masukkan sayap ayam dan telur. Masukkan tempe. Tunggu sampai ayam empuk. Masukkan santan kara. Tunggu beberapa saat. Sesuaikan rasa. Matikan api ,  dan taburkan bawang goreng. -- Terik siap dinikmati",6
Telur Kornet,1/2 kaleng kornet -- 2-3 buah bawang prei -- 2 butir telur -- 1 sdm tepung terigu -- Cabe rawit -- Garam -- 1/2 sdt Merica -- 1/2 sdm Saus tiram -- ,"Campur kornet ,  telur ,  bawang prei dan cabe yang sudah di iris tipis. Tambahkan garam merica saos tiram dan tepung terigu. Goreng 1 sdm kemudian cek rasa. Adonan siap di goreng.",7
Tahu Telur Surabaya,1 butir telur -- 1 potong tahu putih goreng setengah matang -- 1/2 siung bawang putih goreng -- 1 sdm petis udang -- 3 sdm kacang tanah goreng -- Gula merah -- Air -- Kucai/seledri -- Bawang goreng -- Garam -- Kecap manis -- 4 buah cabai rawit goreng -- Tauge -- Acar -- ,"Uleg kacang ,  cabai ,  bawang putih ,  gula merah ,  petis. Tambahkan air matang. Aduk hingga rata. Sisihkan -- Potong tahu kecil-kecil. Sisihkan -- Kocok telur dan garam. Masukkan tahu ke telur. Goreng -- Campur telur goreng dan tauge dengan saus kacang. Aduk rata. -- Pindah ke piring ,  tambahkan kecap manis ,  taburi bawang goreng dan kucai/seledri. Tambahkan acar -- ",10
Telur ceplok masak kecap,4 butir telur -- 4 siung bawang merah -- 2 siung bawang putih -- 1 buah tomat -- 4 buah cabe merah besar -- Kecap -- ,"Ceplok telur lalu sisihkan -- Iris tipis dua bawang , cabe dan tomat -- Panaskan minyak tumis bumbu sampai harum -- Tambahkan kecap masukan telur tambahkan air sampai bumbu meresap -- Angkat dan sajikan -- ",0
Sambal telur ayam,1/2 kg telur -- 6 cabe merah besar -- 10 cabe rawit -- lada -- Garam -- Gula putih -- Kecap manis -- 3 bawang putih -- 6 bawang merah -- ,"Rebus telur lalu kupas dan goreng -- Rebus cabe merah ,  rawit ,  bawang putih ,  bawang merah ,  tomat -- Lalu haluskan lada garam ,  dan bumbu yg di rebus tadi -- Tumis bumbu sampai harum masukkan penyedap rasa dan gula ,  aduk rata. Masukkan air matang sedikit lalu masukkan kecap manis sesuai selera dan telur. Tunggu sampai air menyusut. Icip rasa -- Sajikan -- ",6
Telur Dadar Padang,"3 butir telur ayam -- 4 sdm kelapa parut , sangrai -- 2 sdm tepung beras , larutkan dengan sedikit air -- 1/2 lembar daun kunyit , iris halus -- 2 batang daun bawang , iris halus -- Tambahkan garam dan kaldu bubuk -- Bumbu halus : -- 3 buah cabe merah , giling/iris halus -- 5 buah bawang merah -- 3 siung bawang putih -- 1/2 ruas kunyit -- 1 sdt kari bubuk -- 1 sdt ketumbar bubuk -- 1/2 sdt lada bubuk -- ","Kocok telur  -- Masukkan bumbu halus , aduk rata. -- Tambahkan bahan lainnya , beri garam dan kaldu bubuk , tes rasa. -- Panaskan wajan datar anti lengket dengan api besar , beri minyak goreng. -- Setelah minyak panas , tuang kocokan telur , kecilkan api , tutup wajan. -- Jika sudah kokoh , balik telur dan masak sisi lainnya hingga matang. -- Angkat dan tiriskan. -- ",39
Ceplok telur Saus Asam Manis,"2 butir telur -- 1 ruas wortel  -- 1 siung bawang putih geprek cacah halus -- 1/2 siung bawang bombay iris tipis -- 1 sdm saus tomat -- 1 sdm saus sambel -- garam ,  merica dan kaldu bubuk -- gula -- 30 ml air -- ","Ceplok telur sisihkan -- Tumis bawang putih dan bawang bombay sampai harum lalu masukkan wortel ,  tumis sampai agak layu -- Kecilkan api ,  tambahkan air dan masukkan saus serta bumbu perasa -- Aduk rata dan masak sampai mendidih ,  lalu siram keatas telur ceplok -- ",5
Telur Bumbu Bali,"4-5 butir telur rebus ,  lalu goreng -- 2 lembar daun jeruk  -- 1 batang serai -- 50 ml air -- garam ,  kaldu bubuk rasa ayam & gula merah -- minyak -- bumbu halus : -- 6 siung bawang merah -- 3 siung bawang putih -- 10 buah cabe merah keriting -- terasi goreng -- 1 ruas jahe -- ","Tumis bumbu halus bersama daun jeruk & serai hingga harum & matang. Tambahkan garam , kaldu bubuk & gula merah. -- Masukkan telur. Aduk hingga rata. Koreksi rasa
Tuang air. Masak hingga matang sampai air menyusut. -- Telur Bumbu Bali siap disajikan. -- ",49
Bihun Telur Gulung,2 butir telur -- 50 gram bihun -- garam -- Penyedap rasa -- lada bubuk -- 4 sdm air -- Saus -- ,"Masukkan telur ,  garam ,  penyedap ,  lada bubuk dan air kedalam botol. Kocok hingga tercampur rata. -- Seduh bihun dengan air panas ,  diamkan sampe bihun lunak ,  lalu tiriskan. -- Panaskan minyak. -- Tuang telur ,  lalu masukkan bihun. Lakukan gerakan memutar dengan menggunakan tusukan ,  lalu gulung telur kepinggiran wajan. -- Lakukan sampai habis. -- Tuangkan saus diatasnya. Hidangan siap dinikmati --  -- ",10
Semur kering telur kentang,2-4 butir telur -- 2 buah kentang -- 3 siung bawang merah -- 3 siung bawang putih -- Kemiri -- 3 buah cabai merah -- Air -- Gula pasir -- Lada bubuk -- Penyedap makanan -- Kecap -- 1 daun salam -- ,"Potong kentang sesuai selera dan rebus bersama dengan telur. -- Haluskan bawang merah ,  bawang putih ,  cabai ,  kemiri ,  dan lada. -- Kupas telur -- Goreng kentang dan telur yang sudah direbus. -- Tumis bumbu yang sudah dihaluskan sampai harum. Kemudian tambahkan daun salam dan air. -- Setelah mendidih masukan telur dan kentangnya. Tambahkan kecap. -- Tambahkan gula & penyedap rasa ,  aduk-aduk. -- Tunggu sampai kuahnya hilang dan meresap. -- Semur kering telur kentang siap dihidangkan! -- ",7
Rendang Telur,4 butir telur -- 200-250 ml santan -- 1 lembar daun kunyit -- 2 lembar daun salam -- 1 sereh geprek -- Gula pasir -- 1 bungkus bumbu rendang indofood -- 2 sdm kelapa parut yang disangrai dan ditumbuk halus -- Bumbu haluskan : -- 7 siung bawang merah -- 1 cm kunyit -- 1 cm lengkuas -- 1 cm jahe kupas -- 2 butir kemiri -- 4 siung bawang putih -- 1/2 sdt ketumbar bubuk -- 1/4 sdt lada bubuk -- ,"Rebus telur , kupas lalu goreng -- Tumis bumbu halus hingga harum , masukan daun kunyit , daun salam , sereh , aduk rata , masukan bumbu rendang indofood , tumis hingga bumbu matang. -- Masukan telur aduk rata , masukan santan.Adukvagar santan tidak pecah.masukan kelapa parut sangrai yang sudah ditumbuk halus.Beri gula , koreksi rasa -- Masak hingga kuah kental.Jika sudah kental matikan kompor.Siap disajikan -- ",21
Buncis Cah Telur,20 buah buncis -- 4 siung bawang putih cincang -- 1/4 bawang Bombay iris halus -- 2 buah cabe merah iris halus -- 5 buah bakso iris tipis /sosis -- Kaldu Ayam -- Air panas -- 1-2 butir telur -- ,"Tumis bawang putih ,  bawang bombay ,  cabe merah sampai wangi Masukkan bakso atau sosis. -- Masukkan buncis yang sudah di iris ,  oseng sampai berubah warna ,  Masukkan sedikit air panas tunggu sampai agak matang ,  Masukkan bumbu penyedap Dan tes rasa. -- Tepikan buncisnya dan Masukkan Telurnya ,  oseng Telur kemudian balurkan dengan buncisnya. -- ",6
Telur cah tomat,2 butir telur -- 1 buah tomat  -- 2 siung bawang merah -- 1/2 siung bawang bombay -- 2 buah cabe rawit merah -- daun bawang -- Garam -- Merica -- Gula -- ,"Tumis bawang merah dan bawang bombay ,  masukkan telur lalu orak arik dan sisihkan -- Tambahkan sedikit minyak disisi lain wajan ,  masukkan tomat ,  cabe dan daun bawang lalu aduk2 sampai tomat layu ,  -- Setelah layu ,  aduk rata dengan telur yg sudah di orak arik ,  tambahkan garam ,  merica dan gula ,  koreksi rasa ,  sajikan dengan nasi hangat -- ",2
Cah sawi putih campur telur,"1 buah sawi putih -- 2 butir telur -- 3 siung bawang putih geprek -- 10 buah cabe merah iris -- Air -- Garam ,  gula -- ","Tumis bawang dan cabe sampai harum. -- Sisihkan cabe dan bawang kepinggir wajan ,  masukkan telur aduk rata kemudian orak arik. -- Masukkan sawi aduk sebentar tambahkan air ,  garam ,  gula ,  aduk rata tes rasa. Hidangan siap disajikan -- ",3
Balado ikan pindang balut telur,3 potong ikan pindang salem -- 2 butir telur -- Bumbu yang dihaluskan: -- 5 bawang merah -- 4 bawang putih -- 8 cabe merah -- 2 tomat -- Garam -- Kaldu bubuk --  Motto -- Gula -- ,"Bersihkan pindang -- Kocok telur di wadah lalu masukkan ikan pindang kedalam wadah yang berisi telur dan penyedap rasa -- Panaskan minyak lalu goreng pindang lalu sisihkan -- Tumis bumbu yang dihaluskan lalu masukkan air ,  beri garam ,  gula ,  kaldu bubuk , motto aduk rata dan masukkan pindang yang digoreng tadi aduk rata -- Setelah matang angkat dan tiriskan -- ",17
Telur Sambal Ebi,4 butir telur -- 5 Bawang Merah -- 2 Bawang Putih -- 5 Cabai Rawit -- Serai Geprek -- Merica Bubuk -- Garam -- Gula -- ,"Rebus telur sampai matang ,  kupas lalu Goreng. Sisihkan -- Haluskan bawang merah bawang putih dan cabai ,  lalu tumis sampai harum. Masukkan serai lalu ebi. Berikan Garam  ,  merica lalu gula. -- Masukkan telur ,  aduk sampai rata kemudian tambahkan  air tunggu hingga meresap. -- Angkat dan sajikan. -- ",0
Sandwich telur mayo,Roti tawar -- 2 butir Telur -- Mayonaise -- Susu kental manis -- Garam -- Merica bubuk -- 1/2 Alpukat -- 1 butir Tomat -- ,"Rebus telur hingga matang ,  lalu kupas ,  cincang putih telur sisihkan -- Hancurkan kuning telur ,  tambahkan mayonaise 1 sendok makan , susu ,  merica bubuk ,  garam masukkan irisan alpukat ,  tomat aduk sampai rata -- Panggang roti tawar sebentar lalu olesi dengan isian tutup kembali dengan roti ,  potong segitiga atau sesuai selera -- ",11
Gulai Telur & Kentang,Bumbu halus: -- 10 buah cabai merah keriting -- 6 siung bawang merah -- 6 siung bawang putih -- 3 cm kunyit -- 3 cm lengkuas -- 3 cm jahe -- 1 sdt ketumbar sangrai -- 50 ml minyak -- Untuk tumisan: -- minyak -- 2 lembar daun salam -- 5 lembar daun jeruk -- 2 batang serai -- 10 buah telur rebus -- 3 buah kentang rebus -- 3 buah asam kandis -- 500 ml santan cair -- 150 ml santan kental -- 1 sdm garam -- 1 sdm merica -- 1/2 sdm gula -- ,"Rebus telur & kentang. Sisihkan. -- Blender kasar semua bumbu halus  -- Tumis daun salam ,  daun jeruk ,  dan serai. Tambahkan garam ,  lada dan gula. -- Tuang bumbu halus dari blender. Tumis sampai harum. -- Masukkan telur & kentang. Aduk rata. Lalu tuang santan cair. Aduk dan masukkan asam kandis. Aduk sampai mengental. -- Terakhir ,  masukkan santan kental. Aduk dan angkat asam kandisnya. Tambahkan garam dan gula sesuai selera. -- ",17
Makaroni telur,"150 gram makaroni elbow -- 1 butir telur -- 1 sdm minyak wijen -- air -- garam -- Bumbu tabur -- bumbu balado ,  jagung bakar , bon cabe -- ","Didihkan air yg sudah dicampur minyak dan garam. Lalu rebus makaroni hingga matang. Tiriskan -- Siapkan wajan ,  tambahkan minyak lalu masukkan makaroni ,  tumis hingga setengah kering. -- Masukkan telur yang sudah dikocok. Lalu orak arik hingga matang. Tiriskan ,  kemudian beri bumbu tabur. Siap dimakan -- ",32
Kroket kentang wortel isi telur rebus,500 gram kentang -- 2 buah wortel -- 1 batang daun bawang -- 2 butir telur rebus untuk isian -- Minyak goreng -- Bumbu halus: -- 2 siung bawang putih -- 2 siung bawang merah -- 1 sdt lada -- 1 sdt garam -- kaldu bubuk rasa ayam -- Pelapis: -- 1 butir telur kocok -- 100 gram tepung roti -- ,Potong kentang tebal 1 cm cuci bersih lalu goreng hingga kuning kecoklatan lalu dihaluskan -- Potong wortel berbentuk dadu rebus sampai mendidih lalu tiriskan masukkan ke dalam adonan kentang bersama bumbu halus dan daun bawang yang sudah dicincang -- Aduk sampai merata kemudian koreksi rasa.bentuk seperti bola-bola lalu diisi dengan telur rebus yg sudah dipotong kecil2 sampai adonan habis baru di celupkan ke dalam telur yang sudah di kocok lalu di baluri tepung roti sembari ditekan agar tepung rotinya menempel sempurna -- Lalu goreng dengan api sedang -- Setelah kuning kecoklatan angkat tiriskan dan kroketnya siap disajikan -- ,8
Opor tahu telur,"9 butir telur ,  rebus ,  kupas kulitnya -- 5 buah tahu putih ,  potong , goreng sampai berkulit -- 1 batang sereh -- 1 ruas jari lengkuas -- 1 lembar daun salam -- 1 lembar daun jeruk -- santan 65ml -- 1 liter Air -- Bumbu halus : -- 5 buah bawang merah -- 2 siung bawang putih -- 2 butir kemiri -- 1 ruas jahe -- 1 ruas kunyit -- 1/2 sdt lada butiran -- 1/4 sdt jinten -- 1 sdm ketumbar -- garam ,  gula dan penyedap rasa ayam -- ","Siapkan bahan ,  cuci bumbu halus dan rempah daun ,  sisihkan. -- Tumis bumbu halus hingga harum ,  setelah itu masukkan sereh ,  lengkuas ,  daun salam ,  daun jeruk ,  aduk sebentar sampai daun layu ,  tambahkan air ,  biarkan mendidih ,  angkat ,  sisihkan. -- Masak air didalam panci kurang lebih 900 ml hingga mendidih ,  setelah mendidih masukan tumisan bumbu , aduk sebentar baru telur dan tahu dimasukkan. -- Aduk sesekali lalu bumbui garam ,  gula dan penyedap rasa ayam sesuai selera ,  tes rasa. Masukkan santan instan diaduk terus sampai mendidih hingga tahu dan telur terlihat berubah warna. -- Matikan api ,  angkat dan sajikan -- ",103
Orak arik telur tumis bawang merah,2 butir telur -- 100 gr bawang merah -- 10 buah cabe rawit merah -- 1 sdt terasi -- Garam -- Gula pasir -- Kaldu bubuk -- Minyak -- ,"Panaskan wajan kemudian masukan telur dan buat orak-arik ,  sisihkan -- Panaskan minyak ,  tumis bawang merah dan cabe rawit hingga harum -- Tambahkan terasi ,  gula pasir ,  garam dan kaldu bubuk -- Koreksi rasa -- Masukkan telur orak-arik. Aduk rata. Angkat -- ",22
Stick Tempe telur,"1 papan tempe -- Baluran: -- 1 butir telur -- 2 sdm terigu -- Bumbu : -- 1 siung bawang putih -- 1/2 sdt lada bubuk -- Garam , kaldu bubuk -- ","Kukus tempe hingga empuk , angkat dan potong sesuai selera -- Campurkan telur , terigu dan bumbu aduk rata gunakan sebagai baluran tempe -- Goreng hingga kecoklatan , angkat dan sajikan -- ",29
Fuyunghai Telur,4 butir telur ayam -- Kol -- Daun bawang / kucai --  Tepung serbaguna -- Garam -- Bahan Saus : -- Saus tomat -- 1/4 sdt Tepung maizena -- 3 Bawang putih -- 1 Bawang bombay -- Kacang polong -- Gula / Garam / Penyedap -- air -- ,"Kocok telur masukan garam ,  tepung ,  kol dan daun bawang yang sudah di iris. Lalu goreng di wajan -- Tumis bawang putih dan bawang bombay sampai harum. setelah harum masukan air dan saos tomat aduk sampai mendidih ,  lalu masukan gula garam penyedap aduk lagi koreksi rasa ,  kemudian masukan kacang polong. terakhir masukan larutan maizena. tunggu hingga mengental angkat dan sajikan -- ",26
Daging lapis telur,"1/2 kg daging sapi -- 1 butir telur ayam -- 1 ruas lengkuas -- 1 batang serai -- 5 sdm kecap manis -- 2 lembar daun salam -- 2 lembar daun jeruk -- 1 liter air panas -- bumbu halus: -- 8 butir bawang merah -- 4 butir bawang putih -- 4 butir kemiri ,  sangrai -- 1 sdm ketumbar bubuk -- 1/2 sdm merica bubuk -- 4 buah cabe merah keriting -- garam -- ","Dalam wadah aduk rata daging dengan bumbu halus dan telur diamkan sebentar -- Panaskan sedikit minyak dalam wajan ,  masukkan daging dengan bumbunya ,  masak hingga berubah warna ,  masukkan bumbu lainnya -- Tuang air ,  masak hingga daging empuk dan kuah mengental -- ",16
Tumis Jagung Telur,2 buah Jagung Manis -- 1 butir telur -- 2 siung bawang merah -- 1 siung bawang putih -- 4 buah cabe kriting -- 4 buah cabe rawit --  Garam dan Kaldu penyedap -- ,"Haluskan Bawang merah dan bawang putih. Lalu iris jagung dan iris cabe. -- Langkah pertama panaskan minyak ,  setelah itu masukan bahan yang telah dihaluskan tadi. Kemudian setelah bahan sudah mulai matang masukan jagung yang telah diiris dan masukan telur. Tambahkan cabe kriting yang sudah diiris dan bumbu penyedap seperti garam dan kaldu. -- Aduk hingga matang kemudian sajikan. -- ",12
Telur Balado Ikan Teri,6 butir Telur Ayam -- Cabai -- Minyak Nabati -- 5 buah Bawang merah -- 4 siung Bawang Putih -- 1/2 sdt Gula . -- 1 sdt Garam -- 1 buah Tomat -- 1 Gengam Ikan Teri -- ,"Rebus Telur hingga Matang. -- Kupas kulit telur yg anda rebus tadi. -- Setelah dikupas di goreng hinga timbul kulit ,  lalu Goreng Ikan Teri hingga Garing. -- Siapkan Minyak ,  dan ambil 1 butir bawang merah dan 1 butir bawang putih. Dikupas di potong kemudian cacah sampai halus. -- Setelah itu tumis hingga tercium bau harum. Masukkan Bumbu Cabai yang sudah di haluskan. Tambahkan minyak dan penyedap rasa ,  aduk hingga harum ,  lalu masukkan telur dan ikan teri aduk sampai merata. Dan siap disajikan. -- ",19
"Lodeh labu siam ,  kacang panjang ,  ayam ,  telur dan tahu",1 buah labu siam -- 5 batang kacang panjang potong -- 3 butir telur ayam rebus -- 250 gr ayam -- 1 kotak tahu -- 2 lembar daun jeruk -- 1 batang sereh -- 1 ruas jari lengkuas -- 1 lembar daun salam -- 1 sdt gula -- 1 sdt garam -- 500 ml air kaldu -- 250 ml santan kental -- 1 sdm minyak -- Bumbu halus -- 5 siung bawang merah -- 3 siung bawang putih -- 5 buah cabe merah -- 1 sdt ketumbar -- kunyit -- ,"Panaskan minyak goreng ,  lalu tumis bumbu halus berserta daun jeruk ,  daun salam ,  dan lengkuas. tumis hingga harum -- Masukkan ayam ,  tumis kembali ayam hingga berubah warna. masukkan air kaldu dan santan ,  lalu biarkan hingga mendidih. -- Setelah mendidih ,  masukkan labu siam dan kacang panjang. diamkan hingga sayur layu. -- Masukkan tahu dan telur rebus. tambahkan gula dan garam. masak selama 5 menit. -- Setelah 5 menit ,  koreksi rasa. hidangan siap disajikan. -- ",61
Sarden telur ceplok,3 butir telur -- 1 kaleng sarden cabe -- 3 butir bawang putih -- 3 butir bawang merah -- 1 genggam kacang polong -- 3 buah cabe -- 3 buah cabe hijau -- 150 ml air hangat -- Margarin -- 1 sdt garam -- 1 sdt kecap manis -- 1 sdt bubuk cabe -- 1 sdt merica bubuk -- ,"Goreng telur ,  lalu tiriskan -- Panaskan margarin lalu tumis bawang putih ,  bawang merah dan cabe sampai harum ,  kemudian masukkan kacang polong dan air 50ml -- Masukkan sarden ,  koreksi rasa ,  kemudian tambahkan air 100ml tunggu mendidih -- Masukkan telur ,  aduk pelan. Tunggu meresap. Siap disajikan. -- ",5
Kari tahu dan telur,Tahu 6/7buah (potong 2) -- 4 buah Telur -- 2 buah Kara --  Bumbu kari indofood -- 2 lembar daun salam -- 1 Sereh -- 1/2 jempol Laja(laos) -- 2 lembar daun jeruk -- 1 sdt gula -- 2 sdt garam -- Bumbu halus: -- 1 kemiri -- 3 bawang putih -- 2 cm kunyit -- 7 bawang merah -- 2 cabe merah besar (sesuai selera) -- 8 Cabe rawit (sesuai selera) -- ,"Rebus telur hingga matang lalu kupas sisihkan -- Goreng tahu hingga matang ,  sisihkan -- Tumis (bumbu halus ,  salam ,  sereh ,  laos ,  daun jeruk) hingga aroma wanginya tercium. Sisihkan -- Didihkan air di panci ,  lalu masukan tumisan yg tadi -- Masukan tahu dan telur ke dalam panci -- Masukkan kara dan bumbu indofood aduk hingga merata -- Masukkan gula dan garam -- Koreksi -- Kari tahu dan telur siap disajikan -- ",3
telur ceplok asam jawa,3 telur; -- 1 buah tomat -- 3 buah bawang putih -- 3 buah bawang merah -- 3 btg cabe -- Daun bawang -- 3 sdm air asam jawa --  Garam gula dan penyedap -- ,"Ceplok telur sampai garing , sisihkan -- Tumis duo bawang dan cabe sampai harum kemudian masukan air asam jawa ,  tambahkan garam gula dan penyedap rasa koreksi rasa -- Masukan tomat dan telur ,  sajikan dengan taburan daun bawang -- ",6
telur Ceplok Bumbu Pedas,"5 butir telur(Ceplok dan beri garam) -- 2 sdm Bumbu Dasar merah ,  scroll aja bu ,  Ada diresep cookpad akuu -- 2 siung bawang putih -- 3 siung bawang merah -- 3 bh rawit merah -- Daun Salam ,  daun jeruk -- 1 sdt Minyak wijen -- 2 sdm Minyak goreng -- Garam -- gula --  penyedap --  merica bubuk --  Air -- ","Iris tipis ,  dua bawang rawit -- Panaskan wajan ,  tuang minyak. Tumis urusan dua bawang sampai harum. Masukkan daun jeruk ,  daun Salam ,  rawit. -- Masukkan Bumbu Dasar merah. Aduk Sampai harum. Tuang Sedikit air ,  garam gulpas penyedap ,  Minyak wijen , merica bubuk. Tes rasa -- Masukkan telur Ceplok ,  jangan sering diaduk Aduk. Nanti hancur... -- Tunggu Sampai meresap bumbunya.. Sajikan hangat -- ",3
Telur Ceplok Masak Tauco,"8 butir telur ceplok -- 3 sdm tauco -- 1 sdm saus tomat -- 1 sdm saus sambel -- 6 siung bawang merah ,  iris tipis -- 4 siung bawang putih ,  iris tipis -- 2 buah cabe besar hijau ,  iris serong -- 15 buah cabe rawit ,  iris serong -- 1 buah tomat ,  potong jadi ,  8 --  air -- secukupnya garam -- ","Tumis bawang merah dan bawang putih hingga harum -- Masukkan cabe dan tumis kembali hingga layu ,  tambahkan air -- Masukkan tauco ,  saus sambel dan saus tomat serta garam. aduk rata -- Setelah sedikit mendidih koreksi rasa ,  jika sudah pas masukkan telur ceplok -- Masak hingga air susut -- Selamat Mencoba -- ",1
Semur telur Simpel,7 butir telur ayam -- Cabai merah (iris serong) -- 1/2 sdm gula merah -- secukupnya Air -- secukupnya Garam -- secukupnya Kecap manis -- Bumbu halus : -- 6 siung bawang merah -- 3 siung bawang putih -- 2 butir kemiri -- 1/4 sdt merica -- ,"Ceplok telur satu persatu (telur nya mau direbus juga boleh) -- Panaskan sedikit minyak ,  tumis bumbu halus dan cabai merah hingga harum -- Beri sedikit air ,  masukan telur ceplok tambahkan kecap manis ,  garam dan gula merah -- Tunggu air sedikit menyusut koreksi rasa dan sajikan -- ",3
Balado telur,1/4 kg telur -- 5 buah bamer -- 3 buat baput -- 10 buah cabe keriting -- 1 buah tomat -- secukupnya Gula merah -- Garam dan penyedap -- ,Rebus telur kemudian goreng dgn minyak panas -- Haluskan semua bumbu kemudian tumis hingga harum -- Masukan sedikit air...krmudian masukan telur -- Tunggu hingga air hbs...sehingga bumbu meresap ditelur -- Telur balado siap disajikan -- ,1
Telur Gulung Keju,4 butir telur -- wortel iris kecil-kecil -- 1 batang daun bawang iris tipis -- 1 buah keju slice (potong memanjang) --  garam --  kaldu jamur -- ,"Kocok telur bersama semua bahan (kecuali keju). -- Panaskan teflon dan oleskan sedikit minyak. Lebih baik jika mengoleskan minyaknya dengan tissue agak merata dan tidak terlalu banyak minyak. -- Tuang 1 sendok sayur telur dan ratakan diwajan ,  lalu gulung. -- Tambahkan keju slice di atasnya dan lalukan secara berulang. -- ",5
telur Gulung Sosis,2 butir telur -- 1 buah sosis (ukuran diameter 2cm) -- garam -- lada -- minyak goreng -- ,"Panaskan minyak ,  lalu goreng sosis dalam ukuran panjang (2-3 menit) -- Angkat sosis yang sudah di masak -- Goreng telur yang sudah di kocok dan telah di campuri garam dan lada -- Setelah telur sudah mulai matang ,  taruh sosis di atas telur lalu di gulung -- Biarkan telur yang di gulung tetap pada wajan ,  lalu goreng telur kembali sebagai layer bawah -- Setelah setengah matang ,  gulung kembali telur dengan telur yang sebelum nya agar menempel harus setengah matang -- Angkat telur lalu potong perlahan karena mudah hancur -- telur gulung sosis ready to serve! -- ",7
telur Penyet Sambel Geprek,1 butir telur ayam -- 3 lembar selada air -- 5 buah kerupuk -- 2 buah cabe rawit -- 2 buah cabe merah -- 1 buah bawang putih -- Garam -- Minyak -- ,"Goreng telur seperti biasa ,  beri garam secukupnya dan bagian kuning di orek2 -- Goreng bahan sambal -- Cuci bersih selada air ,  potong sedang -- Haluskan sambel ,  diuleg lebih mantep ,  beri garam secukupnya -- Tambahkan telur dipenyet ,  selada air dipenyet dan tambahkan kerupuk -- ",4
Telur Teri Balado Hijau,"4 butir telur rebus -- 2 lembar daun jeruk (buang tulang daunnya) -- 1 batang serai (memarkan) -- 50 ml air -- secukupnya garam ,  kaldu bubuk rasa ayam & gula merah -- secukupnya minyak untuk menumis -- bumbu halus : -- 6 siung bawang merah -- 3 siung bawang putih -- 10 pcs cabe merah keriting -- secukupnya terasi goreng -- 1 ruas jahe -- ","Tumis bumbu halus bersama daun jeruk & serai hingga harum & matang. Tambahkan garam , kaldu bubuk & gula merah. -- Masukkan telur. Aduk aduk. Koreksi rasa",3
"Nasi Goreng Komplit (Sosis ,  Bakso Ikan dan telur Ceplok)",5 telur rebus --  teri -- Daun jeruk -- Bumbu halus: -- Cabe hijau -- Cabe rawit -- Bawang merah -- sedikit Bawang putih -- ,"Goreng telur yang telah direbus. Juga terinya lalu sisihkan -- Tumis cabe yang telah dihaluskan sampai matang. Jangan lupa daun jeruk ,  garam ,  dan penyedap sesuai selera -- Lalu masukkan telur dan teri yang telah di goreng. -- Aduk rata dan siap di hidangkan -- ",2
Ati Ampela plus telur sambel tomat,1 porsi nasi putih -- 2 siung bawang merah cincang -- 1 siung bawang putih cincang -- 3 bh cabai merah keriting -- 3 bh cabai rawit -- 1 bh sosis sapi -- 3 bh bakso ikan -- Irisan kol -- 1 butir telur -- Daun bawang -- 1 sdm saori saos tiram -- 2 sdm kecap manis -- 1/2 sdt saos raja rasa -- 1 sdt garam -- 1 sdt royco -- ,"Ceplok telur terlebih dahulu sisihkan ,  kemudian goreng sosis dan bakso yang sudah dicuci dan dipotong sesuai selera angkat dan sisihkan -- Tumis bawang merah ,  bawang putih dan cabai sampai harum. Kemudian masukkan nasi putih ,  sosis dan bakso ikan lalu aduk rata -- Tambahkan kecap ,  saori ,  saos raja rasa ,  garam ,  dan royco. Jangan lupa masukkan daun bawang. Aduk rata -- Setelah dirasa enak sajikan ke piring ,  jangan lupa telur ceplok ,  irisan kol dan taburi bawang goreng -- Selamat Mencoba -- ",7
Telur Kukus Praktis dan Sehat,1/4 kg ati ampela ayam -- 2 butir telur -- 2 buah tomat (iris kecil memanjang) -- Bumbu halus: -- 4 siung bawang merah -- 2 siung bawang putih -- 5 buah cabe merah -- Garam -- Gula -- ,"Pecahkan telur ,  kocok kemudian dadar. -- Rebus ati ampela ,  kemudian tiriskan dan goreng -- Potong-potong sesuai selera ati Ampela dan telur dadar. -- Haluskan bumbu: garam ,  bawang merah ,  bawang putih ,  dan cabe merah -- Panaskan minyak goreng dan tumis bumbu halus serta tomat yg telah diiris -- Masukkan ati ampela dan telur -- Cek rasa ,  jika pas maka siap disajikan. -- ",0
telur dadar sambel pete,1/2 bulatan kol -- 2 batang daun bawang -- 2 batang seledri --  royco ayam -- 2 butir telur --  lada hitam bubuk -- ,"Panaskan air untuk mengkukus -- Cuci semua bahan hingga bersih -- Potong kol ,  daun bawang ,  dan seledri halus dan tipis (agar saat dikukus tidak retak). -- Kocok telur dan masukan royco ayam dan lada bubuk. aduk rata -- Masukan potongan sayur tadi ke adonan telur dan aduk sampai menjadi satu. -- Beri minyak pada cetakan kukusan dan ratakan keseuluh bagian dalam cetakan. (dikit saja hanya untuk melapisi agar saat kukusan ingin diangkat tidak lengket) -- Masukan adonan ke cetakan dan kukus kurang lebih 30 menit.. (tips: tusukan lidi/pisau kecil untuk mengetahui apakah kukusan sudah matang) -- Sajikan -- ",6
Lumpia isi tahu + telur,2 butir telur ayam -- 1 papan pete -- 2 batang daun bawang -- Secukupnya garam -- Secukupnya royco -- Sedikit minyak goreng -- Bumbu halus -- 4 siung bawang merah -- 2 siung bawang putih -- 3 buah cabe rawit -- 3 buah cabe merah -- 1 buah tomat -- 1/4 gandu gula merah -- ,"Panaskan minyak. Iris tipis daun bawang ,  campurkan pada telur. Tambahkan penyedap rasa lalu kocok. -- Masukan telur kocok tadi ke penggorengan. Setelah matang angkat ,  potong sesuai selera ,  sisihkan. -- Uleg bumbu halus. Panaskan sedikit minyak. Masukan penggorengan tambahkan pete ,  penyedap dan garam oseng oseng sebentar. -- Siramkan sambel pete diatas telur dadar. Sajikan. -- ",4
"Lumpia rebung ,  ebi ,  telur",Bahan kulit : -- 250 gram tepung terigu -- 3 sdm tepung kanji / tapioka -- 3 sdm tepung maizena -- 1 butir telur -- 2 sdt garam -- 4 sdm minyak goreng --  Air -- Bahan isian : -- 3 potong tahu kuning (tahu putih juga bisa) -- 2 butir telur -- 5 sdm tepung terigu -- 2 sdm tepung kanji / tapioka -- 2 sdt garam -- 1 sdt gula -- 3 siung bawang merah -- 2 siung bawang putih -- 4 buah cabe  -- 2 sdt kecap asin -- 2 sdt penyedap rasa  -- Bahan menggoreng : -- 500 gram minyak goreng -- ,"Buat adonan kulit ,  masukkan tepung terigu ,  tepung kanji ,  tepung maizena ,  telur dan garam aduk jadi satu sambil tambahkan air sedikit demi sedikit. Aduk hingga tidak menrintil / adonan mencair semua. -- Saring adonan kulit hingga cair dan tidak ada yang merintil.  -- Kemudian  buat bumbu isian campur cabe ,  bawang merah ,  bawang putih ,  gula dan garang tumbuk jadi satu hingga halus -- Haluskan tahu ,  kemudian tambahkan tepung terigu ,  tepung kanji ,  telur ,  tumbukan bumbu ,  kecap asin dan penyedap rasa kemudian uleni hingga tercampur semua -- Setelah bahan isian jadi ,  masak kulit luar diteflon satu persatu ,  sambil dimasukkan isian. -- Kemudian setelah semua selesai ,  goreng lumpia dalam minyak panas. Tunggu hingga berubah warna atau dirasa cukup (sudah matang). Kemudian tiriskan. -- Lumpia siap disajikan -- ",1
Telur cabe ijo,"10 lb kulit lumpia  -- 100 gr rebung -- 25 gr ebi -- 2 btr telur -- 3 siung bawang putih --  garam ,  gula ,  mecin ,  lada -- ","Rebus rebung ,  potong tipis dan rendam -- Potong korek api -- Rendam ebi dan tumis bawang merah yg digeprek ,  masukan ebi ,  telur kocok dan rebung aduk2 tambahkan bumbu2 -- Bungkus dng kulit lupia ,  goreng -- Siap dihidangkan -- ",4
Pempek telur no msg,"6 butir telur rebus lalu goreng dan sisihkan -- 3 lembar daun jeruk dan daun salam -- 2 batang sereh ,  geprek -- 1 buah tomat hijau ,  potong kotak2 -- 5 siung bawang merah ,  iris tipis -- Bumbu yg dihaluskan: -- 5 buah cabe ijo keriting -- 5 buah cabe ijo besar -- 10 buah cabe rawit ijo/sesuai selera jika suka pedas bisa di + -- 3 siung bawang putih -- secukupnya Gula dan garam -- 1 SDM minyak wijen -- ","Tumis bawang merah dgn minyak wijen hingga harum ,  masukkan bumbu halus ,  daun jeruk ,  daun salam ,  sereh dan tomat hijau -- Tambahkan sedikit air ,  jika sdh matang masukkan gula dan garam ,  koreksi rasa -- Kemudian masukkan telur yg sudah direbus dan di goreng -- Angkat dan sajikan ,  siap di santap -- ",4
Mie Goreng Sosis Telur,1/2 kg ikan kakap/tengiri -- 400 gr tepung sagu/tapioka -- 2 sdm garam& gula pasir -- 1 gelas air -- secukupnya Telur -- ,"Siapkan air rebusan kasih sedikit garam& minyak. Campur ikan , garam , gula &air aduk rata.lalu masukkan tepung aduk rata. -- Ambil sedikit adonan bentuk sprt lumpang lalu isi dgn telur -- Untuk pempek telur kecil ( telurnya diaduk terlebih dahulu. -- Untuk pempek telur besar(kapal selam) ambil adonan 125 gr bentuk sprt lumpang lalu masukkan telur utuh. -- Bisa jg dibentuk bulat panjang/pempek lenjer. -- Rebus di air yg sdh mendidih -- Tips agar pempek tdk kenyal jgn terlalu lma diaduk.trs ksh sdikit minyak spy tdk lengket. -- Segera angkat setelah pempeknya naik keatas/ mengapung -- ",6
Sate telur,2 Mie Goreng Instan -- 2 Butir Telur  -- 3 Sosis Ayam / Sapi  -- 5 Biji Cabai Rawit -- Sayur Sawi Putih / Kubis  -- 2 sdt Saos Tiram -- Bumbu Mie Instan -- ,"Pisahkan Mie yang mau di rebus dari bumbunya. -- Cabai iris kecil2 ,  Sawi Putih / Kubis juga iris tipis2. Potong Sosis dan Kocok Telur. -- Goreng telur ,  sosis lalu setelah di goreng. Sisihkan ke tempat lain. Ganti buat numis cabai ,  sawi putih / kubis dan bumbu dr mie instan tsb. -- Rebus Mie Instan ,  setelah selesai di rebus. Buang air nya ,  lalu masukkan di wajan yg sudah ada isinya (sesuai langkah 4). Tambahkan sedikit saos tiram. -- Aduk hingga rata dan koreksi rasa. Setelah di koreksi dan sudah OK. -- makanan siap di hidangkan. Selamat Makan dan Selamat Mencoba :) -- ",6
Macaroni telur,4 butir telur -- secukupnya Garam -- secukupnya Lada bubuk -- Air -- Tepung sagu / tapioka (setengah SDM) -- Tusuk sate / stick -- ,"Kocok telur hingga berbusa sisihkan -- Larutkan tepung sagu / tapioka dengan air secukupnya -- Tuang larutan tepung kedalam kocokan telur. Tambahkan garam dan lada bubuk. Bisa ditambah penyedap rasa -- Siapkan minyak yg cukup banyak. Panaskan. -- Setelah panas kecilkan api dan masukan telur kedalam minyak panas -- Putar2 stick hingga telur menggulung di badan stick -- TIPS: minyak harus banyak ,  setelah memasukan telur ke dalam minyak harus langsung digulung cepat karena jika telur terlalu matang di minyak membuat telur susah di gulung ,  -- ",8
Roti telur keju,3 genggam macaroni telur -- 1 butir telur -- Garam -- Kaldu jamur -- Bumbu kentang goreng Indofood rasa jagung bakar -- Boncabe -- ,"Dalam panci ,  didihkan air. Rebus macaroni dengan sedikit minyak. Setelah matang tiriskan. -- Kocok telur ,  tambahkan garam ,  kaldu jamur. Aduk. Tambahkan pula macaroninya. Aduk merata. -- Panaskan wajan dengan sedikit minyak. Masukkan macaroni ,  aduk merata. Masak sampai matang. Sisihkan. -- Tambahkan macaroni dengan bumbu kentang goreng indofood ,  aduk merata. Tambahkan pula dengan boncabe ,  aduk merata. Koreksi rasa. Jika dirasa cukup ,  angkat. Sajikan Macaroni Telur dengan taburan keju.. lebih nikmat. -- ",8
Kare ayam telur ala mamais,3 butir telur -- 3 lembar roti tawar -- 1/2 daun bawang (sesuai selera) -- 5 lembar daun seledri (sesuai selera) -- 1/2 tomat -- 4 cabai merah -- secukupnya Garam -- Keju secukupnya sesuai selera -- 20 ml susu cair -- Mentega untuk menggoreng -- ,"Cincang kasar cabe ,  tomat ,  daun bawang dan daun seledri -- Potong roti menjadi lima bagian -- Parut keju -- Kocok telur dengan bahan cincang ,  tambahkan susu -- Panaskan wajan dan lelehkan mentega -- Panggang roti ,  setelah terpanggang di kedua sisi ,  tuangkan setengah adonan telur ,  tunggu beberapa menit -- Balik sisi ,  dan tuangkan telur sisanya -- Setelah kedua sisi matang ,  taburkan keju parut ,  diamkan beberapa menit di dalam wajan dengan wajan ditutupi ,  agar kejunya meleleh ,  kurangi api ,  agar tidak gosong ‚ -- Selamat mencoba Š cocok untuk cemilan -- Enak disantap dengan saos pedas � -- ",5
Pare goreng telur udang,"1/2 kg ayam potong -- 5 bh telur rebus-kupas ,  goreng sebentar berkulit sedikit -- 2 ruas laos geprek -- 2 btg sere geprek bag putih -- 3 daun salam -- 3 daun jeruk -- 700 ml santan dari setengah butir kelapa parut -- 1 sdm gula merah -- 1 sdt air asam jawa -- 1/2 sdt garam -- 1/4 sdt lada bubuk -- Kaldu bubuk -- 1/2 sdt ketumbar bubuk -- Bahan pelengkap -- Bawang merah goreng -- ","Tumis bumbu halus bareng ama laos ,  sere ,  daun salam ,  daun jeruk --  masukkan ayam -- aduk sampe berubah warna -- masukkan telur..aduk rata -- tuang santan -- tambah gula merah & air asam jawa.  -- Bumbui garam ,  lada bubuk ,  kaldu bubuk ,  ketumbar bubuk -- tes rasa. Masak sampe bumbu meresap dan ayam empuk. -- Sajikan dengan taburan bawang goreng.",3
Cireng+telur mini,pare -- Telur -- Udang (buang kepalanya) -- Minyak -- Bumbunya : -- Bawang merah (iris tipis) -- Bawang putih -- Cabe -- Tomat -- Terasi sedikit aja  -- Penyedap rasa -- Garam -- ,"Iris tipis pare ,  taruhin garam ,  remas-remas sampai keluar airnya (biar pahitnya hilang) ,  abis itu cuci bersih parenya ,  ulangi jika masih berasa pahit -- Cuci udang sampai bersih ,  buang kepalanya -- Untuk bumbunya ,  cabe ,  terasi ,  bawang putih ,  tomat ,  taruhin garam kemudian di ulek hingga alus -- Bawang merah yg sudah diiris tipis goreng hingga layu lalu masukan bumbu yang sudah dihaluskan tadi ,  tambahkan masako sesuai selera ,  goreng setengah matang -- Lalu masukan udang yg sudah dibersihkan tadi ,  goreng hingga berubah warna jadi merah ,  setelah itu masukan parenya ,  oseng-oseng sebentar lalu masukkan telur kemudian di aduk hingga merata -- Masak hingga matang ,  jangan lupa icip-icip rasanya ,  dan siap disajikan -- ",8
Lapis Ayam telur kentang,"1/4 tepung tapioka -- 15 sdm terigu -- 3 bawang putih (halus) -- Daun bawang --  Garam , micin -- 1 butir telur (untuk campuran buat telur mini) --  Air es -- Plastik kecil memanjang -- ",Siapkan wadah masukkan semua bahan tambahkan bumbu. Lalu masukkan air aduk merata sampai agak mengental lalu taburkan daun bawang aduk kembali. -- Potong plastik sesuai panjang cireng yg diinginkan. Kemudian sisahkan separuh campur kan telur aduk lagi merata. Untuk membuat telurnya. Masukkan plastik juga. Sama dg cireng tadi. -- Langkah terakhir siapkan dandang beri air. Tunggu airnya mendidih lalu masukkan satu persatu gulungan cireng + telur mininya. -- Kalau sudah mengapung lalu cek tusuk dengan tusuk gigi. Untuk melihan kematangannya merata atau tidak. -- Jika matangnya sudah merata angkat dan tiriskan. -- Dimakan tanpa digoreng juga enak. Kalau saya digoreng inilah hasil keduanya. Traalaa -- ,6
Oseng2 tauge telur,"250 gr dada ayam potong sesuai selera -- 3 butir telur ayam rebus -- 3 buah kentang ,  potong2 ,  goreng -- 1 butir telur ayam mentah -- Bumbu halus : -- 5 siung bawang putih -- 5 siung bawang merah -- 1 sdm kacang tanah goreng -- secukupnya Garam -- secukupnya Lada bubuk -- secukupnya Pala parut -- secukupnya Gula merah -- secukupnya Kecap manis -- ",Haluskan bawang2an dan garam. Kemudian tambahkan bumbu lainnya. Pecahkan telur mentah. Aduk dg bumbu halus. Tambahkan kecap. Aduk rata -- Campur potongan ayam dg bumbu. Siapkan wajan -- Tuang ayam yg sdh berbalut bumbu ke wajan. Aduk2 hingga berbau harum. Tambahkan sedikit air. Masukkan telur dan kentang. Biarkan hingga meresap. Angkat dan sajikan. -- ,10
Rica rica telur ikan,2 bungkus tauge/cambah/tokolan -- 3 siung bawang putih q geprek -- 4 siung bawang merah  -- 4 buah cabai rawit -- 1 butir telur --  daun bawang --  penyedap  --  garam --  minyak untuk menumis -- ,"Panaskan minyak masukkan telur di orak arik stelah matang sisihkan telur -- Tumis bawang putih , bawang merah dan cabai sampai layu dan harum -- Setelah harum masukan taugenya lalu tambahkan garam , penyedap setelah tauge layu masukkan telur dan daun bawang tumis sebentar lalu angkat..... -- Sajikan bersama nasi hangat -- ",4
Gulai Telur Tempe Ala2 (Tanpa Santan),1/2 kg telur ikan tengiri -- 8 siung bawang merah -- 4 siung bawang putih -- 5 inc jahe -- 5 inc kunyit -- 1/4 sendok teh merica -- 1/4 sendok teh ketumbar -- 1 sendok teh garam -- 1/2 potong gula merah/ 1sendok teh gula pasir -- 1 serai -- 1 lembar daun salam -- 1 potong laos -- 7 cabai rawit -- 3 cabai merah besar -- 5 kemiri -- Minyak untuk menumis -- ,"Rebus telur ikan dgn sedikit air +garam dan air jeruk nipis selama 15 menit , angkat potong sesuai selera -- Haluskan bumbu bawang merah , bawang putih , jahe , kunyit , garam , cabai rawit dan cabai merah , kemiri ,  merica dan ketumbar -- Tumis semua bumbu yg telah dihaluskan masukan serai , salam , laos , gula , garam sampai berwarna kecokelatan tambahkan sedikit air -- Setelah dirasa pas rasanya masukan rebusan telur ikan sambil sesekali d aduk , setelah bumbu meresap angkat sajikan -- ",7
Opor Ayam Telur,1 buah Tempe -- 2 butir Telur -- Cabe Rawit Secukupnya -- Daun Bawang Secukupnya -- Bumbu Gulai  --  Garam Halus --  Penyedap Rasa  -- Gula --  Air -- Minyak Makan utk menumis -- ,"Terlebih dahulu rebus 2 butir telur bulat sampai matang ,  kemudian sisihkan -- Panaskan minyak makan kemudian masukkan dan tumis bumbu Gulai -- Masukkan cabe rawit yg sudah diiris ,  tumis bersamaan bumbu gulai -- Tambahkan air secukupnya lalu tunggu sampai mendidih -- Masukkan tempe yang sudah dirajang + telur (sudah dikupas) -- Tambahkan Garam Halus ,  Penyedap Rasa dan gula ,  disusul daun bawang -- Tunggu sampai mendidih sempurna ,  Angkat ,  Siap Disajikan -- ",6
Bubur Telur (menu balita 8m+),1/2 ayam (potong kecil-kecil) -- 4 telur rebus -- 2 lbr salam -- 1 ruas lengkuas -- 1 btng serai -- 1 bks santan kara kecil -- Bumbu halus: -- 5 bawang merah -- 5 bawang putih -- 2 kemiri -- 1 sdt ketumbar -- 1 ruas kunyit -- ,"Tumis bumbu halus sampai harum ,  masukan serai lengkuas salam ,  masukan ayam ,  tumis sebentar. -- Masukan air putih ,  rebus sampai setengah matang. -- Masukan santan dan telur. Bumbui lada garam gula dan kaldu ayam. Rebus sampai ayam matang -- Sajikan",12
Mangut Lele dan telur Lele,"6 sdm nasi ,  lumatkan jika ingin tekstur yang lembek -- 1 butir telur -- 2 gelas air kaldu/air biasa -- 1/4 brokoli ,  iris halus ,  ambil pucuknya saja -- 1 sdt EVOO (Extra Virgin Olive Oil) --  Garam --  Gula -- Pelengkap: --  Kecap manis --  Bawang goreng -- ","Masak nasi dengan air kaldu/air biasa dengan api kecil hingga air berkurang 3/4nya -- Masukkan telur ,  aduk cepat -- Masukkan brokoli ,  garam ,  dan gula. Koreksi rasa. Masak sambil diaduk-aduk hingga konsistensi yang diinginkan ,  matikan kompor -- Tunggu hingga agak dingin lalu masukkan EVOO ,  aduk rata. -- Beri pelengkap Bawang goreng dan kecap manis ,  sajikan hangat -- Bubur Telur siap dinikmati -- ",8
Oseng buncis dan orak arik telur,4 badan bawah lele + telur lele + kulit lele -- 5 bawang merah -- 4 bawang putih -- 1 ruas jahe -- 1 ruas kunyit -- 2 ruas kencur -- 2 daun jeruk -- 3 daun salam -- 3 serai memarkan -- 4 kemiri -- Secukupnya garam krosok -- 65 ml santan kara dicairkan -- Secukupnya Minyak kelapa -- ,"Haluskan semua bumbu kecuali daun2 an dan serai. Sisihkan -- Tuangkan minyak kelapa ke dalam wajan ,  biarkan tua.. -- Masukkan bumbu halus ke dalam wajan sambil diaduk2 masukkan daun salam ,  daun jeruk dan serai. Aduk rata. -- Masukkan lele dan kulit lele aduk2 rata biarkan setengah matang. -- Masukkan santan kara yang telah dicarikan. -- Aduk2 rata sampai mendidih -- Tes rasa dan siap dihidangkan...� -- ",2
Semur Telur Mata Sapi/Ceplok,1/4 gram buncis -- 1 butir telur -- 10 cabai rawit -- 2 cabai hijau besar -- 3 siung bawang merah -- 2 siung bawang putih -- Garam -- Gula -- Penyedap rasa(optional) -- 1 ruas lengkuas digeprak -- 1 ruas jahe digeprak -- 2 Daun salam -- Kecap Manis -- ,"Cuci buncis terlebih dulu lalu buang ujung nya -- Iris miring tipis sisihkan -- Rajang semua bumbu kecuali jahe dan lengkuas lalu tumis hingga harum ,  masukkan daun salam -- Masukkan telur orak arik lalu masukkan buncis ,  kemudian kecap garam ,  gula ,  dan penyedap rasa -- Koreksi rasa ,  jika sudah pas biarkan sampai matang tapi jangan over -- Buncis orak arik telur siap di sajikan -- ",1
"Sosis ,  Telur ,  Nugget Pedas Manis #KisahKasihCookpad",4 butir telur Ayam -- 2 lembar Daun Salam -- 1 batang Sereh -- 1 cm Lengkuas -- 1 cm Jahe -- 1/2 siung Bawang Bombay -- 2 sdm Kecap Manis -- 1 1/2 sdt Gula Putih -- secukupnya Penyedap Rasa -- secukupnya Garam -- secukupnya Minyak -- secukupnya Air -- 1 batang Bawang Daun -- 10 buah Cabe Rawit Hijau/Merah -- 3 siung Bawang Merah -- 2 siung Bawang Putih -- 7 buah Cabe Keriting Merah -- ,"Panaskan minyak secukupnya. Lalu Goreng telur ayam hingga matang. Lalu tiriskan. -- Haluskan bawang merah ,  bawang putih dan cabe. Bisa di blender atau di ulek. -- Iris bawang bombay ,  bawang daun ,  lengkuas ,  dan jahe. Sereh di geprek saja. -- Panaskan minyak secukupnya. Lalu masukan bumbu halus ,  lengkuas ,  jahe ,  bawang bombay ,  sereh ,  daun salam ,  dan bawang daun. Tumis hingga harum. -- Setelah harum masukan air secukupnya. Aduk-aduk hingga matang. -- Apabila sudah mendidih masukan penyedap rasa ,  garam ,  gula ,  cabe rawit ,  dan kecap. Aduk-aduk hingga mereta. Lalu tes rasa. -- Setelah itu masukan telur ceplok nya. Aduk perlahan. Lalu tunggu beberapa menit agar bumbu meresap ke dalam telurnya. -- Angkat ,  hidangkan ke dalam piring. Semur Telur Mata Sapi / ceplok nya siap di hidangkan dan di santap. -- Selamat mencoba dan terimakasih. -- ",9
Semur bali tahu dan telur,"2 butir telur ayam -- 1 bh sosis ,  cincang halus -- 2 bh nugget goreng ,  potong -- 1 batang daun bawang ,  cincang -- 3 sdm saus sambal -- 1 sdm kecap manis -- 2 sdm Blueband -- Secukupnya garam dan merica -- ","Siapkan bahan. -- Panaskan Blueband ,  masukkan telur beri garam merica buat orak - arik. -- Tambahkan sosis cincang ,  daun bawang cincang ,  saus sambal dan kecap manis masak sambil diaduk hingga matang merata. -- Angkat dan hidangkan bersama nasi hangat. --  -- ",29
Geprek Telur Bakso Sosis,500 gram kentang -- 2 buah wortel -- 1 batang daun bawang -- 2 butir telur rebus untuk isian -- secukupnya Minyak goreng -- Bumbu halus: -- 2 siung bawang putih -- 2 siung bawang merah -- 1 sdt lada -- 1 sdt garam -- 1/2 sct kaldu bubuk rasa ayam -- Pelapis: -- 1 butir telur kocok lepas -- 100 gram tepung roti -- ,Potong kentang tebal 1 cm cuci bersih lalu goreng hingga kuning kecoklatan lalu dihaluskan -- Potong wortel dadu kecil2 rebus sampai mendidih lalu tiriskan masukkan ke dalam adonan kentang bersama bumbu halus dan daun bawang yg sudah dicincang -- Aduk sampai merata koreksi rasa..kalo sudah mantap dibentuk bulatan diisi dengan telur rebus yg sudah dipotong kecil2 sampai adonan habis baru di celupkan ke dalam telur yg sudah di kocok lalu di baluri tepung roti sambil ditekan2 agar tepung rotinya menempel sempurna -- Lalu goreng dengan api sedang...saya membaliknya cuma sekali soalnya biar ttp cantik bentuk kroketnya„ -- Setelah kuning kecoklatan angkat tiriskan dan kroketnya siap disajikan -- ,8
Orak arik telur saus pedas gurih,4 telur -- 2 tahu uk besar  -- Gula merah -- Kecap manis -- 2 daun salam -- Gula garam dan royco -- Bahan halus: -- 5 cabe merah besar -- 4 bawang merah -- 6 bawang putih -- 1 ruas jahe -- 2 kemiri -- Sedikit tomat potong -- ,"Rebus dulu telur nya sampe matang lalu tiriskan. Dan potong tahu nya dan tiriskan -- Goreng telur bulat dan goreng setengah matang tahunya -- Lalu blender semua bahan halusnya -- Masukan semua bahan halus ke minya goreng masukan daun salam ny juga. -- Lalu kasi bumbu royco gula garam dan kecap dan gula merah -- Masukan telur dan tahu yg sudah di goreng aduk sebentar , masukan air 1 gelas kecil -- Diam kan beberapa saat sampai air menyusut. -- Selamat mencoba -- ",8
Telur dadar isi ayam wortel,10 buah bakso -- 2 butir telur -- 4 buah sosis potong potong sesuai selera -- 25 buah cabe rawit -- 3 siung bawang putih -- 4 siung bawang merah -- Garam -- Minyak goreng untuk menumis -- ,"Goreng bakso dan sosis hingga berwarna kecoklatan -- Kocok telur dan goreng menjadi telur dadar -- Ulek kasar cabe rawit ,  bawang putih ,  bawang merah dan garam -- Penyet bakso ,  sosis dan telur di cobek -- Tumis penyetan sebentar -- siap disajikan",3
Terik Tempe & Telur,5 butir telur ayam -- 2 buah cabe merah besar -- 2 buah cabe hijau besar -- 1 buah tomat -- 3 siung bawang putih -- 1/4 potong bawang bombai -- 3 sendok makan mayones -- 3 sendok makan saus tomat -- 1/2 sendok teh gula -- 1 sendok makan kecap asin -- Secukupnya garam dan merica -- ,"Orak arik telur dengan api sedang ,  tambahkan garam jika ikin telurnya lebih berasa. Sisihkan. -- Rajang halus ,  bawang putih ,  bawang bombai ,  Cabe merah besar ,  dan cabe hijau besar. Serta tomat potong dadu kecil saja. -- Siapkan penggorengan ,  beri sedikit minyak untuk menumis. Atau bisa menggunakan mentega. Sesuai selera. -- Masukkan cincangan bawang putih dan bawang bombai. Api sedang. Aduk hingga wangi. Tidak perlu sampai coklat. -- Masukkan rajangan kedua cabe. Aduk. Masak hingga tercium aroma wangi. Kecilkan api. -- Masukkan mayones dan saus tomat ,  lalu kecap asin dan gula. Aduk rata. -- Tambahkan garam dan merica secukupnya ,  aduk lalu cek rasa. -- Masukkan telur aduk rata ,  api sedang ,  masak hingga berasap. Jangan sampai kering. -- Siap disajikan dengan nasi hangat ,  bubur ,  atau bubur oat. Selamat menikmati. -- ",5
Tumis Kornet telur,"2 butir telur dadar kocok lepas -- 1 buah wortel ukurang kecil -- 100 gr ayam ,  cincang halus -- 3 siung bawang merah ,  iris -- 2 siung bawang putih ,  iris -- 1 cabai merah -- 1 daun bawang -- Garam -- Gula --  -- Kaldu bubuk -- ","Potong dadu kecil wortel ,  rebus hingga empuk sisihkan -- Tumis bwm ,  bwp ,  masukkan ayam beri sedikit garam ,  angkat -- Masukan tumisan bawang , ayam ,  rebusan ,  wortel ,  daun bawang ke dalam kocokan telur ,  beri sedikit garam gula dan kaldu bubuk -- Panaskan wajan anti lengket dengan api kecil ,  masukkan minyak ,  masukkan bahan no 3 tsb ,  -- Lipat telur sambil ditekan tekan biar dalamnya masak ,  bolak balik kemudian angkat -- Telur dadar isi ayam wortel siap disajikan -- ",9
Orak-arik Telur Kuah Pedas,"4 Telur rebus ,  kupas kulitnya -- 1 papan tempe -- 1/2 bungkus santan Kara kecil -- Garam -- Gula pasir/ gula merah -- 2 lembar daun salam -- Bumbu geprek: -- 2 ruas jari lengkuas -- 1 serai -- Bumbu halus: -- 6 siung bawang merah -- 3 siung bawang putih -- 2 butir kemiri -- 1 sdt ketumbar -- ","Tumis bumbu halus ,  serai ,  lengkuas ,  & daun salam sampai harum. -- Masukkan tempe ,  telur rebus ,  gula ,  garam ,  & air. Masak hingga mendidih & bumbu meresap. -- Tambahkan santan. Masak lagi hingga mendidih. Tes rasa. -- Terik siap dihidangkan. -- ",5
Telur kukus,1 kaleng kornet -- 2 butir telur ayam dikocok lepas -- 4 siung bawang nerah diiris -- 2 siung bawang putih diiris -- Cabe secukupnya sesuai selera -- Penyedap -- Minyak goreng -- ,"telur yang sdh dikocok lepas lalu digoreng aduk2 sampai matang -- Kornet digoreng setengah matang -- Tumis bawang merah ,  bawang putih dan cabe ,  setelah keluar aroma baru masukkan telur orak arik dan kornet. -- Tambahkan penyedap ,  Aduk sampai bumbu meresap -- Cicipi dan rasakan ,  jika sdh enak angkat dan sajikan -- ",9
telur sambel kecap kuah jagung,2 butir telur ayam -- Sayuran apa saja  potong2 -- 1 siung besar bawang putih cincang -- 2 siung kecil bawang merah cincang -- 4 buah cabe rawit merah -- 1 sdt kecap manis -- 1 sdm saus sambal botolan -- secukupnya Garam -- secukupnya Gula pasir -- secukupnya Air -- Minyak untuk menumis -- ,"Tumis bawang merah ,  bawang putih & cabe hingga harum. -- Masukkan telur ,  aduk2 hingga menggumpal jadi orak-arik. -- Tambahkan sayuran dan air sesuai selera. -- Masukkan bumbu2 garam ,  gula ,  kecap manis ,  saos sambal ,  koreksi rasanya. -- Masak hingga sayuran layu & kuah mengental. Angkat ,  sajikan selagi panas. -- ",3
Bandeng Presto Balur Telur,4 butir telur -- 1 buah tomat -- 1 buah wortel -- 1 bulatan brokoli -- 1 sosis yang besar -- 5 helai daun bawang -- 4 siung bawang merah -- 2 siung bawang putih -- 1/2 sendok teh merica -- 1/2 bungkus masako rasa ayam -- ,Parut wortel dengan parutan keju -- Potong kecil brokoli -- Potong kecil dadu tumat -- Iris daun bawang -- Iris tipis sosis -- Aduk semua bahan dengan telur tambahkan bumbu kemudian kukus -- ,2
Capcay daging telur ala ala.. �,8 telur ayam -- 1 buah tomat hijau(yg kecil) -- 20 cabe rawit hijau kecil -- 6 buah cabe rawit merah -- 60 ml kecap bango -- 3 lembar daun jeruk -- secukupnya Air -- Sejumput garem -- 1/2 bawang bombay -- 5 buah bawang merah -- 4 buah bawang putih --  Minyak goreng -- 1/2 jagung manis -- ,"Siapkan wajan beri sedikit minyak goreng Dadar telur satu persatu taburi sedikit garam disetiap telur lalu sisihkan -- Iris tipis bawang merah , bawang putih. Iris bulat cabe rawit ijo dan rawit merah lalu iris memanjang daun jeruk dan bawang bombai. Sisihkan -- Iris kotak tomat hijau dan sisir jagung sisihkan -- Tumis bawang merah , bawang putihbawang bawang bombai , cabe , daun jeruk tambahkan kecap aduk lalu tambahkan air dan garem secukupnya tunggu sampai mendidih lalu masukkan telur nya secara bertahap sampe terendam lalu angkat lagi sisihkan sisakan kuahnya biarkan diwajan -- Biarkan api tetap menyala bersama kuah yg ada diwajan tambahkan lagi jagung dan tomat hijaunya biarkan mendidih lalu matikan api -- Tuang kuah jagungnya ke atas telur yg tadi sudah disisihkan terlebih dahulu -- Siap dihidangkan -- Selamat mencoba.",2
Bayam Orek Telur,"Bahan bandeng presto: -- 1 kg ikan bandeng ,  /ekor dipotong jadi 2 atau3 bagian ,  bersihkan -- 10 cm lengkuas ,  geprek -- 3 lembar daun salam -- 3 batang serai geprek -- 1.5 sdm garam -- 5 cm kunyit ,  bersihkan ,  geprek -- 10 cm jahe ,  bersihkan ,  geprek -- Bahan baluran telur: -- 2 butir telur -- 1 sdt kaldu ayam bubuk -- Minyak untuk menggoreng --  Air -- ","Masukkan ikan bandeng ,  bumbu rempah dan garam ke dalam panci presto ,  isi dengan air yang cukup banyak hinggak ikan terendam semua ,  presto selama 1.5-2 jam ,  tergantung presto ,  cek jangan sampai air habis dan gosong -- Matikan api setelah ikan dipresto ,  dinginkan ,  bandeng presto hisa langsung digoreng atau disimpan dikulkas -- Kocok telur dan kaldu ayam bubuk hingga rata -- Panaskan minyak dalam wajan -- Masukkan bandeng presto dalam baluran telur ,  goreng hingga telur berwarna kecoklatan -- Tips agar telur bisa krispi setelah matang ,  masukkan bandeng presto+telur dalam minyak yang benar-benar panas -- Bandeng presto balur telur siap disajikan dengan sambal -- ",4
Daging Tumis Telur Pete,1/4 daging sapi direbus -- 1 telur ayam -- 5 bongkol pakcoy ukuran kecil -- 200 gr brokoli -- 2 buah wortel -- 4 biji cabai rawit -- Bumbu halus : -- 3 siung bawang putih -- 1 sendok teh merica -- Penyedap : --  Garam --  Gula pasir --  Saos sambal -- ,"Tumis bumbu halus sampai wangi -- Masukkan cabai rawit ,  aduk -- Masukkan telur ,  aduk -- Masukkan wortel ,  brokoli ,  pakcoy ,  aduk hingga layu ,  tambahkan air sedikit -- Masukkan penyedap ,  cek rasa -- Masak hingga matang ,  siap dihidangkan -- ",0
Sambal terong asam+telur,1 genggam bayam -- 1 telur -- 1 bawang putih -- 2 bawang merah -- Secukupnya garam -- Secukupnya penyedap -- ,"Kocok telur ,  garam , penyedap. Sisihkan -- Tumis duo bawang , cabe sampai harum. Masukkan bayam sampai layu. -- Masukkan telur kocok ,  aduk2 sampai matang -- ",6
Kerak telur,1 buah bawang bombay potong halus -- 3 buah cabe rawit -- 200 gr daging sapi -- 100 gr pete -- 1 buah telur ayam -- 1/2 sdm garam -- 1/2 sdm kecap manis -- 1 sdm kecap inggris -- 1/2 sdm lada putih -- 3 sdm minyak jagung -- Air putih -- ,"Tumis bawang bombay dan cabe yg sudah dipotong kecil hingga setengah layu dan harum ,  kemudian masukan daging sapi ,  dan tumis bersama. -- Setelah itu masukan air putih secukupnya ,  kemudian masak daging hingga lembut ,  setelah itu tambahkan pete. -- Sambil menunggu daging ,  masukan telur ayam ke dalam wadah dan kocok dengan sendok. Setelah itu tuang ke dalam tumisan ,  dan aduk rata. -- Masukan semua bumbu ,  garam ,  lada ,  kecap manis ,  kecap inggris. Kemudian aduk ,  tunggu hingga meresap. -- Siap disajikan -- ",6
Telur Rumput Laut,1 buah terong asam -- 5 siung bawang merah -- 2 siung bawang putih -- 10 cabai merah -- 2 buah telur --  Garam -- Gula merah atau gula pasir -- 1/2 trasi udang sachetan abc --  Kecap asin -- ,"Siapkan alat dan bahan semuanya. Terong dicuci ,  dikupas lalu dipotong dadu kecil2. -- Bawang merah ,  bawang putih ,  cabai ,  trasi ,  dan garam dihaluskan lalu setelah halus masukkan terong kedalam bumbu halus tadi ,  ditumbuk bersama hingga bumbu menempel pada terong tersebut kalau bisa terong juga hancur. -- Panaskan sedikit minyak untuk menggoreng telur ,  telur dimasukkan lalu diorak-arik dan bumbu yg dihaluskan serta terong tadi dimasukkan lalu ditambah air sdikit kedalam ulekan tdi.. Lalu dioseng rata dikasih gula secukupnya ,  kecap asin secukupnya ,  cicipi sesuai selera.. -- Siap dihidangkan",2
Indomie goreng telur pedas rawit,1 butir telur ayam kocok -- 3 sdm ebi/udang kering -- 2 sdm keju parut halus -- 1 sachet saus sambal -- Secukupnya totole --  butter atau mentega -- ,"Kocok telur beri totole -- Panaskan teflon dan butter hingga meleleh -- Dadar telur ,  taburi ebi ,  lalu keju parut semprot saus sambal -- Bolak balik hingga kering -- Selesai -- ",8
Sop oyong telur non MSG,3 buah Telur -- 1 lembar Rumput Laut ukuran besar (utk buat sushi) -- 1 sdt kaldu ayam -- 3 sdm air putih -- ,"Siapkan bahan. Campur semua bahan di wadak kecuali rumput laut dan kocok rata -- Panaskan wajan dan beri 1 sdm minyak. Dengan api sedang ,  tuang telur ,  sampai setengah matang taruh rumput laut diatasnya -- Gulung perlahan2 dengan sumpit. Terus masak dengan api sedang sampai telurnya set dan permukaan agak coklat. -- Potong2 dan taruh di kotak makan atau piring. Makan dengan nasi ,  sop ,  dan sambal. -- ",0
Oseng Jamur Tiram Tahu telur,1 bungkus indomie goreng -- 3 buah cabe rawit merah iris iris -- 1 buah telur ayam di ceplok --  saos sambal --  merica -- ,"Rebus mie bersama cabe rawit ,  angkat dan tiriskan -- Campur mie beserta bumbunya beri tambahan saos sambal dan merica sesuai selera -- Aduk rata hidangkan dengan telur ceplok -- Selamat mencoba",6
Sayur Telur Tahu Bumbu Kuning,1 oyong agak muda (diiris) -- 3 buah wortel segar (diiris) -- 1/4 bunga kol (diiris) -- 1 butir telur kocok lepas -- 4 siung bawang putih -- secukupnya Lada bubuk -- secukupnya Garam -- Bawang goreng untuk taburan (optional) -- ,Uleg kasar bawang putih dan garam -- Tumis bawang sampai harum. Kamudian tambahkan air secukupnya. Masukkan lada. Koreksi rasa. Masukkan wortel yang telah diiris pada air yang mendidih. -- Setelah wortel agak empuk masukkan oyong. Dilanjutkan dengan bunga kol nya. -- Kocok lepas telur. Dan masukkan ke sayur. Biarkan sampai telur agak masak. -- Koreksi rasa dan siap dihidangkan. Taburi bawang goreng. -- ,9
Telur Goreng Kucai,1 bungkus jamur tiram -- 1 buah tahu -- 2 butir telur ayam -- 2 siung bawang putih -- 6 siung bawang merah -- 2 buah cabe merah besar -- 5 buah cabe rawit --  merica bubuk -- 1 sdt garam -- 1 sdt kaldu jamur -- 1 sct kecap  --  Air -- ,"Potong tahu menjadi kotak-kotak ukuran kecil. Kemudian goreng hingga garing -- Sambil menunggu tahu matang ,  suir-suir jamur tiram kemudian cuci bersih ,  tiriskan -- Bila tahu sudah matang ,  angkat dan tiriskan. Kemudian goreng 2 butir telur lalu di orak arik hingga hancur dan matang. Angkat dan tiriskan -- Tumis bawang merah ,  bawang putih dan cabe dengan sedikit minyak sampai harum ,  masukkan sedikit air ,  kecap kemudian tunggu hingga mendidih. -- Bila air sudah mendidih masukkan jamur ,  tahu ,  telur ,  aduk hingga tercampur rata. -- Tambahkan garam ,  kaldu ,  merica bubuk. Kemudian koreksi rasa. -- Tunggu beberapa menit agar matang sempurna. -- Menu siap dihidangkan -- ",2
Fuyunghai Telur sederhana,1/4 kg telur ayam -- 1 buah tahu putih -- Santan -- Garam -- Merica -- Bumbu penyedap (royco) -- Air -- 3 lembar daun salam -- Bumbu yang dihaluskan: -- 5 siung bawang merah -- 3 siung bawang putih -- 3 buah kemiri -- 1 ruas kunyit -- ,"Rebus telur ayam hingga matang lalu kupas kulitnya. -- Potong-potong tahu sesuai selera lalu goreng sebentar agar tahu tidak mudah hancur. -- Siapkan minyak goreng lalu masukkan bumbu yang telah dihaluskan ,  tumis hingga harum dan masukkan daun salam. -- Setelah bumbu yang dihaluskan sudah matang & harum ,  beri air secukupnya lalu aduk hingga rata. -- Masukkan telur yang telah direbus dan tahu yang sudah digoreng. Tunggu hingga air mendidih lalu masukkan santan sedikit demi sedikit sambil diaduk. -- Beri garam ,  merica atau bumbu penyedap sesuai selera. Setelah matang ,  angkat dan sajikan dengan taburan bawang goreng. -- ",11
Nasi Goreng Telur Blue Band,Nasi -- Telur -- Blue Band/pengganti minyak -- Cabai -- Bawang Merah -- Bawang Putih --  Garam --  Royco Ayam --  Bawang goreng -- ,"Siapkan bahan (nasi ,  telur ,  blue band ,  cabai ,  bawang merah ,  bawang putih ,  garam ,  royco ayam ,  bawang goreng) -- Haluskan bawang merah ,  bawang putih ,  cabai ,  garam -- Masukkan blue band ke wajan sambil dipanaskan (api kompor dikecilkan) -- Masukkan dan tumis bumbu yang sudah dihaluskan -- Masukkan telur (diacak) bisa juga diceplok atau didadar (sesuai kesukaan/selera) -- Masukkan nasi (campur dengan bahan tdi) aduk hingga merata warna nasinya -- Tambahkan royco ayam (jika kurang gurih/asin) -- Sajikan di piring dan taburkan bawang goreng -- ",6
Sop telur gulung udang,"500 gr udang (cacah) -- 3 siung bawang putih haluskan ,  utk campuran udang --  Garam --  Merica -- 2 biji wortel -- 1 brokoli ukuran sedang -- 2 siung bawang putih utk sop -- 1 bh bawang bombay kecil -- 4 lembar telur dadar -- 1 daun bawang potong kecil2 -- Kaldu ayam utk kuah -- Seledri dan daun bawang (optional) -- ","Campurkan udang cacah dengan bawang yg sudah dihaluskan ,  daun bawang ,  masukkan garam merica secukupnya -- Lembarkan telur dadar ,  sebar daging udang yg sudah dicampur td secara merata ,  lalu gulung. -- Kukus kurleb selama 20 menit -- Potong2 telur gulung udang. Dimakan begini sj udah cukup enak klo buat saya. � -- Rebus kaldu ayam hingga mendidih lalu masukkan wortel. -- Tumis bawang putih dan bawang bombai hingga wangi dan layu ,  lalu campurkan ke dlm sop. -- Bumbui dengan garam ,  merica sesuai selera. Boleh tambahkan totole. -- Beri seledri dan daun bawang jika suka (optional) -- Masukkan brokoli yg sudah dicuci dng air garam biar gak ada uletnya � klo sy suka radak keras utk brokoli nya jd masuk terakhir. Atau mau direbus terpisah jg boleh -- Terakhir masukkan telur gulung udang nya. Dan siap disantap -- ",9
Oyong telur,2 bh oyong -- 1 butir telur -- Cabai kriting merah -- Bawang merah -- Lada bubuk -- Garam -- ,"Isi panci dg air secukupnya ,  bumbui dengan lada bubuk dan garam -- Masukkan irisan bawang merah dan cabai -- Masukkan telur ,  jika telur sudah setengah matang masukkan oyong -- Bolak balik aduk aduk -- Siap disajikan",8