Title;Ingredients;Steps;Loves;URL
Ayam Woku Manado;1 Ekor Ayam Kampung (potong 12) 2 Buah Jeruk Nipis 2 Sdm Garam 3 Ruas Kunyit 7 Bawang Merah 7 Bawang Putih 10 Cabe Merah 10 Cabe Rawit Merah (sesuai selera) 3 Butir Kemiri 2 Batang Sereh 2 Lembar Daun Salam 2 Ikat Daun Kemangi Penyedap Rasa 1 1/2 Gelas Air ;Cuci bersih ayam dan tiriskan. Lalu peras jeruk nipis (kalo gak ada jeruk nipis bisa pake cuka) dan beri garam. Aduk hingga merata dan diamkan selama 5 menit, biar ayam gak bau amis. Goreng ayam tersebut setengah matang, lalu tiriskan Haluskan bumbu menggunakan blender. Bawang merah, bawang putih, cabe merah, cabe rawit, kemiri dan kunyit. Oh iya kasih minyak sedikit yaa biar bisa di blender. Untuk sereh nya di geprek aja terus di buat simpul. Setelah bumbu di haluskan barulah di tumis. Jangan lupa sereh dan daun salamnya juga ikut di tumis. Di tumis sampai berubah warna ya ğŸ‘Œ Masukan ayam yang sudah di goreng setengah matang ke dalam bumbu yang sudah di tumis, dan diamkan 5 menit dulu. Biar bumbu meresap. Lalu tuangkan 1 1/2 Gelas air. Lalu tambahkan penyedap rasa (saya 3 Sdt, tapi sesuai selera ya) koreksi rasa dan Biar kan sampai mendidih Setelah masakan mendidih, lalu masukan daun kemangi yang sudah di potong potong. Masak lagi sekitar 10 menit. And taraaaaaaaaaaaaaa..... jadi deh Ayam Woku Manadonya. Oh iyaa kalo mau di tambahkan potongan tomat merah juga bisa ko. Sesuai selera aja yaa buibuuuu ğŸ‘ŒğŸ‘ŒğŸ‘Œ ;1;/id/resep/4473027-ayam-woku-manado
Ayam goreng tulang lunak;1 kg ayam (dipotong sesuai selera jangan kecil2 ya) 2 batang serai (memarkan) 4 lembar daun jeruk 7 butir bawang putih (haluskan) 1 sdm ketumbar (haluskan) 3 ruas jari Laos (haluskan) 3 ruas jari kunyit (haluskan) 2 butir kemiri (haluskan) secukupnya Garam Secukupnya Air (tuk ukep ayam) Secukupnya Minyak goreng ;Haluskan bumbu2nya (BaPut, ketumbar, kemiri, kunyit, Laos, garam) hingga halus, sisihkan Campur kan bumbu halus tadi dengan ayam yg sudah dicuci bersih dan sudah dipotong didalam panci presto. Uleni sampai tercampur rata. Tambahkan air hingga ayam tenggelam semua. Masukkan serai dan daun jeruk nya kedalam rendaman ayam. Tutup panci presto rebus/ ukep presto sampai kurleb 45 menit. Dengan api sedang. Setelah proses ukep presto selesai, tunggu suhu dingin ruang. Lalu goreng ayam dengan minyak goreng api sedang sampai ayam berwarna kecoklatan. Matang dan sajikan ayam selagi hangat bersama nasi putih, sambal dgn perasan jeruk nipis, lalapan. ;1;/id/resep/4471956-ayam-goreng-tulang-lunak
Ayam cabai kawin;1/4 kg ayam 3 buah cabai hijau besar 7 buah cabai merah rawit 3 siung bawang putih 2 siung bawang merah secukupnya Gula secukupnya Garam 1/4 buah tomat merah secukupnya Air secukupnya Minyak goreng ;Panaskan minyak di dalam wajan. Setelah minyak panas masukkan ayam yang sudah dipotong dadu. Goreng hingga matang. Lalu tiriskan. Haluskan bawang putih, bawang merah, cabai hijau dan merah, tomat. Panaskan minyak didalam wajan. Setelah minyak panas, masukkan bumbu yang sudah halus. Tunggu sampai wangi. Masukkan ayam yang sudah di goreng. Tambahkan air, gula dan garam. Tunggu sampai bumbu meresap di ayam. Sajikan. ;2;/id/resep/4473057-ayam-cabai-kawin
Ayam Geprek;250 gr daging ayam (saya pakai fillet) Secukupnya gula dan garam 50-100 gr tepung ayam serbaguna Secukupnya lalapan (kemangi,kol,timun) Secukupnya minyak panas â¤sambal korek Secukupnya cabe rawit merah dan bwg putih ;Goreng ayam seperti ayam krispi Ulek semua bahan sambal kemudian campur dengan minyak panas bekas goreng ayam Geprek ayam kemudian campur dengan sambal,sajikan dengan lalapan â¤ ;10;/id/resep/4473023-ayam-geprek
Minyak Ayam;400 gr kulit ayam & lemaknya 8 siung bawang putih kating, cincang kasar 1 ruas jahe, geprek 350 ml minyak goreng 1 sdm ketumbar bubuk ;Cuci bersih kulit ayam. Sisihkan Ambil 50 ml minyak goreng satu bahan yg sudah disiapkan tadi. Tumis jahe hingga harum. Masukkan kulit ayam, ketumbar dan bawang. Biarkan hingga keluar minyak alaminya sambil diaduk-aduk. Tambahkan sisa minyak goreng. Masak hingga kulit ayam mengering. Angkat dan saring. Setelah cukup dingin minyak ayam tadi dapat disimpan dalam wadah kering seperti mason jar/botol. Kalo saya, saya masukkan juga sedikit bawang putih goreng. Kulit ayam yg sudah digoreng kering tadi bisa dinikmati begitu saja sebagai camilan dengan ditaburi sejumput garam lalu aduk rata. ;4;/id/resep/4427438-minyak-ayam
Ayam Saus Hintalu Jaruk;1/2 Ekor ayam 2 Butir Hintalu Jaruk 1 Buah Cabe merah 1 Buah Cabe hijau 300 gr Tepung terigu 1 bks Merica bubuk 2 Siung Bawang putih 1 Buah jeruk nipis secukupnya Minyak goreng untuk menumis dan menggoreng secukupnya Gula, garam dan penyedap rasa ;Potong ayam menjadi kotak-kotak ukuran sedang cuci bersih kemudian lumuri perasan jeruk nipis, garam dan merica Buat adonan tepung untuk melapisi ayam. Adonan A (Tepung terigu, garam, merica, penyedap dan air es) dan adonan B (Tepung terigu, garam, merica dan penyedap) Masukan daging ayam kedalam adonan A kemudian lapisi dengan adonan B, setelah itu goreng daging kedalam minyak panas sampai berwarna kuning keemasan. Angkat tiriskan Cincang bawang putih,iris seron cabe merah dan cabe hijau. Lumatkan kuning hintalu jaruk aka telur asin dengan air dingin sampai berbentuk pasta Tumis bawang putih dan cabe sampai harum, kemudian tuangkan ayam dan pasta kuning telur. Tambahkan gula, garam, penyedap dan merica secukupnya. Tes rasa dan masal hingga mengental Angkat dan sajikan bersama nasi putih panas. Selamat mencoba ;0;/id/resep/4437475-ayam-saus-hintalu-jaruk
Steak ayam;300 gr dada ayam fillet 1 sdm air jeruk nipis secukupnya garam adonan basah 50 gr terigu 10 gr maizena 1/4 sdt merica garam secukupnya air adonan kering 150 gr terigu 30 gr maizena 1/2 sdt merica bubuk 1/4 sdt kaldu jamur secukupnya garam secukupnya minyak goreng bahan saus jamur 50 gr jamur tiram blender 3 bawang putih cincang halus 20 gr keju parut 1 sdm maizena cairkan dgn air 2 sdm saus tiram 1 sdm kecap manis 1/2 sdt merica halus secukupnya garam & kaldu jamur air bahan pelengkap buncis dan wortel di kukus ;Cuci bersih ayam, iris tipis melebar, rendam dgn garam dan air jeruk nipis 10 menit, cuci Campur adonan kering, sisihkan Campur adonan basah, sisihkan Panaskan minyak goreng dgn api sedang, gulingkan ayam pada adonan kering, lalu celup ke adonan basah, gulingkan lg pada adonan kering, jgn di remas2, kibas2 daging ayam pada adonan kering, lalu goreng di minyak yg banyak dan panas, biarkan krispinya terbentuk dl, jgn di balik2 dl, setelah cukup kering br di balik, goreng smpe matang, tiriskan Blender jamur tiram kasih air sedikit. tumis bawang putih yg di cincang halus, masukkan jamur yg di blender, masukkan bumbu2 yg lain sampai meresap, lalu tuang maizena yg sdh di cairkan dgn setengah gelas air, aduk2, masukkan keju parut, aduk sampai meletup2, tes rasa, klo sdh sesuai, angkat Tata dlm piring, ayam goreng tepung dan sayur kukus, siram dgn saus jamur, taburi daun bawang atau parsley jk ada. ;6;/id/resep/4472822-steak-ayam
Ayam Saos Asam Manis Simple;1/4 kg Ayam bagian dada fillet (Potong dadu) Secukupnya air jeruk nipis utk baluran 1 Bungkus tepung bumbu ayam instan uk besar + campur sedikit tepung terigu 3 Siung b.putih (iris tipis) 3 Siung b.merah (Iris tipis) 1 Buah b.bombay (Iris tipis) 1 Buah tomat uk besar (Haluskan) 3 sdm saos sambal 1 Sdm Saos tiram Secukupnya Gula & garam Secukupnya merica bubuk ;Lumuri ayam yg sdh dipotong dadu dgn garam & perasan jeruk nipis (diamkan sebentar) Baluri ayam dengan tepung basah, lanjutkan ke tepung kering, diamkan sebentar Goreng ayam yg sdh dbaluri tepung sampai kering & matang, angkat tiriskan. Membuat Saos Asam Manis : -Tumis b.merah & putih (sy suka klo bawang y agak kering) Masukkan bawang bombay, tumis sebentar. Masukkan tomat buah yg sdh dihaluskan tdi, tumis lagi pakai api sedang, tambahkan air secukupnya Masukkan saos sambal, saos tiram, sedikit perasan jeruk nipis, gula, garam & merica (koreksi sampai rasanya terasa asam manis gurih segar) Masukkan ayam yg sdh digoreng tdi kedalam saos asam manis, diamkan sebentar Setelah ayam sdh cukup merasap dengan saos asam manisnya matikan api dan siap disajikan dengan nasi putih hangat ;6;/id/resep/4472901-ayam-saos-asam-manis-simple
Semur Ayam Kentang Ala Mama Kirana;1/2 Ekor ayam Kentang Bumbu Halus : Bawang putih - bisa di sesuaikan sesuaikan Bawang merah Merica Kemiri Sedikit biji Pala Cabai Merah kriting, bila suka pedas Sedikit jahe Rempah: Daun salam Lengkuas Sereh Kapulaga Kulit manis Irisan bawang bombay Irisan tomat Garam Kecap manis Sedikit penyedap rasa Jeruk nipis untuk ayam ;Cuci bersih ayam lalu baluri dengan perasan jeruk nipis Cuci lagi ayam dan baluri dengan garam lalu rebus sebentar lalu di goreng Kentang saya goreng bisa di sesuaikan sesuai selera masingÂ² Tips goreng ayam agar hasil nya tdk keras : di goreng hanya sebentar Tumis bawang bombay lalu masukan bumbu halus dan masukkan semua rempah + irisan tomat + kecap manis Setelah bumbu harum masukkan air tunggu gingga mendidih Tambahkan garam + penyedap rasa apabila kurang manis bisa ditambahkan kecap lagi Setelah semua sudah sesuai dgn rasa masukkan kentang goreng + ayam goreng Tunggu kuah hingga menyusut dan kiraaÂ² 5 mnt angkat. Dan terakhir saya taburin bawang goreng bisa disesuaikan jg dgn selera masingÂ². Selesai ;2;/id/resep/4472563-semur-ayam-kentang-ala-mama-kirana
Ayam suwir;300 gram Ayam suwir (sudah direbus/Goreng) 5 siung bawang merah 3 siung bawang putih 1/2 buah tomat 1/2 sdt merica 1/2 sdt terasi 2 buah cabe rawit 2 buah cabe kriting Secukupnya gula Secukupnya garam Secukupnya air Secukupnya penyedap rasa (Royco) 2 lembar daun salam 1 jari Lengkuas geprek ;Haluskan semua bumbu kecuali tomat, lengkuas, Dan daun salam Siapkan wajan untuk menumis Bumbu, kemudian tuang sedikit minyak Goreng Dan tumis Bumbu yang sudah dihaluskan ditambah daun Salam Dan lengkuas Setelah tercium bau Bumbu yang ditumis kemudian masukkan tomat yang sudah dipotong potong Kemudian setelab tomat layu masukkan air secukupnya Dan rasakan kuahnya kalau belum pas bisa ditambahkan penyedap rasa (Royco) Masukkan ayam yang sudah disuwir Dan aduk Tunggu sampai meresap Dan air berkurang Dan sajikan ;0;/id/resep/4471653-ayam-suwir
Ayam goreng tepung;150 gr fillet ayam 5 sdm tepung bumbu serbaguna 1 butir telur ayam (kocok lepas) Garam sck Minya goreng secukupnya untuk menggoreng ;Cuci ayam, tiriskan beri perasan jeruk lemon (skip boleh) Potong ayam bentuk dadu. Koco telur beri secukupnya garam. Masukkan ayam yg telah dipotong dadu. Balurkan ke dalam tepung serbaguna. Goreng pada minyak yg panas. Siap disantap;1;/id/resep/4472498-ayam-goreng-tepung
Tulang Ayam Pedas Manis;1/2 kg tulang ayam bersihkan lalu potong 5 bh cabe merah keriting 5 bh cabe rawit (tambah jika suka pedas) 4 butir bawang merah 2 butir bawang putih 1 ruas kunyit 2 lbr daun salam 1 lbr daun jeruk 1 btg sereh geprek 1 ruas jahe geprek 1 btr jeruk nipis secukupnya kaldu bubuk secukupnya gula pasir secukupnya kecap manis 500 ml air untuk merebus tulang minyak untuk menumis ;Setelah tulang ayam di bersihkan dan di potong potong lumuri tulang dengan perasan jeruk nipis lalu biarkan Siapkan bumbu yg akan di haluskan bwg merah, bwg putih, cabe, dan kunyit blender hingga halus Siapkan air untuk merebus tulang tambahkan jahe yg sudah di geprek dan daun jeruk ungkep tulang hingga air menyusut Tumis bumbu yg sudah di halus kan tambahkan air secukupnya dan daun salam juga sereh geprek, masukan tulang ayam, beri kaldu bubuk, gula pasir dan kecap manis secukupnya jgn lupa test rasanya dan biarkan tulang ayam hingga meresap Setelah tulang ayam kuahnya agak sedikit meresap angkat lalu sajikan Bisa untuk teman makan mie ayam lohh moms ğŸ˜ƒ ;3;/id/resep/4472409-tulang-ayam-pedas-manis
Ayam penyet rumahan;1 ekr ayam negri cuci bersih ptng beri air jeruk nipis cuci lagi 1 buah jeruk nipis Bumbu ayam goreng jd,yg bsah. bisa beli di pasar,aku beli 3rb 2 lmbr daun salam 2 lmbr daun jeruk 1 btng sere geprek Garam secukupnya dan penyedap secukupnya Minyak goreng Sambel penyet: 20 buah cabe rawit merah 5 buah cabe merah 2 siung bawang p kating 5 buah bawang merah goreng sebentr Penyedap dan sedikit gula ;Ungkep ayam bersama bumbu jadi, daun salam, daun jeruk, sere,dan garam,tambah sedikit penyedap apinya kecil ajah ya. Lalu tutup Apabila sudah empuk dan matang goreng dalam minyak panas dan banyak sampe warna kuning kecoklatan, angkat Sementara lagi goreng ayam, kita siapkan sambel dulu, uleg semua cabe, dan bawang merah garam,sedikit gula dan penyedap, setelah agak halus kumpulin sambalnya di tengah cobek lalu siram dengan minyak panas bekas goreng ayam tadi lalu uleg lagi supaya rata Masukan ayam goreng ke dalam cobek lalu penyet pake ulegan, siap di hidangkan Selamat mencoba ;3;/id/resep/4472187-ayam-penyet-rumahan
Sop ayam;1 kg ayam potong kecil kecil 1/2 kg ceker ayam bersihkan 1/2 kg kentang iris 1/2 kg wortel iris 1 mangkok makaroni (rebus) 2 batang daun bawang (sesuai selera) 4 batang daun seledri (sesuai selera) Bumbu dihaluskan : 8 siung bawang merah 5 siung bawang putih Tambahan : 1 sendok teh lada halus secukupnya Garam Penyedap rasa (bila Sun's saya pake gula aja) ;Tumis bawang merah dan bawang putih hingga harum Masukkan potongan ayam dan ceker ke tumisan bumbu aduk rata Pindahkan ke panci besar tanbahkan air secukupkan Didihkan sampai ayam dan ceker cukup matang Masukkan kentang dan wortel yang diiris tadi, tunggu sampai lembut Masukkan macaroni yg sudah direbus Taburkan lada bubuk dan garam, tes rasa Terakhir masukkan daun bawang dan daun seledri Siap dihidangkan, taburkan bawang goreng biar tambah maknyuss ;3;/id/resep/4472298-sop-ayam
Ayam suwir;400 grm dada ayam 3 lembar daun jeruk 4 siung bawang putih 6 siung bawang merah 1 cm jahe 1 cm kunyit secukupnya Garam dan gula Minyak untuk menumis ;Rebus ayam sampai matang dan di suir suir. Haluskan bawang putih, bawang merah, jahe, dan kunyit. Panaskan minyak tumis bumbu halus, masukkan daun jeruk masak hingga harum tambahkan air secukupnya. Masukkan ayam masak hingga matang. ;0;/id/resep/4472222-ayam-suwir
Nugget Ayam Home Made;1/4 kg ayam d fillet ambil dagingnya aja 1 buah wortel 1 buah daun bawang prei 4 siung bawang putih 8 siung bawang merah 1 sdt merica 1/2 kg tepung tapioka 2 telur ayam Garam, penyedap rasa Tepung roti/ tepung panir ;Cuci bersih ayam. Setelah itu potong kecil2. Masukkan dlm blender. Tambahkan 1 telur ayam, bwg pth, bwg merah, merica. Air sdkt. Lalu blender. Setelah itu parut wortel, ptong kecil2 daun bawang prei Taruh adonan ayam dalam wadah Masukkan wortel, daun prei, tepung tapioka 10 sdm. Kalau pengen lebih padet bisa tambahkan lagi. Sesuai selera Aduk2 ya sampai tercampur rata. Tambah i garam, penyedap. Siapkan wadah. Tuang adonan ke dalam wadah yg sebelumnya d olesi mentega Kukus d panci pengukusan. Kukus 30 - 40 mnt. Setelah matang, keluarkan dr panci. Biarkan dingin. Lalu keluarkan. Siapkan 1 telur (dikocok), tepung panir. Potong2 adonan jd kecil2, celupkan ke telur, lalu baluri dg tepung panir. Setelah itu goreng.Nugget siap d hidangkan. Nugget juga bisa d simpan d dalam freezer ya moms ğŸ˜Š. Jadi sewaktu2 bisa langsung goreng. ;6;/id/resep/4472482-nugget-ayam-home-made
Ayam Koloke;250 gr ayam fillet, potong-potong 2 sdm tepung bumbu serbaguna (larutkan dgn 75 ml air) Pelapis: 4 sdm tepung terigu 1 sdm maizena Bahan Saus 1 sdm butter / margarin 2 siung bawang putih, cincang halus 1 siung bawang bombai uk. Kecil (iris halus) 1/2 bh wortel (potong korek api) 1/2 bh timun (buang biji dan iris korek api) 1 btg daun bawang (potong2) 2 bh cabe merah (iris serong) 3 bh cabe rawit (iris serong) 3 sdm saus tomat 1 sdm saus tiram 1 sdt minyak wijen 1 sdt air lemon / jeruk nipis / cuka masak 250 ml air Garam, lada, gula 1 sdt maizena (larutlan dgn 1 sdm air) ;Marinade ayam dgn tepung bumbu serbaguna yg sudah dilarutkan, aduk & disisihkan. Siapkan bahan pelapis. Ambil potongan ayam & balur ke dalam bahan pelapis. Goreng dalam minyak panas sampai matang. Lakukan sampai habis. Bahan saus: lelehkan butter, tumis duo bawang sampai harum. Masukkan wortel dan timun, tambahkan air, lalu masak sampai air mendidih. Masukkan duo cabe, saus tomat, saus tiram, minyak wijen, garam, gula, lada, air lemon, aduk rata. Masukkan larutan maizena, aduk sampai mengental. Terakhir masukkan daun bawang, matikan api supaya sayuran tidak over cook. ;3;/id/resep/4472309-ayam-koloke
Mie tulang ayam;1/4 kg tulang ayam 1 bungkus kecil mie burung dara 5 siung bawang putih 3 siung bawang merah 7 cabe rawit 1 tangkai daun bawang 2 tangkai seledri 1 1/2 sdm merica bubuk 2 sdm saos cabe 3 sdm kecap manis secukupnya Gula dan garam Minyak untuk menumis ;Cuci bersih lalu rebus tulang ayam kurleb 10 menit. Lalu tiriskan Rebus mie sampai setengah matang. Lalu tiriskan Haluskan bawang merah, bawang putih dan cabe rawit Tumis sampai harum bumbu halus dengan irisan seledri dan daun bawang. Lalu tambahkan merica bubuk, gula dan garam. Masukkan tulang ayam, tunggu sampai bumbu meresap. Masukkan mie, saos dan kecap. Lalu tumis sampai bumbu tercampur. Tambahkan gula dan garam jika diperlukan. Mie tulang ayam siap dihidangkan. ;1;/id/resep/4472258-mie-tulang-ayam
Ayam Suir Bali (bemesere bali);1/2 kg dada ayam (rebus dahulu) 50 ml minyak goreng Bumbu : 1/4 kg cabai merah 1/2 buah tomat 5 buah Cabe rawit secukupnya Garam secukupnya Gula jawa 1 sdt terasi bakar 1/2 perasan jeruk limo 3 buah daun jeruk purut ;Rebus ayam terlebih dahulu. Lalu, di suwir-suwir. (saya rebus karna kalau goreng, ayamny akan terasa keras dan kering) Ulek halus bumbu, lalu icip2 rasa agar pas Siapkan wajan, masukkan minyak goreng. Tunggu sampai panas, tuangkan bumbu Stelah stengah matang, lalu masukan ayam yang sudah disuir. Tunggu sampai agak meresap bumbuny. Masukkan perasan limo dan daun jeruk Makanan siap dihidangkan. Simple dan enak ;0;/id/resep/4472532-ayam-suir-bali-bemesere-bali
Ayam Kacang Panjang Saos Hoisin;Bahan Daging 1 lembar paha atas/dada ayam 1 sdm kecap asin, arak beras, tapioka Bahan saos 1 ikat Kacang panjang 2 siung baput cincang halus 3 cm jahe cincang halus 1 sdm saos hoisin 1 sdt kecap asin 0.5 sdt micin 100 ml air Larutan tapioka ;Marinade daging dengan bahannya 30mnt. Sebelum di tumis beri 1sdm minyak di daging ayam, aduk rata, lalu tumis agar tidak lengket di wajan. Matang, lalu angkat. Tumis jahe 10detik, masukkan baput lalu tumis sampai wangi. Masukkan kacang panjang, tumis sebentar lalu masukkan air, saos hoisin, kecap asin, micin. Tutup wajan, kecil kan api. Tunggu 1-2menit, buka tinder tutup wajan, aduk sebentar lalu tutup lg 1-2menit. Masukkan daging, aduk rata. Masukan larutan tapioka agar saos mengental. Aduk rata lalu sajikan ;2;/id/resep/4472201-ayam-kacang-panjang-saos-hoisin
Ayam penyet sambel kemangi;400 gr dada ayam 1 ikat daun kemangi 1 buah timun uk sedang 1 bungkus bumbu racik tempe bahan sambel 10 buah cabe merah 10 buah cabe rawit 3 siung bamer 2 siung baput gula garam 1/2 buah tomat merah secukupnya terasi secukupnya minyak utk menggoreng air utk mengungkep ayam ;Potong ayam sesuai selera,cuxi bersih lalu ungkep dengan sesikit air dan campur dengan bumbu racik tempe,matang angkat Panas kan minyak lalu goreng ayam hingga matang kecoklatan Goreng sebentar semua bahan sambel nya,,uleg jadi satu tambahkan garam gula...tes rasa...kalo sudah oke..masukkan beberapa lmbar daun kemangi..giling agak kasar aja Geprek ayam di atas ulek an,,susun di piring lalu letakkan sambel di atas ayam..susun irisan timun,dan juga kemangi. siap di santap dwngan nasi panas ;0;/id/resep/4472141-ayam-penyet-sambel-kemangi
Nugget Ayam Wortel;250 gram daging ayam giling 1 buah wortel ukuran sedang 1/2 buah bawang bombay 2-3 siung bawang putih 3 batang daun bawang 2 butir telur ayam 100 gram tepung terigu (kurang lebih) secukupnya Tepung roti secukupnya Garam secukupnya Lada secukupnya Penyedap rasa ayam Minyak goreng ;Potong-potong bawang bombay dan bawang putih. Tumis dengan sedikit minyak hingga harum. Angkat Campurkan tumisan bawang dengan daging ayam giling dengan menggunakan blender atau food processor. Campur hingga bawang halus & tercampur rata. Tuang pada wadah yg telah disediakan untuk dicampur dengan bahan lain Potong wortel jadi bagian yg kecil. Masukkan pada campuran daging giling sebelumnya Potong daun bawang jadi bagian yg kecil. Masukkan pada adonan. Campur hingga rata Masukkan 1 butir telur ayam. Campurkan Masukkan tepung terigu perlahan-lahan dan campur hingga rata. Masukkan garam,lada dan penyedap rasa secukupnya. Panaskan kukusan Letakkan adonan pada cetakan yg telah disediakan. Masukkan pada kukusan yg telah dipanaskan sebelumnya. Tutup kukusan diberi kain agar air tidak menetes diadonan. Kukus kurang lebih 25-30 menit Angkat adonan yg sudah matang dari kukusan. Biarkan agar sedikit dingin. Setelah dingin potong-potong sesuai ukuran yg diinginkan. Kocok lepas 1 butir telur ayam. Celupkan adonan nugget yg telah dipotong tadi kedalam telur. Kemudian gulingkan di tepung roti. Ulangi langkah 11 hingga adonan nugget habis Dinginkan pada freezer kurang lebih 1 jam agar tepung roti menempel dengan sempurna Goreng nugget dengan minyak panas. Nugget ayam wortel siap disajikan. Nugget yg masuk ke dalam freezer dapat bertahan maksimal 3-4 minggu ;4;/id/resep/4472084-nugget-ayam-wortel
Ayam goreng pedas gila ala Kfc;1/2 kg ayam 3 bungkus tepung bumbu uk 80 g yg pedas (aku pke sajiku) Secukupnya air es Minyak goreng ;"Potong"" ayam, lalu cuci sampai bersih. Siapkan 2 mgkok. 1 untuk adonan tepung yang basah yg 1 nya lagi untuk tepung kering. Tuangkan kira"" 2 sdm tepung bumbu lalu tambahkan secukupnya air es kocok pakai garpu sampai adonannya encer. Celupkakan ayam ke dalam adonan basah lalu gulingkan ke dalam tepung kering sambil di remas"" hingga terbentuk kulit tepung yang keriting. Ulangi sampai selesai Panaskan minyak, lalu goreng sampai kecoklatan. Angkat, tiriskan. Ayam goreng siap untuk dinikmati. NB: kalau gk suka terlalu pedas tepung bumbunya bisa di mix sama yang original ya jd yg pedas bisa pke 1 bungkus aj yg 2 bungkus yg original. ";2;/id/resep/4471847-ayam-goreng-pedas-gila-ala-kfc
Resep Ayam Kecap Rumahan;1/2 Kg ayam Bumbu yg di haluskan : 3 Bawang Putih 7 Bawang Merah sesuai selera Cabe rawit dan cabe merah besar 2 cm Jahe secukupnya Lada dan Pala Lengkuas se jempol kakiğŸ˜‚ 4 biji Kemiri ;Rebus air sampai mendidih lalu masukan ayam dan ungkep sampai empuk Haluskan semua bumbu Panaskan minyak lalu tumis bumbu halus sampai wangi Masukan daun salam 3 lembar dan sereh 2 di geprek Setelah bumbu sudah matang masukkan 1 gelas air Tambahkan garam,micin,royko,asem Setelah di rasa sudah cukup masukan ayam Kecilkan api biar bumbunya meresap. Masak sampai bumbu menyusut (jadi agak kental gitu) Lalu hidangkan ;0;/id/resep/4472147-resep-ayam-kecap-rumahan
Sop Ayam Garang Asam;1/2 ayam 3 serai 3 cm jahe 20 cabe rawit merah 8 bawang putih 4 bawang merah 2 tomat hijau 2 jeruk nipis (boleh lebih) 4 daun jeruk secukupnya daun bawang secukupnya garam secukupnya penyedap secukupnya air matang ;Potong dan bersihkan ayam sesuai selera (kalo aku ku beri perasan jeruk nipis lalu diamkan dulu) Bawang2an diiris kasar, serai dan jahe di geprek, cabe aku hanya iris 6pc sisanya aku biarkan utuh, tomat kupotong memanjang begitu juga daun bawang. Panaskan minyak sedikit saja, masukkan bawang serai daun jeruk dan juga cabe diamkan hingga harum lalu masukkan air dan tunggu hingga mendidih. aetelah mendidih masukkan ayam Tunggu ayam hingga setengah empuk bumbui dengan penyedap garam dan juga gula, masukkan perasan jeruk nipis dan tomat aduk hingga merata Setelah koreksi rasa dan dirasa sudah pas dan ayam matang masukkan daun bawang. setelah itu selesai ;2;/id/resep/4466395-sop-ayam-garang-asam
Ayam goreng krutuk;tepung terigu Air matang ayam (yg sudah direbus sebelumnya) Garam Gula/penyedap Lada bubuk 1 butir telur ayam Minyak goreng ;Campur tepung terigu(kurang lebih 1/2 mangkuk kecil) dengan garam,gula/penyedap dan garam secukupnya. Tambahkan air matang sedikit demi sedikit hingga agak mengental. Koreksi rasa Balur ayam yg telah direbus sebelumnya dengan 1 butir telur (yg sudah dikocok lepas), kemudian gulingkan dalam adonan tepung, sisihkan Panaskan minyak goreng dengan api sedang, jika sudah panas masukan ayam yg sudah diberi adonan tepung, kecilkan api lalu masak hingga berwarna kecoklatan dan garing, angkat dan tiriskan. Selamat menikmati ğŸ˜€ ;4;/id/resep/927515-ayam-goreng-krutuk
Soto ayam kuah santan;1/5 kg ayam (diungkep dulu,lalu digoreng) 2 bungkus santan kara 2 cm kunyit 1 cm jahe secukupnya Lada secukupnya Daun salam,lengkuas,daun jeruk dan sereh 5 siung bawang merah 5 siung bawang putih Penyedap : gula,garam royko ayam Bahan pelengkap: iris Tomat Daun bawang dan seledri Bihun (rebus dulu) Bawang goreng Kol di potong tipis Tahu goreng Kerupuk Bawang goreng Jeruk nipis Sambal (cabe rawit,bawang putih/merah di rebus dulu, diulek) ;Panaskan air rebus ayam hingga matang lalu tiriskan (air rebusan ayam bisa untuk kuah soto),lalu goreng ayam hingga matang Haluskan bumbu bawang merah,putih,kunyit,jahe,lada,lengkuas sereh cukup digeprek dan tumis hingga matang Masukan tumisan bumbu kedalam rebusan air,masukan daun salam,sereh dan daun jeruk Berikan bumbu garam,gula penyedap rasa, daun bawang dan santan kara masak hingga matang Sajikan soto selagi hangat bersama bihun dan pelengkap lainya ;3;/id/resep/4471748-soto-ayam-kuah-santan
Mie Geprek (Mie + ayam geprek);1 bungkus mie burung dara 1 ons dada ayam tepung terigu kubis bawang putih kecap royco sapi secukupnya garam ebi minyak wijen saus tiram lada bubuk minyak goreng air cabe rawit bawang merah ;Rebus mie burung dara, tiriskan Geprek bawang putih 2 siung, tumis sampai harum Masukkan minyak wijen 1 sendok teh. Tumis tumis sebentar bersama bawang Masukkan air 1 gelas belimbing Tambahkan kecap, ebi, garam, saus tiram, royco sapi, lada bubuk sesuai selera. Didihkan Masukkan mie yang telah direbus. Masak sampai air menyusut Tambahkan irisan kubis/kol. Aduk-aduk sebentar sampai air habis. Angkat Cuci bersih ayam, potong jadi 2 bagian atau iris sesuai selera Siapkan tepung kering. Caranya tambahkan garam dan royco sapi pada tepung. Takarannya sesuaikan dengan jumlah tepung Siapkan celupan tepung basah. Caranya campurkan tepung dengan air sampai teksturnya cair tapi cukup kental Masukkan ayam pada tepung kering. Lalu celupkan pada tepung basah. Masukkan ke tepung kering lagi. Remas-remas sampai tepung yang menempel ditangan terlepas dan menempel pada ayam Goreng ayam pada minyak panas dengan api besar, agar teksturnya crispy. Masak sampai kecoklatan lalu angkat. Sekarang membuat sambel bawang. Caranya bawang putih setengah siung + bawang merah 2 siung + cabe rawit sesuai selera diulek bersama garam dan gula. Tambahkan 1 sendok minyak lalu campur rata Geprek ayam crispy tadi kedalam sambel bawang Sajikan mie goreng dengan topping ayam geprek dan lalapan mentimun Selamat mencoba ;2;/id/resep/4471771-mie-geprek-mie-ayam-geprek
Sweet Buffalo Chicken ğŸ”;ğŸ” Bahan Utama: 1 kg Paha ayam (10 potong) ğŸ” Bumbu Pelapis Ayam : Secukupnya Garam 1 sdt Lada hitam bubuk 1 sdt Paprika bubuk 2 sdm Tepung terigu ğŸ” Bumbu Saus: 6 sdm Margarin unsalted 2 sdt Bawang putih bubuk 4 sdm Gula merah bubuk 4 sdm Saus tomat 4 sdm Saus sambal secukupnya Garam Secukupnya Wijen ;Cuci dan keringkan ayam (sampai kering). Lumuri ayam dengan garam, lada hitam, dan paprika bubuk. Baluri dengan tepung terigu. Diamkan 30 menit (saya 60 menit) Goreng ayam dengan minyak cukup banyak sampai matang +- 10 menit. Kemudian angkat dan tiriskan. Panaskan margarin, tambahkan bawang putih bubuk, gula merah bubuk, saus tomat, saus sambal dengan api sedang. Aduk rata dan biarkan sampai mengental. Pastikan api tidakterlalu besar karena ada gula merah yang rawan gosong. Masukan ayam dan baluri dengan bumbu sampai rata. Diamkan 5 menit sampai bumbu menyatu pada ayam. Angkat. Hidangkan sweet buffalo chicken dan taburi dengan wijen. ;0;/id/resep/4460035-sweet-buffalo-chicken-%F0%9F%90%94
Ayam Geprek;Fillet dada ayam khas dalam Tepung bumbu kriuk Baham Sambal: 7 buah rawit merah 10 buah cabai merah keriting 5 siung bawang putih secukupnya garam secukupnya kaldu jamur ;Letakkan sedikit tepung bumbu dalam wadah lalu beri air untuk bumbu rendaman ayam. Buat sedikit kental, lalu diamkan dalam freezer 10 menit Ambil ayam dari bumbu rendaman, lalu baluri dengan tepung kering dan goreng hingga kecoklatan Untuk sambalnya ulek semua bahan jadi 1 lalu tuangkan minyak panas. Setelah itu masukan ayam yang sudah di goreng ke dalam cobek sambal dan ulek bersama. ;1;/id/resep/4471625-ayam-geprek
Ayam Asam Manis Rumahan citarasa Resto;Bahan 250 gram dada ayam, potong dadu 1 buah paprika merah/hijau Sedikit nanas, potong dadu 1 bawang bombay 2 siung bawang putih, geprek 1 sdm minyak bawang utk menumis Air dan tepung sagu, perbandingan 2:1 Saos asam manis: 4 sdm saos tomat 1 sdm saos sambal 1/2 sdt saos lea perrins 3 sdm gula pasir 1 sdt kaldu ayam secukupnya garam 3 sdm kecap Inggris 1 sdt minyak wijen 1 sdm maggie seasoning 1 sdm saos raja rasa Bumbu marinasi ayam: 1 sdt gula pasir 1 sdt garam 1 sdt kaldu ayam 1/2 sdt merica ;Marinasi ayam dengan bumbu marinasi, diamkan selama 10 menit Tumis bawang bombay, bawang putih, paprika Masukkan daging ayam yg telah dimarinasi Masukkan saos asam manis Masukkan campuran air dan tepung sagu Aduk hingga mengental Test rasa, tambahkan garam dan gula sesuai selera ;6;/id/resep/4471418-ayam-asam-manis-rumahan-citarasa-resto
Ayam goreng tepung simple;500 gram ayam dada potong2 6 siung bawang putih haluskan 1/2 sdt lada bubuk secukupnya Kaldu bubuk secukupnya Garam 1 butir telur Tepung pelapis : 100 gram tepung terigu 20 gram tepung meizena ;Potong ayam sesuai selera, aku pake ayam dada utuh karna yg ada stok di kulkas itu hehehhehe Campur ayam dengan bawang putih yg sudah di haluskan, garam, lada, kaldu bubuk, aduk rata. Simpan di kulkas minimal 2 jam. (Semakin lama dibumbui ayamnya semakin enak, aku bumbui malam karna untuk di goreng pagi) Keluarkan ayam dari kulkas masukkan telur ke ayam aduk rata. Siapkan tepung pelapis diaduk rata lalu gulingkan potongan ayam ke dalam tepung remas sedikit. Goreng ayam ke dalam minyak panad sampai kecoklatan. Angkat sajikan, happy cooking moms. ğŸ˜ŠğŸ˜ŠğŸ˜ŠğŸ˜ŠğŸ˜Š ;7;/id/resep/4471562-ayam-goreng-tepung-simple
Sop Balungan Ayam;Tulang dari 1 ekor ayam jowo, rebus dg api kecil Bumbu ulek : 4 siung bawang putih 1/4 sdt merica bubuk 1/2 sdt pala bubuk 2 cengkeh 1 sdm garam(sesuaikan dg penggunaan air) 1/2 sdt kaldu jamur 1 sdt gula Bahan sayur : 2 buah wortel, iris tipis 1 kentang ukuran kecil, potong dadu 1 bonggol sawi sendok Secukupnya seledri dan daun bawang Pelengkap : bawang merah goreng ;Cuci bersih tulang ayam, rebus dg api kecil hingga keluar kaldu bening, buang kotoran yang mengapung, setelah itu masukkan bumbu ulek. Biarkan mendidih. Kemudian masukkan wortel, tunggu 3 menit masukkan kentang, tunggu 5 menit lalu cek rasa dan kematangan sayur, setelah pas baru masukkan sawi sendok, seledri, dan daun bawang. Aduk sebentar lalu matikan kompor. Sajikan dengan taburan bawang merah goreng dan sambal kecap. ;2;/id/resep/4471258-sop-balungan-ayam
Semur ayam kampung;1/2 kg ayam kampung 3 siung bawang putih 5 siung bawang merah 3 butir kemiri 1 ruas jahe 4 lembar daun jeruk 1 lembar daun salam 1 batang serai (digeprek) Lengkuas 1/4 sdt kunyit bubuk 1/2 sdt ketumbar bubuk 1/4 sdt merica bubuk 3/4 sdt garam 1/2 sdt gula pasir Sedikit royco Secukupnya kecap manis Secukupnya air kaldu ayam kampung Secukupnya minyak goreng ;Potong ayam cuci lalu rebus sampai empuk. Haluskan bawang, kemiri, jahe. Tumis bumbu halus sampai harum masukan serai, daun jeruk, daun salam, lengkuas. Masukan air kaldu, ayam, merica, garam, kunyit, ketumbar, kecap, royco. Masak hingga bumbu meresap dan empuk banget, cek rasa ya bun.. Semur ayam kampung udah matang... Ini aku masaknya sampai empuk banget... gak alot ya.. gigitnya gak pakai gigi, pakai bibir aja udah bisa, hhheee... krn sebelum dibumbuin direbus dulu sampai empuk, setelah itu baru dibumbuin. Selamat mencoba.. ;4;/id/resep/4471433-semur-ayam-kampung
Ayam Tepung KFC super gurih;4 potong ayam (paha atas atau paha bawah) 1 Sdt air lemon Secukupnya black papper Secukupnya garam Bahan pelapis : 200 gr tepung terigu serba guna 30 gr tepung maizena 1 Sdt oregano 1 Sdt garam 1 Sdt masako ayam 1 Sdt bubuk cabai Bahan pencelup : 2 sdm tepung terigu 1 Sdt bubuk cabai 1 Sdt garam Secukupnya lada putih Air es ;Marinade Ayam dengan air lemon, black papper Dan garam, diamkan kurleb 1 jam atau lebih Campur semua bahan pelapis Campur semua bahan pencelup Lumuri Ayam dengan bahan pelapis, celupkan ke dalam bahan pencelup dan lumuri dengan bahan pelapis lagi. Lakukan 2-3 kali. Cubit cubit Bagian Luarnya agar hasilnya keriting Panaskan minyak goreng Goreng Ayam sampai matang, apinya Jangan terlalu besar agar matangnya merata hingga kebagian dalam Sajikan bersama kentang, selada atau asparagus sesuai selera Selamat mencoba ;0;/id/resep/4471388-ayam-tepung-kfc-super-gurih
Soto Ayam Surabaya;1/2 Ekor Ayam 6 Siung Bawang Merah 4 Siung Bawang Putih Secukupnya Ketumbar Secukupnya Lada 1 Ruas Kunyit 1 Ruas Lengkuas 1 Ruas Jahe 1 Butir Kemiri Daun Salam Daun Jeruk Gula Garam Penyedap Rasa (boleh pakai boleh tidak) Daun Bawang Kol Tauge Kentang Telur Rebus Sambal Rebus ;Haluskan semua bumbu kecuali lengkuas & Sereh Tumis bumbu yg dihaluskan tadi hingga harum Rebus ayam hingga terlihat kaldunya kemudian masukkan bumbu yg telah ditumis tadi Icip & sajikan dengan kentang goreng, bihun, tauge & irisan tomat ;4;/id/resep/3452442-soto-ayam-surabaya
Ayam Suwir ala Bali / Ayam Sisit;500 gram fillet ayam tanpa kulit 1 sdm minyak wijen 1 sdm kecap ikan 1 sdm saos tiram 1 sdm unsalted butter untuk menumis Bumbu yang dihaluskan 10 siung bawang merah 5 siung bawang putih 1 ruas jari kencur 2 ruas jari kunyit 10 buah rawit merah atau sesuai selera 1 sdt udang rebon 1 sdt garam ;Rebus/Kukus Ayam lalu disuwir2, sisihkan Tumis bumbu halus, tambahkan minyak wijen, kecap ikan, saos tiram Masukkan suwiran ayam, aduk rata sampai tercampur dan kering (sesuai selera) Siap dihidangkan ;4;/id/resep/4471237-ayam-suwir-ala-bali-ayam-sisit
Risoles rogut ayam;Bahan isian: 3 buah kentang, kukus dan tumbuk halus 1 buah wortel, diserut kasar 100 gr dada ayam rebus, suwir halus 2 sdm tepung terigu secukupnya Lada bubuk Secukupnya garam 100 ml susu cair 2 siung bawang putih, haluskan 50 gram keju cheddar parut 2 sdm minyak goreng Bahan kulit: 250 gram tepung terigu 3 sdm margarine, dicairkan 2 butir telur Secukupnya garam secukupnya Air 100 gram tepung panir untuk membalur ;Aduk rata kentang kukus yang sudah dihaluskan, tepung terigu, susu cair sampai tidak menggumpal. Sisihkan Tumis bawang putih yang sudah di haluskan sampai wangi, masukkan adonan kentang kukus yg sudah di campur susu dan terigu tadi. Tambahkan keju parut, lada bubuk, ayam suwir, aduk cepat sampai kental. Angkat dan sisihkan Untuk membuat kulit: campur tepung terigu, air, garam, 1 butir telur, aduk dengan pengocok telur agak tidak mengggumpal. Setelah rata masukkan margarine yg sudah dicairkan. Aduk rata kembali.adonan dibuat jangan terlalu kental. Panaskan wajan anti lengket, dadar adonan sampai habis. Ambil lembaran kulit, letakkan di tengah kulit dadar isian rogut, tutup sisi kanan kirinya Sebelum di goreng, celupkan gulungan dadar yg sudah diisi tadi kedalam telur dan balurkan dengan tepung roti ulangi sekali lagi. Panaskan minyak, goreng hingga kecoklatan. Risoles siap disajikan hangat dengan cabai rawit atau saos cabai. Selamat mencoba ;7;/id/resep/4466981-risoles-rogut-ayam
Ayam masak kicap ala malay;4 potong ayam 1 buah bawang bombay 4 buah cabai keriting merah 3 buah cabai rawit 8 buah cabai lalap 1 buah tomato 4 sdm kecap 1 sdm saos sambal 1 sdm saos tiram 1 sdt kunyit bubuk 1 sdt garam 1/2 sdt kaldu bubuk totole (skip boleh/ ganti kaldu bubul lain) ;Cuci ayam sampai bersih, ungkep dengan kunyit bubuk dan garam boleh tambahkan air jeruk lemon atau jeruk nipis. Ungkep selama kurang lebih 15menit Setelah diungkep goreng ayam sampai kekuningan, angkat sisihkan. Tumis bawang bombay, cabai kriting merah, cabe rawit, cabe lalap dan tomat sampai harum. Masukkan kecap manis, saos sambal, saos tiram beri garam dan kaldu bubuk sckpnya. Masukkan ayam beri sedikit air. Cicip rasa.. Masak sampai matang Masakan siap disantapppppğŸ˜ğŸ˜ğŸ˜ ;7;/id/resep/4471032-ayam-masak-kicap-ala-malay
Ayam tepung;1 kg ayam 500 gram tepung terigu secukupnya Royco 6 siung bawang putih 1 sendok teh lada bubuk 1 ruas jahe 1 ruas kunyit secukupnya Garam Minyak goreng 2 butir telur ayam ambil putih nya aja ;Bersih kan ayam potong jadi 14 Haluskan,bawang putih,jahe,kunyit masuk an ke panci,masuk an ayam,tambah garam diam kan 30 menit(kalau aku di ungkep bentar bun tambah air segelas) Campur terigu,royco untuk tepung kering 4sendok tepung terigu cair kan dengan 100 ml air,+ 2 butir putih telur kocok lepas,untuk celup an Panas kan minyak goreng,ambil 1 potong ayam,masuk an ke tepung kering + masuk ke tepung celup + masuk ke tepung kering lalu goreng dengan minyak panas,api sedang sampai kecoklatan Angkat dan bisa langsung di sajikan bunda ;1;/id/resep/4448850-ayam-tepung
.Ayam Kecap Cabe Ijo;1 ekor ayam potong 8, bersihkan Cabe ijo 15 buah, potong serong Bawang bombay 1 siung, potong Bawang putih 2 siung, cincang garam Gula pasir Lada bubuk 1/2 sdt kaldu bubuk (aku pake royco) 4 sdm Kecap manis (aku pake bango) Bumbu ungkep : 4 siung bawang merah 5 siung bawang putih 2 cm kunyit 2 cm jahe 2 cm lengkuas, geprek 1 batang serai 1,5 sdt ketumbar 2 buah kemiri 4 lbr daun jeruk Garam ;1. Ungkep ayam dengan bumbu ungkep kurleb 20 menit hingga bumbu meresap, sisihkan 2. Tumis bawang putih hingga harum, masukkan cabe ijo, bwg bombay, dan lada bubuk 3. Tambahkan air, gula pasir, kecap manis, tunggu hingga mendidih, masukkan ayam 4. Biarkan bumbu meresap, sambil ditambah garam kalau dirasa kurang asin 5. Kalau sudah mulai meresap, tes rasa, angkat. ;9;/id/resep/4470089-ayam-kecap-cabe-ijo
Ayam Goreng Pemalas;1 kg ayam 1 bks bumbu ayam goreng sajiku secukupnya lengkuas parut 2 sdm makan minyak goreng secukupnya air matang ;Bersihkan ayam. Lumuri ayam dengan bumbu sajiku. Kalau bisa sambil diremas2. Masukkan lengkuas parut, air plus minyak goreng. Remas2 lagi sampai semua tercampur sempurna. Ungkap ayam dengan api kecil kurang lebih 30-45 menit. Agak lama jg gak apa2 biar ayamnya empukğŸ˜„ Matikan kompor. Dinginkan sebentar. Lalu goreng deh. Jangan lupa lengkuasnya disaring ya moms, biar ada nyes2 nya ğŸ˜„ Sandingkan dengan lalapan, sambal terasi. Klop deh. Selamat makan ;6;/id/resep/4469858-ayam-goreng-pemalas
Nuttget ayam+sayur;1 butir telur 1/2 kg Ayam 1 wortel 4 sdm tepung trigu 2 sdm tapioka 5 bawang putih 3 bawang merah daun bawang+seledri Lada Tepung panir Royko (sesuai selera) ;Filet ayam ambil bagian dagingnya lalu di cincang karna saya pake blender biar gampangdi cincang duluğŸ˜… masukan bawang merah+putih dan telur blender jadi satu Parut wortel dan iris tipis daun bawang dan sendri (ambil daunnya yg warna hijau saja) + trigu dan tapioka (tambah trigu bila kurang kental) aduk sampai rata tambahnya royko garam dan lada siap di kukus Tunggu sampai dingin potong sesuai selera gulingkan di telur (saya pakai trigu yg di kasih air sama saja hasilnya) lalu taburi tepung panir ;4;/id/resep/4469565-nuttget-ayamsayur
Chicken Hainan & Nasi Hainan Simple Magic Com;Bahan untuk Ayam Hainan: 4 pcs Paha Ayam Utuh (Paha atas dan Paha bawah) 6 siung bawang putih 3 ruas jahe 1 batang sereh 2 lembar daun salam 1 jeruk nipis / lemon 1/2 siung bawang bombay 2 sdm kecap ikan 2 sdm minyak wijen Sejumput garam Air Matang Kaldu ayam bubuk / block (opsional, saya tidak pake) Bahan untuk Nasi Hainan: 3 Cup beras 4 siung bawang putih 2 ruas jahe 1 batang sereh digeprek 2 lembar daun salam 2 sdm minyak wijen Sejumput garam Kuah rebusan bumbu Chicken Hainan Margarin Bahan untuk Saus Hainan: 1 siung bawang putih parut 2 sdm kecap manis 2 sdm kecap asin 2 sdm minyak wijen Bahan tambahan pelengkap: Ketimun Daun bawang Bawang goreng Emping ;Memasak Chicken Hainan: Cuci bersih ayam dan lumuri dengan sejumput garam dan perasan air jeruk nipis / lemon. Diamkan selama 10 menit. Sambil menunggu 10 menit, iris kasar bawang bombay, kemudian parut bawang putih dan jahe. Masak air hingga mendidih dipanci, dan jika sudah mendidih masukka bawang bonbay, bawang putih, jahe, sereh dan salam. Tunggu beberapa saat hingga harum, masukka ayam dan sedikit minyak wijen. Masak dengan api sedang selama kurang lebih 40menit. Sebaiknya untum merebus Chicken Hainan ini airnya dibnyakin. Karena nanti kuah rebusan ayamnya ini digunakan untuk kuah chicken hainan dan untuk memasak nasi. Memasak Nasi Hainan:. Cuci beras hingga bersih dan tiriskan. Kemudian parut bawang putih dan jahe. Selanjutnya lelehkan margarib pada wajan dengan api sedang dan kemudian tumis bawang putih, jahe, sereh dan salam. Tunis hingga harum dan layu. Beri sedikit air dan aduk2 hingga mendidih. Jika sudah mendidih, masukkan beras yg telah dicuci jedalam wajan, aduk rata hingga air dan bumbu tiris dan meresap. Angkay beras dan pindahlan ke Magic Com beserta bumbu2 yg sudah meresap tsb. Masak beras dengan menggunakan air rebusan Chicken Hainan dan ditambahkan lg sejumput garam dan minyak wijen. Ayam yang sudah direbus tadi bisa juga ikut dimasukkan kedakam magi com agar lebih nikmat nasi hainan nya. Membuat Saus Hainan: campurkan semua bahan didalam satu wadah, dan aduk rata. Jika nasi sudah matang, Chicken Hainan dan Nasi Hainan ini siap disajikan dengan saus dan kuahnya. ditambahkan dengan topping daun bawang pada kuah, bawang goreng pada nasi dan ketimun sebagai pelengkap. ;8;/id/resep/4469533-chicken-hainan-nasi-hainan-simple-magic-com
Ayam Goreng;1 ekor ayam (cuci dan rebus sebentar untuk ngurangin lemaknya) Bumbu : 5 siung bawang putih (geprek) 3 siung bawang merah (geprek) 1 ruas kunyit (geprek) 1/2 sdm ketumbar bubuk 2 lembar daun salam 1 lembar daun jeruk 1 batang serai (geprek) secukupnya garam ;Siapkan sedikit air dalam panci, didihkan Jika sudah mendidih masukkan semua bumbu bawang putih, bawang merah, kunyit, ketumbar, daun salam, daun jeruk, serai Masukkan ayam, tambahkan garam, tes rasa, jika dirasa kurang garam bisa di tambahkan sesuai selera, lalu diamkan beberapa menit hingga air menyusut dan bumbu meresap, angkat dan sisihkan ayam dalam wadah kosong (Dinginkan) Panaskan wajan dan minyak goreng, goreng ayam satu persatu hingga warna menjadi kuning kecoklatan, sajikan ;1;/id/resep/4469389-ayam-goreng
Ayam Cabe Ijo;1 ekor ayam broiler potong 8 bagian 1 sdm air jeruk nipis 2 sdt garam 3 sdm minyak goreng utk menumis 2 lbr daun jeruk 1 batang sereh di geprek Bumbu Halus : 8 butir bawang merah 5 siung bawang putih 10 buah cabe hujau besar 5 buah cabe rawit hijau 1 ruas jahe 1/2 ruas kunyit 3 butir kemiri secukupnya Garam dan gula pasir ;Lumuri potongan ayam dengan air jeruk nipis dan garam, sisihkan, biarkan selama 15 menit. Goreng ayam dengan minyak panas hingga kuning keemasan. Tumis bumbu yg telah di haluskan masukan daun jeruk, dan serehnya, aduk rata masak terus hibgga bumbu matang dan keluar aromanya. Masukan ayam yg telah di goreng sebelumya aduk rata, kalau perlu boleh tambahkan air sedikit agar bumbu meresap. Cek rasanya, bila telah matang taruh di piring saji,ayam goreng cabe ijo siap disantap...  ;8;/id/resep/4469122-ayam-cabe-ijo
Ayam fillet asam manis;2 buah dada ayam tanpa tulang 100 gr tepung terigu 50 gr tepung maizena 1 putih telur 5 sdm saus tomat 1/2 sdm saus tiram 1 buah bawang bombay (iris) 2 siung bawang putih (cincang halus) 1 sdt garam 1 sdt gula pasir 1 sdt merica bubuk ;Cuci bersih dada ayam lalu potong kecil2 sesuai selera Tambahkan garam, merica dan putih telur Masukkan potongan ayam kedalam adonan tepung (tepung terigu + maizena + garam + lada). Atau bisa pakai tepung ayam instan. Goreng dalam minyak panas selama 5-6 menit sampai berubah warna menjadi golden brown Siapkan wajan untuk membuat saus asam manis Tumis bawang putih dengan 3 sdm minyak goreng Setelah harum masukkan bawang bombay Tambahkan saus tomat, saus tiram dan setengah gelas air Masukkan garam, gula dan merica bubuk, aduk sampai tercampur Jangan lupa untuk koreksi rasa Larutkan 1sdt maizena dengan air Tambahkan larutan maizena sedikit demi sedikit hingga kekentalannya pas Matikan api, siap disajikan ;10;/id/resep/4469254-ayam-fillet-asam-manis
Ayam ukep bumbu sederhana;1 kg ayam broiler 8 siung bawang putih ukuran besar 1 sdm peres ketumbar Kunyit Garam Gula Air ;Cuci bersih ayam, boleh diberi perasan air jeruk nipisbiar ngga amis. Tp kebetulan aku ngga simpen jeruk nipis jd ya ngga pake. Ngga amis kok. Ulek bawang putih, kunyit dan ketumbar hingga halus Masukkan air ke wajan, nyalakan kompor. Masukkan setengah bumbu halus beri gula garam sesuai selera, masukkan ayam dilanjut dgn setengah bumbu sisanya. Tutup wajan. Setelah 5 menit campur ayam dgn bumbunya. Tutup dan diamkan lg hingga dirasa matang. Jika tidak langsung digoreng semua, bisa ditaruh di wadah tertutup. Tp tunggu dingin dulu yaa ayamnya. Trus masukkin kulkas deh. Ini ayam yg udh digoreng ;0;/id/resep/4468662-ayam-ukep-bumbu-sederhana
Tongseng Ati Ampela Ayam;2 potong hati ampela ayam yang masih dibalut usus 2 sdm minyak goreng 50 ml air 2 siung bawang putih 4 siung bawang merah 5 buah cabe rawit 3 buah cabe merah keriting 2 butir kemiri 1/4 sdt ketumbar bubuk 1/2 ruas jahe 1 ruas lengkuas geprek 1 lembar daun salam 1/4 sdt lada 1/2 sdt garam 1/2 sdt penyedap 2 sdm kecap manis Sejumput pala bubuk ;Bersihkan ati ampelanya. Kemudian rebus, goreng setengah matang. Sisihkan! Baput, bame, kemiri, cabe digoreng bentar lalu uleg Panaskan minyak tumis bumbu, beri air dan masukkan ati ampelanya. Icip rasa. Tunggu hingga kuah agak menyusut. Sajikan :) ;3;/id/resep/3026845-tongseng-ati-ampela-ayam
Tim Ayam Bawang;1 ekor ayam potong sesuai selera (saya potong 12) 4 siung bawang merah iris tipis 3 siung bawang putih iris tipis 4 batang daun bawang potong serong 1 buah bawang bombay ukuran sedang 1 ruas jari jahe penyedap rasa ayam secukup nya ;Masukan ayam dan semua bahan kedalam 2ltr air. Masak dengan api sedang kurang lebih 30 menit. Tim ayam bawang siap di hidangkan ;6;/id/resep/4468151-tim-ayam-bawang
Ayam richeese saos fire & keju;Adonan ayam crispy: Tepung serbaguna 7 sayap ayam 1 Telur ayam kocok lepas Saos fire: 2 sdm saos sambal 2 sdm saos tomat 3 sdm saos barbeque (delmonte) 1 sdt minyak wijen 1 sdm saos tiram 3 siung bawang putih geprek 1 sdm bon cabe 1 sdt kecap manis Saos keju: 100 ml susu uht full cream secukupnya Keju parut chedar 1 sdm maizena (larutkan dengan air) Margarin ;Adonan ayam crispy: cuci bersih ayam (disini aku rebus dulu ayamnya biar mateng sempurna), kocok lepas telur. Ayam di celup ke adonan telur, lalu celup di adonan tepung serbaguna (untuk lebih crispy ulang 2x proses celup) goreng sampai ayam kecoklatan Saos fire: tumis bawang putih sampai harum dan kecoklatan, lalu campurkan semua bahan saus. Masak sampai mendidih Saos keju: panaskan margarin, masukan susu, keju, maizena aduk rata sampai kental dan mendidih (API KECIL) Masukan ayam crispy ke adonan saos fire. Aduk rata Ayam bbq ala richeese siap disajikan ğŸ˜€ ;7;/id/resep/4467700-ayam-richeese-saos-fire-keju
Ayam jamur barbecue;500 gr Sayap ayam 100 gr Jamur campion 1/2 siung bawang Bombay 3 siung bawang putih 1 sendok makan saus kikoman 1 sendok makan saus tiram 2 sendok makan saus barbecue 1 sendok makan kecap manis Sejumput merica dan garam Minyak untuk menggoreng 100 ml air ;Setelah ayam dicuci, lalu goreng ayam sampai kering lalu angkat Iris tipis semua bahan seperti jamur, bawang Bombay dan bawang putih lalu tumis semua bahan tambahkan genk saus, dan jangan lupa garam dan merica. Setelah tumis semua bahan, masukan air, lalu masukan ayam, tunggu sampai meresap lalu matikan api, lalu sajikan di pinggan. Hidangkan dengan nasi hangat, atau lainnya. ;2;/id/resep/4468454-ayam-jamur-barbecue
Ayam bumbu kuning;500 gr sayap ayam potong 2 100 gr kelapa parut 6 siung bawang merah 4 siung bawang putih 1 sdt kunyit bubuk / 2 cm kunyit secukupnya garam secukupnya merica 1/2 sdt biji pala bubuk 300 ml air minyak goreng 2 batang sereh (memarkan) 2 lembar salam 2 cm lengkuas (digeprek) ;Haluskan bawang merah, bawang putih, garam, merica & kunyit Tumis bumbu halus dengan salam, sereh & lengkuas yg digeprek hingga harum Masukan potongan ayam yg sudah dicuci bersih kedalam tumisan bumbu hingga berubah warna Masukan kelapa parut hingga tercampur rata, masukan air matang. Masak hingga air surut, test rasa Ayam bumbu kuning siap disajikan, dapat dijuga digoreng menjadi ayam goreng serundeng. Selamat menikmati ğŸ˜Š ;7;/id/resep/4468345-ayam-bumbu-kuning
Soto Ayam Kampung;1 kg ayam kampung 1 batang serai geprek 1 daun jeruk Daun seledri Daun bawang Bawang goreng Jeruk nipis Bumbu yg dihaluskan : 7 siung bawang merah 3 siung bawang putih 2 ruas jari kunyit 2 ruas jari jahe sedikit Laos secukupnya Merica bubuk Bahan pelengkap Bihun atau soun Gubis Kecambah ;Bersihkan dan potong ayam kampung sesuai selera Rebus ayam yg telah di bersihkan Tumis bumbu yg telah di haluskan, tambahkan serai dan daun jeruk. Tumis sampai harum dan berubah warna Masukkan bumbu yg sudah di tumis ke dalam air rebusan ayam.. tambahkan irisan daun seledri dan daun bawang. Beri garam, gula, merica bubuk dan kaldu ayam bubuk bila suka.. tes rasa Terakhir taburi bawang merah goreng.. soto ayam kampung siap dihidangkan bersama soun, gubis dan kecambah... Selamat mencoba momm ;8;/id/resep/4467762-soto-ayam-kampung
Steak ayam saos lada Hitam;4 filetan dada ayam Bumbu untuk ayamnya : 1/2 sdt lada hitam 1/2 sdt royco ayam 1/2 sdt bubuk bawang putih Bahan tepung : 100 gram tepung 1/2 sdt lada 1/2 sdt royco 1/2 sdt bawang putih 1-2 butir telur (bisa di skip) Minyak untuk menggoreng Wijen sangrai untuk hiasan Wortel, kentang, buncis untuk lalapan Bahan saos : 2 sdm saos tiram 1 buah bawang bombay 4 siung bawang putuh 1/2 sdm royco 1/2 sdm gulpas 1/2 sdt lada hitam bubuk Larutan meizena 1 gelas kecil air ;Langkah pertama : cuci bersih ayam dan fillet bagian dadanya.. lalu sisihkan kalau mau bagian paha bisa ya sesuai selera. Beri bumbu lada hitam, bubuk Bawang putih dan royco kedalam ayam lalu kacak / aduk merata. Diamkan di dalam kulkas selama 15 menit sampai bumbu benar benar meresap. Langkah ke 2. Campurkaan tepung terigu, tepung beras, royco, lada, dan bubuk bwg putih menjadi satu aduk rata. Ambil ayam yang sudah di diamkan tadi balurkan ke tepung dan masukan ke telur balurkan lagi ke tepung dan ke telur dan balurkan lagi ke tepung sampai ketebalan yang di inginkan. Goreng ayam sampai bewarna kekuningan lalu angkat dan tiriskan di tempat yang sudah di alasi tisu Next siapkan bahan untuk saos. Potong2 bawang bumbay dan putih tumis sampai harum beri air dan masukan saos tiram, gulpas, royco, dan lada bubuk.. cicipin Jika dirasa sudah pas masukan larutan meizena atau tepung beras masak sampai kental dan matikan kompor Next.. potong potong wortel, buncis dan kentang lalu rebus setengah empuk masak tiriskan dan tata di piring dan taruh ayum lalu tuang saos di atasnya Selamat mencoba ;1;/id/resep/4466408-steak-ayam-saos-lada-hitam
Ayam saos nanas pedas manis;Bahan 1 : 400 gr dada ayam filet 1 sdm tepung maizena Kecap asin Bahan 2: 2 sdm saos pedas 1-2 sdm minyak wijen 2 sdm kecap manis 2 sdm saos tiram secukupnya Lada bubuk Bahan 3: 3 bh Bawang putih 1 bawang bombay potong kotak 1 paprika potong kotak (sy pakai cabe merah) Bbrp potong nanas secukupnya Gula dan garam ;Bahan 1 dicampur..diamkan 1 jam lalu digoreng hingga kecoklatan Bahan 2 dicampur n diaduk dalam 1 wadah terpisah. Sisihkan Tumis bawang putih hingga harum.. tambahkan ayam yang telah digoreng dan bumbu saos kemudian diaduk Koreksi rasa.. Tambahkan bawang bombay dan paprika sesaat sebelum diangkat. Terakhir masukan potongan Nanas. Sajikan dengan nasi hangat Selamat mencoba.. ;7;/id/resep/4467816-ayam-saos-nanas-pedas-manis
Ayam Santan Ngamuk;Ayam 1/2 kg,potong sesuai selera 6 siung Bawang putih 4 siung Bawang merah 2 ons Cabe merah secukupnya Gula merah 1 sendok Kecap manis 3 lembar Daun jeruk Kemiri 4 butir,goreng Jeruk limau 1 bungkus Lada bubuk secukupnya Santan kental 1/2 sendok Gula pasir secukupnya Garam secukupnya Air ;Cuci bersih ayam,rendam dengan perasan air jeruk,diam kan sesaat Giling cabe merah,bawang merah,bawang putih,kemiri sampai halus Tumis bumbu yg sudah dihaluskan hingga harum Masukkan daun jeruk,gula merah,garam, lada bubuk,gula pasir,dan air Tunggu hingga mendidih Bila telah mendidih masukkan ayam,masak hingga kuah surut dengan api kecil Kemudian tambah kan santan kental dan air secukupnya lagi Masak kembali sampai bumbu meresap Tambah kan kecap manis,koreksi rasa Apabila bumbu sudah mulai surut dan daging telah empuk,angkat Sajikan Selamat mencobağŸ˜ğŸ™ ;6;/id/resep/4467988-ayam-santan-ngamuk
Ayam asam manis;3 iris ayam (potong kecil2 sesuai selera) Secukupnya tepung serbaguna 1 biji telur Bahan saos : 2 buah cabe merah besar (buang biji, iris memanjang) 1 buah bawang bombay 3 siung bawang putih Secukupnya wortel (iris memanjang) Secukupnya kacang polong 5 sdm saus tomat 1 sdm saos sambal Secukupnya tepung maizena (dilarutkan) ;Ayam yang telah dipotong kecil dicelupkan ke dlm telur kemudian balurkan ke dlm tepung serbaguna, kemudian goreng hingga coklat keemasan. Untuk membuat saos, tumis bawang putih dan bawang bombay hingga layu kemudian masukkan saos tomat dan saos sambal aduk rata. Tambahkan air secukupnya, kemudian larutan maizena, aduk rata. Masukkan potongan wortel, cabe merah dan kacang polong, beri gula, garam dan penyedap. Terakhir masukkan ayam yang telah digoreng tadi, aduk sebentar hingga merata. ;2;/id/resep/4468044-ayam-asam-manis
Ayam bumbu Betutu;1/2 ekor ayam kampung 10 bawang merah 6 bawang putih 1 ruas lengkuas 15 cabe rawit merah 6 cabe merah 5 kemiri Kunyit (secukupnya) 1 sdt ketumbar 1 terasi abc Sereh 2 daun jaruk 2 daun salam ;Haluskan cabai, bw merah, bw putih, kemiri, ketumbar, lengkuas, kunyit, terasi, garam, gula, penyedap (kecuali sereh,daun salam, dan daun jeruk) Cuci bersih ayam, potong sesuai selera Tumis bumbu halus (saya ngehalusinnya pake blender), masukan sereh, daun salam, daun jeruk.. tumis hingga matang dan harum Kalau sudah matang, masukan potongan ayam, tambahkan air, tunggu hingga airnya surut dan meresap ;3;/id/resep/4467921-ayam-bumbu-betutu
Siomay Ayam Udang;150 gr ayam, blender 150 gr udang cincang kasar 1 btr telur 1 btr bawang putih, blender bersama ayam 1 bh wortel parut, sisihkan sedikit u/ taburan 1 btg daun bawang 1 sdm saus tiram 1 sdm minyak wijen Garam Merica Kulit siomay ;Campur semua bahan aduk rata. Oles minyak kulit siomay sblm diisi. Beri taburan wortel lalu kukus (kukusan yg telah dipanaskan sebelumnya) 15 menit api sedang. ;6;/id/resep/4468094-siomay-ayam-udang
Ayam Kecap Manis Cabai;500 gr ayam 3 siung bw putih, geprek cincang 1 bh cabe merah besar, iris serong 1/2 sdt merica bubuk 3-4 sdm kecap manis 200 ml air Secukupnya garam 3 sdm minyak sayur Secukupnya daun bawang, utk taburan ;Tumis bw putih, cabe dan merica bubuk hingga layu dan baput agak kecokelatan Masukkan ayamnya, aduk hingga berubah warna Beri kecap manis lalu tuang air, bubuhi garam secukupnya, aduk rata lalu tutup wajan hingga airnya sat dan bumbu meresap Sajikan lalu taburi dgn daun bawang ;10;/id/resep/4467275-ayam-kecap-manis-cabai
Spicy chicken wings keto/low carb;1/2 kg sayap ayam belah dua bumbu rendam : 4 siung bwg putih haluskan (garlic powder kl ada,sy blm ada...) 1 sdt lada bubuk (lada hitam) secukupnya garam cabe bubuk 1 sdm,tambahkan bila ingin lebih pedas bumbu siram: 1 s/d 2 sdm butter 1 s/d 2 sdm kecap tropicana slim 1 sdm kecap asin 1 sdm atau lebih cabe bubuk secukupnya garam secukupnya air matang minyak goreng untuk menggoreng ;Potong sayap ayam jadi 2 bagian lalu cuci bersih dan tiriskan Siapkan serbet bersih/kain tuangkan ayam ke serbet lalu tekan2 hingga ayam tidak basah (kunci ayam jd crispy) Setelah ayam di serap airnya simpan dalam mangkok lalu beri bumbu rendaman masukan kulkas dan diamkan selama 25 menit agar bumbu meresap Siapkan wajan tuang minyak goreng, goreng ayam dengan deep fried atau minyak banyak. gunakan api sedang cenderung kecil agar ayam matang di dalam dan crispy di luar, memang agak lama.setelah matang lalu angkat dan tiriskan. Siapkan wajan masak bumbu siram, tumis butter,lalu masukan bumbu yg lain beri air secukupnya.tunggu agak kental /menyusut Masukan ayam ke wajan bumbu siram. aduk2 sebentar lalu angkat. Tunggu sebentar lalu sajikan, kulitnya crispy dan dalamnya matang. selamat mencoba. ;6;/id/resep/4467546-spicy-chicken-wings-ketolow-carb
Ayam Pedas Kemangi;1 kg ayam 2 ikat daun kemangi 1 batang serai (geprak) 2 lembar daun salam 2 lembar daun jeruk 1 ruas jari laos (geprak) Jeruk nipis Gula Garam Merica bubuk Kaldu ayam Bumbu halus : 2 siung bawang putih 6 siung bawang merah 2 cabe merah besar 20 cabe rawit atau sesuai selera 1 butir kemiri Sejumput kecil ketumbar 1 ruas jari jahe 2 ruas jari kunyit ;Lumuri ayam yg telah di bersihkan dengan jeruk nipis perah, garam, dan merica bubuk (diamkan selama 10 menit) Tumis bumbu2 yg telah di haluskan. Tambahkan serai, daun salam, daun jeruk, dan laos yg telah di geprak (tumis sampai harum dan berubah warna) Goreng ayam yg telah di bumbui sampai setengah matang Masukkan ayam yg telah di goreng setengah matang ke dalam bumbu yg sedang di tumis.. tambahkan 300 ml air atau sesuai selera.. masak hingga air menyusut.. masukkan daun kemangi. Tambahkan gula, garam, kaldu ayam bubuk sesuai selera. Tes rasa Sajikan selagi hangat ğŸ˜ŠğŸ˜ŠğŸ˜Š jgn lupa magic com nya di dekatkan yaa biar klo nambah nasi ga jauh2 ambilnya... selamat mencobaa ;8;/id/resep/4467554-ayam-pedas-kemangi
Steak ayam panir keju;1 buah dada ayam filet. Iris menjadi 2 bagian secukupnya Tepung terigu 1 butir telur. Kocok lepas 2 sdm cabe bubuk secukupnya Tepung panir 100 gr keju parut (blh di skip) Bahan marinate: secukupnya Susu cair secukupnya Garam secukupnya Merica 4 siung bawang putih, haluskan ;Marinate dada ayam dgn bumbu marinate kira2 30 menit Udelin ayam dgn tepung terigu, masukkan ke dlm kocokan telur, lalu udelin ke campuran tepung panir Oh ya, tepung panirnya di campur dgn parutan keju & cabe bubuk ya Goreng dgn api sedang supaya warnanya tdk terlalu hitam seperti buatan saya he he. ;6;/id/resep/3403864-steak-ayam-panir-keju
Grilled chicken breast;1/2 potong dada ayam fillet Secukupnya bawang bombay iris memanjang Secukupnya paprika merah iris memanjang 1 siung bwg putih cincang Secukupnya keju melted 1/2 sdt garam, Secukupnya lada Minyak sayur / olive Hiasan: 1 lbr selada 5 bh tomat kecil ;Belah2 dada ayam (tp jgn samlai putus) Beri garam, merica, saya tmbh bubuk paprika, dan bawang putih cincang diamkan 15mnt Selipkan bawang bombay, paprika dan keju di tiap belahan Panaskan oven 200 derajat, beri minyak pada alas dan potongan ayam, panggang slama 20 menit Hias piring dg selada dan tomat, bs tmbh kentang jika mau..lalu letakan dada ayam di tengah.. Grilled chicken siap disajikan ;6;/id/resep/4467537-grilled-chicken-breast
Sambal ayam penyet;Ayam goreng (resep ungkepnya ada di resep ku yg lain ya) Daun singkong (klop banget sm lalapan rebusan daun singkong loh) 15-20 Cabe orens 1-2 bawang putih Minyak panas Royco (rasa sapi) Garam Gula pasir (yg ga pengen terlalu pedas boleh pake gula dikit) ;Cuci bersih cabe dan bawang putih,ulek kasar di cobek Panaskan minyak lalu tuang ke cobek ya Bumbuin garam sedikit,royco sapi dan gula (optional) Ulek lg sambil di aduk2.tes rasa Kalo udah pas,bejek2 ayam goreng nya di atas sambal Sajikan dg nasi panas bertabur bawang goreng.lalapannya rebusan daun singkong,di jamin keringetan dan nasi nya harus banyak ya karena pasti nambah2 trs hehehe ;2;/id/resep/4467685-sambal-ayam-penyet
Ayam Geprek;Ayam 1/2 kg potong menjadi 6 Bumbu ayam ungkep (haluskan) : 3 siung bawang putih 1 sdt ketumbar Kunyit sedikit (optional) 1 sdt asam jawa secukupnya Garam jika suka Penyedap 1 lembar daun jeruk purut Segelas air Sambal geprek: 30 buah cabe rawit 5 buah cabe keriting(kalau ada) 2 siung bawang putih 5 siung bawang merah secukupnya Garam Sedikit minyak ;Cuci bersih ayam, lalu ungkep bersama bumbu ayam yang telah dihaluskan, beri segelas air, kemudian tutup panci dan biarkan sampai air menyusut. Setelah menyusut, matikan kompor Sementara itu, panaskan sedikit minyak dan tumis bawang putih dan bawang merah setengah matang, matikan kompor dan masukkan cabe kedalam wajan. Biarkan sebentar bawang dan cabe dalam minyak panas Kira2 cabe sudah agak layu, tiriskan bawang dan cabe. Panas2 langsung ulek diatas cobek, beri sedikit garam, gula dan penyedap jika suka Goreng ayam hingga kecoklatan, dan panas2 langsung tiriskan, taruh dicobek dan langsung geprek/penyet. Sajikan bersama nasi panas. ;0;/id/resep/4467211-ayam-geprek
Chicken Pop Bumbu Sambel Bawang Tumis;1/4 kg Dada Ayam Jeruk nipis 1 1/2 bks Tepung serbaguna Bahan Sambel : 15 Siung bawang merah 1 Siung bawang putih 3 biji cabe rawit (sesuai selera) 1 biji cabe keriting 2 buah tomat Lain-lain : Minyak goreng Garam Mecin Gula Terasi ;Potong-potong dadu ayam, kemudian cuci bersih. Setelah itu, rendam ayam dengan air perasan jeruk nipis, lalu diamkan selama 15 menit. Sambil menunggu, siapkan bumbu sambelnya. Iris-iris semua bahan dan sisihkan. Setelah bumbu siap, siapkan tepung basah (jangan terlalu encer) dan tepung kering di dalam wadah yang berbeda. Cuci bersih kembali ayam yang tadi direndam. Kemudian, masukkan ke dalam tepung basah. Setelah itu, pindahkan ke tepung kering dan lumurin ayam hingga merata. Panaskan minyak goreng hingga benar-benar panas. Lalu goreng ayam hingga berwarna keemasan. Lalu, sisihkan. Setelah itu, panaskan minyak lagi dan tumis semua bumbu sambal hingga matang. Tambahkan garam, mecin, gula dan terasi secukupnya. Tes rasa. Kecilkan api, lalu masukkan semua ayam, lalu aduk hingga rata. Sajikan, sangat pas dimakan dengan nasi hangat. î€ ;6;/id/resep/4467232-chicken-pop-bumbu-sambel-bawang-tumis
Ayam Ukep Bumbu Bebek;1 kg ayam segar bersih 3 siung bawang merah (a) 7 siung bawang putih (a) 1/2 sdm ketumbar (a) 1 ruas kunir (1 cm) (a) 1/2 cm jahe hanya supaya ayam tdk amis (a) 2 btg sereh (digeprek) 5 lbr daun jeruk Lengkuas diparut,jmlh sesuai selera(saya skip krn gaada parutan) Garam ;Haluskan/blender semua bahan (a). Masukkan ayam ke dalam panci bersama bumbu (a), parutan laos, sereh, daun jeruk, garam (sesuai selera, kalo saya suka yg asin ntar bumbunya bisa digoreng juga). Jgn lupa kasih air kira-kira 2 gelas supaya tdk kebanyakan air. Rebus dgn api sedang sampai ayam matang jgn lupa diaduk. Rebus sampai air agak menyusut dan kuah kental dgn bumbu. Goreng ayam & sajikan ğŸ˜„ (bumbu, sereh & daun jeruknya jg saya goreng jg sampai crispy kress kress dimakan pake nasi anget enak ğŸ˜‹) ;6;/id/resep/4467380-ayam-ukep-bumbu-bebek
Soto ayam special;1/2 kg ayam kampung 1/4 kg jeroan ayam 1/2 kg kentang 5 telur ayam 1/4 kg bwg merah buat taburan 1/4 kg bwg putih buat taburan 1/4 kg toge kecil Seledri Jeruk nipis Bumbu : 1/4 kg bwg merah 1/4 kg bwg putih Lengkuas Kunyit Kemiri Jahe Serai Daun jeruk ;Bwg merah putih,kunyit,lengkuas,kemiri,jahe halus kan Tumis bersamaan dg serai dan daun jeruk sampai harum Rebus ayam,masukan bumbu yg uda ditumis sampai mendidih Angkat ayam.goreng bersamaan dg jeroan ayam Siap disajikan ;3;/id/resep/4467262-soto-ayam-special
Ayam Goreng Tepung;5 potong paha ayam 4 siung bawang putih, dihaluskan secukupnya Garam secukupnya Lada Kaldu bubuk (optional, klo bisa yg non msg ya soalnya buat anak) 1 btr telur Bahan pelapis : 4 sdm Tepung terigu 2 sdm tepung maizena Garam secukupnya (diresep aslinya gak pake garam) ;Cuci bersih ayam lalu tusuk2 dgn garpu dagingnya (supaya bumbu meresap dan ketika digoreng bagian dalamnya jg matang) dan lumuri dengan bawang putih halus, garam, lada, kaldu bubuk campur rata Masukan kedalam lemari es selama bbrp jam (semakin lama semakin meresap bumbunya) Ketika ingin digoreng beri telur dan campur rata Lalu masukan kedalam wadah tepung terigu dan maizena yg sdh dicampur jd satu, tekan2 dan agak dicubit2 tepungnya supaya permukaannya keriting/kriuk Goreng dgn api kecil dan minyak yg agak banyak sampai ayam tenggelam supaya ayam matangnya merata Selamat mencoba... ğŸ˜‰ ;3;/id/resep/4467235-ayam-goreng-tepung
Soto ayam;350 gr ayam Bumbu : 5 bawang merah 3 bawang putih Kunyit seruas jari seruas Lengkuas seruas Jahe Gula Garam Kaldu ayam Lada sedikit Ketumbar 1 Sereh geprek 2 daun salam Isian : Kol iris tipis iris Daun sop Tauge Bawang goreng ;Goreng ayam yang dimarinasi dengan lada dan garam Blender bumbu. Kemudian di tumis dengan ditambah sereh dan daun salam Masukkan bumbu yang sudah ditumis ke air. Masak hingga mendidih. Beri gula, garam, kaldu. Cek rasa Taruh isian dimangkuk, siram dengan kuah panas. Ayam yang sudah digoreng disuwir ya mom. Tambahkan bawang goreng, sambal dan perasan jeruk (opsional). Soto ayam segar siap dinikmati bersama keluarga tercinta ;5;/id/resep/4467231-soto-ayam
Ayam Dan Tempe Goreng Serundeng;1 dada ayam 1/2 kelapa parut 2 tempe (potong agak tebal) 3 siung bawang putih (dihaluskan) 1 ruas jari kunyit (dihaluskan) secukupnya Garam secukupnya Penyedap royco 3 lembar daun salam 2 batang sereh secukupnya Air masak ;Setelah ayam dicuci bersih, didihkan air. Masukkan ayam, lalu tiriskan Didihkan air kembali, setelah air sudah mendidih masukkan bumbu yang sudah di haluskan, daun salam, sereh. Jika sudah tercium wangi, masukkan ayam aduk rata. Tunggu sampai 10-15 menit. Lalu masukkan tempe. Setelah agak berkurang airnya, masukkan kelapa lalu aduk hingga rata sampai air mengering. Angkat dan sajikan. Goreng dengan api sedang, nikmati dengan sambal tomat yang pedas. Resep bisa di lihat di upload resep sebelumnya. Selamat mencoba Moms! ;1;/id/resep/4467442-ayam-dan-tempe-goreng-serundeng
Nugget ayam simpel;500 gr ayam giling 6 buah bawang merah 4 bawang putih 2 sdm tepung kanji 3 sdm tepung oatmeal 2 telur ayam Brokoli Wortel Garam Kaldu jamur Bahan celup 2 telur Tepung roti ;Ulek bawang sampai halus. Sayuran di parut (secukupnya) Campur ke dalam ayam giling. Campurkan semua bahan aduk sampai rata Siapkan wadah untuk mencetak adonan. Masukan kedalam kukusan. Tunggu sampai matang (kurleb 30menit) Jika sudah matang. Potong sesuai selera. Celupkan kedalam bahan celup. Masukan kedalam kulkas.tunggu minimal 30menit Baru goreng nugget sesuka hati ;6;/id/resep/4467443-nugget-ayam-simpel
Ayam Goreng ala Kentucky;1 ekor ayam negeri (potong 8) 300 gr tepung terigu (segitiga biru) 100 gr tepung maizena 4 siung bawang putih halus (bisa juga garlic powder) 1 sdt Baking powder Garam Lada putih bubuk Lada hitam dihaluskan Ketumbar bubuk Kaldu bubuk Cabe bubuk 1 butir telur ayam 1 sachet dancow putih 1 sdm cuka dapur/jeruk nipis/lemon 150 ml air hangat ;Marinasi Ayam dengan 1sdm garam, 1sdm lada putih, lada hitam, 1sdt kaldu bubuk, bawang putih, 1sdm ketumbar bubuk dan 1sdm cabe bubuk. Buttermilk untuk rendaman ayam: campur susu dancow dengan 250ml air hangat lalu masukan cuka dapur dan aduk hingga terbentuk gumpalan2 kecil dari susu Masukkan telur kedalam cairan buttermilk lalu kocok dan tambahkan baking powder Masukkan campuran buttermilk dan telur kedalam ayam dan ratakan Diamkan selama minimal 12 jam di dalam kulkas, makin lama marinasi maka bumbu semakin meresap dan juicy Setelah 12 jam keluarkan dari kulkas Campurkan terigu dan maizena dalam wadah Tambahkan garam, kaldu bubuk, lada putih, ketumbar bubuk, cabe bubuk (masing2 1sdt) Aduk tepung dan bahan bubuk hingga rata Masukkan ayam kedalam tepung, lalu balur sampai permukaan ayam tertutup tepung Tips jangan menekan dgn kuat atau pijat daging ayam ketika penepungan karena hasilnya akan bantet Masukkan kembali ayam ke rendaman buttermilk, kemudian pindahkan ke tepung lagi Bolak balikkan ayam di tepung hingga tepung menempel dengan sempurna Masukkan ayam kedalam minyak yang sudah benar2 panas dan banyak hingga semua bagian ayam terendam Goreng dengan api kecil selama 12-14menit dipastikan daging matang sampai kedalam Setelah berwarna coklat keemasan angkat lalu tiriskan ;6;/id/resep/4467218-ayam-goreng-ala-kentucky
Ayam Krispy Sambal Matah;Bahan ayam Krispy: 2 buah paha atas ayam 1 sachet tepung bumbu merek apa saja ukuran sedang 1 butir telur ayam 1 buah jeruk nipis secukupnya Garam, merica, penyedap Bahan sambal matah : 10 buah bawang merah 2 buah cabe rawit (atau sesuai selera) 1/2 sdt terasi 2 sdm minyak goreng 1 buah jeruk nipis secukupnya Garam, gula, penyedap ;Iris sebanyak 2 irisan pada bagian daging paha atas ayam (agar bagian dalam ayam cepat matang), kemudian taburkan garam, merica, penyedap secukupnya, peraskan jeruk sambil aduk2, diamkan sebentar.. Sambil menunggu kupas dan potong2 bawang merah, cabe rawit, kemudian masukkan ke mangkok kecil, lalu tabur sejumput kecil garam, gula, penyedap pada potongan bawang merah Panaskan minyak,masukkan terasi, sambil aduk2 sampe minyak terasa sudah panas, kemudian tuang keatas potongan bawang, lalu segera diaduk2. Peraskan jeruk nipis. Sambal matah sudah jadi, sisihkan.. Siapkan telur dan tepung bumbu di wadah yang berbeda. Panaskan minyak untuk mengoreng di wajan. Ambil ayam, celupkan ke telur sampai merata, lalu pindah celupkan di tepung sampai merata, lalu ulang sekali lagi celup ke telur dn tepung, kemudian masukkan ke penggorengan. Goreng dengan api kecil, jangan tll besar, agar di dalam matang terlebih dlu. Waktu memasak ayam krispy kurang lebih 20-30menit dg api kecil agar matang sampai kedalam. Setelah matang, angkat, siapkan di piring lalu taburkan sambal matah. Bon apetite! ;5;/id/resep/4466938-ayam-krispy-sambal-matah
Soto ayam kediri;1/4 ekor ayam (ayam kampung lebih enak) 1/4 kg ceker atau tulang 2 batang daun bawang 3 batang serai 4 lembar daun salam 3 lembar daun jeruk 1 ruas lengkuas 360 ml santan jika suka pakai santan atau kurang kental kuahnya secukupnya Penyedap secukupnya Garam Pelengkap : 2 batang daun sledri (cincang halus) Kol secukupnya iris halus secukupnya Tauge/kecambah kacang hijau 2 buah kentang iris tipis-tipis (goreng kering) 4 buah tahu (goreng,iris tipis) 2 buah tomat potong sesuai selera Bawang goreng untuk taburan sesuai selera Kecap manis Bumbu halus : 12 butir bawang merah 8 butir bawang putih 1 jari kunyit 1 ruas jari jahe 1 ruas kencur 1/4 sdt merica 1/2 sdt ketumbar 3 buah kemiri ;Panaskan air hingga mendidik,masukkan ayam dan ceker/tulang tunggu hingga matang. Tumis bumbu halus hingga harum,diamkan sebentar.untuk bumbu halus bisa diblender (langsung bisa masuk kekuah) atau diparut (setelah ditumis diberi air kemudian diperas kekuah pakai saringan diambil sarinya saja bagi yg tidak begitu suka rempah) Angakat ayam yg direbus td kemudian goreng setengah matang suwir-suwir. Masukkan bumbu halus kekaldu (kuah),daun salam,serai (geprek),daun jeruk,daun bawang (bisa utuh/dipotong-potong),lengkuas,penyedap,garam. Tunggu hingga mendidih kemudian koreksi rasa.kalau pakai santan usahakan masukkan santan paling terakhir dan tidak perlu lama-lama supaya santan tidak pecah.matikan api,siap untuk dihidangkan bersama pelengkapnya Cara membuat sambelnya : cukup rebus cabe merah dan cabe kriting sesuai selera sampai mendidih kemudian haluskan. NB.untuk penglengkap bisa divariasikan sendiri sesuai selera.bisa ditambah telor,soun,bihun,kentang rebus dll. ;4;/id/resep/4466857-soto-ayam-kediri
Ayam Mentega;1/2 kg Sayap Ayam 6 siung Bawang Merah 4 siung Bawang Putih Cabai merah besar Laos Merica Gula Garam 1 Sdm Saos Tiram 1 Sdm Mentega Daun Bawang Kecap manis ;Goreng sayap ayam hingga setengah matang. Tiriskan. Tumis duo bawang dan laos sampe harum baunya. Masukkan ayam yang telah digoreng sebelumnya. Tambahkan air secukupnya. Lalu masukkan merica, gula, garam, kecap, dan saos tiram sesuai selera. Setelah air agak menyusut masukkan 1 Sdm mentega. Masukkan daun bawang. Koreksi rasa. Angkat. ;5;/id/resep/4467000-ayam-mentega
Ayam kecap pedas;100 gr ayam 2 siung bawang putih 1 bh cabe gendot 3 bh cabe rawit domba (bisa ditambah sesuai selera) 1 sdm saos cabe botol (saya pake merk indofood) 1 sdm kecap manis secukupnya Garam, gula, merica ;Rebus dada ayam hingga matang. Tunggu dingin lalu suir sesuai selera. Tiriskan Tumis bawang putih, cabe gendot, cabe rawit sampai agak layu Masukan ayam yg sudah disuir tadi Masukan air kurang lebih 1 cangkir Beri garam, gula, merica, saos sambal, kecap Aduk rata, koreksi rasa. Tunggu sampai Air menyusut atau tinggal sedikit. Angkat lalu sajikan dengan nasi hangat. Selamat mencoba. ;0;/id/resep/4466635-ayam-kecap-pedas
Ayam Geprek;4 potong Ayam 3 sdm tepung bumbu ayam 1 sdt garam 6 biji bawang merah 3 biji bawang putih secukupnya Air Lombok prawit 12 biji (tergantung selera) ;Haluskan bawang merah dan garam masukan ke dalam tepung bumbu, cuci ayam Basahi ayam dengan air garam dan gulung ke dalam tepung bumbu Goreng ayam tepung setelah warna menjadi coklat angkat dan tiriskan Haluskan bawang putih dan lombok, Geprek ayam dan letakan bawang dan lombok yg sudah di haluskan di atas ayam lalu geprek lagi sekali sampai dua kali sampai lombok meresap ;0;/id/resep/4466727-ayam-geprek
Ayam suir kecap;1/2 kg ayam 5 sendok makan kecap manis(sy pake kecap Bangau lbih kental) 5 empela ayam 5 cabe rawit 5 cabe merah besar(iria tipis) 5 siung bawang merah 2 siung bawang putih 1 bawang bombay (iris tipis) 2 kemiri secukupnya Lada bubuk Penyedap rasa ayam 2 batang sereh 2 lembar daun salam 1 buah tomat (iris tipis) secukupnya Garam Minyak utk menumis ;"Rebus ayam dan empela hingga mendidih,tiriskan dan potong kecil"" (simpan air kaldu) Ulek bumbu(bawang merah,bawang putih,cabe rawit,kemiri,garam hingga halus dam sereh (geprek) Panaskan minyaak, masukan bumbu halus dan irisan bawang bombay,tomat,cabe merah yg sdh di iris,daun salam dan aduk hingga harum Masukan ayam yg udh di potong"" aduk hingga tercampur rata dgn bumbu Masukan air kaldu secukupnya,penyedap rasa dan lada bubuk,tunggu sampai mendidih Masukan kecap aduk hingga rata (15menit) biarkan mendidih Ayam suir kecap siaaap di hidangkaaan... ";6;/id/resep/4466569-ayam-suir-kecap
Sup ayam brokoli;1 bonggol brokoli 2 sayap ayam 2 batang wortel, potong2 1 buah kentang, potong dadu 1 batang seledri, iris2 1 batang daun bawang, iris2 3 butir bawang merah 2 siung bawang putih secukupnya Garam dan ada bubuk ;Cuci bersih sayap ayam dan sayuran, rendam brokoli dengan air hangat+garam (supaya ulat dalam brokoli mati) lalu cacah brokoli Rebus sayap ayam dengan api kecil hingga matang dan kuah menjadi berkaldu, masukan potongan kentang dan wortel, masak hingga 1/2 matang Haluskan bawang merah dan bawang putih, lalu tumis hingga harum, masukan ke dalam kuah kaldu sup Masukan cacahan brokoli+daun bawang+seledri Beri garam dan lada bubuk lalu test rasa, masak hingga semua matang ;12;/id/resep/4466784-sup-ayam-brokoli
Ayam Jamur Lada Hitam;350 gr ayam fillet Jamur kancing secukupnya (iris) Brokoli secukupnya (iris) 1/2 buah bawang bombay (iris) 2 sdm lada hitam butiran (digerus) 2 sdm kecap manis 1 sdm saus tiram 3 sdm saus sambal 1 sdt kecap asin secukupnya Garam, gula 2 cm jahe (iris) 1 sdm tepung maizena (larutkan dengan 50ml air) 3 siung bawang putih (cincang halus) secukupnya Air ;Tumis bawang putih cincang sampai harum, tambahkan lada hitam, jahe iris lalu masukkan ayam. Aduk2 sampai ayam berubah warna dan sedikit matang Masukkan semua bahan saos, lalu tambahkan air, sambil terus diaduk Masukkan jamur, brokoli, dan bawang bombay. Aduk hingga semua bahan tercampur. Beri garam dan gula, serta larutan maizena. Koreksi rasa Masak hingga kuah agak mengental dan semua bahan matang. Angkat dan siap dihidangkan. Untuk sayuran bisa divariasikan, misal ditambah wortel, paprika, buncis, dll sesuai selera yah.. ;7;/id/resep/4464974-ayam-jamur-lada-hitam
Ayam Geprek Bensu;1 Ekor ayam Tepung Sasa Kentucky Telur Bumbu halus Bawang putih Merica Garam Sedikit penyedap rasa saya pakai M*g*c Minyak goreng Bumbu sambel Cabai krting merah no rawit agar anak2 bisa ikutan makan jg Bawang putih Sedikit tomat Garam, gula ;Cuci ayam sampai bersih Lalu masukkan bumbu halus, telur, tusuk2 ayan pke garpu agar bumbu meresap ke dalam aduk hingga rata. Simpan di kulkas -+ 1 jam simpan nya jgn di prezer Terakhir lumuri ayam dengan tepung bumbu sasa ayam kentucky sambil di cubit2 dan Goreng deh sembari di goreng tusuk2 lagi ayam nya agar ayam nya mateng dengan sempurna. Untuk sambel nya, rebus semua bahan sambel lalu ulek kasar setelah itu tumis sambel dan jgn lupa ksh garam gula, setelah sambel matang, biarkan hingga sambel tdk panas lg barudeh di campur ayam krispinya Selamat mencoba ;6;/id/resep/4466254-ayam-geprek-bensu
Opor ayam kuning;Ayam potong 10--1/2 buah Santan--1 sachet Kara--2 ruas Kunyit--sdt Jinten setenfah--1 sachet Lada bubuk--Bawang merah besar 8 siung dan bawang putih besar 6--Lengkuas setengahbruas--3 buah Kemiri--1 sdm Ketumbar--1 ruas Jahe--3 lembar Daun jeruk--2 lembar Salam--2 batang Sereh--5 buah Cabe keriting--Garam--Penyedap rasa--;Cuci ayam bersih--Blender bumbu dengan minyak sayur kecuali salam sereh,dan daun jeruk--Tumis bumbu hingga harum,--Masukan santan kelapa yg sudah d peras dan kara--Masak hingga mendidih dan masukan ayam--Tambah kan garam dan penyedap rasa,--Masak hingga ayam matang,--Sajikan--;14;/id/resep/4382794-opor-ayam-kuning
Ayam goreng saus mentega susu;1 bh dada ayam--4 lembar daun jeruk--3 sdm tp.terigu--2 siung bawang putih--3 siung bawang merah--5 bh cabai rawit (sesuai selera)--Sejumput garam--Sejumput lada bubuk--Sejumput ketumbar bubuk--2 sdm susu kental manis--2 sdm margarin--Secukupnya minyak untuk menggoreng--;Potong dadu dada ayam kemudian taburi dengan garam,merica,ketumbar kemudian tambahkan tp.terigu..--Goreng ayam sapai matang, tiriskan--Cincang kasar bawang merah putih,cabe rawit dan daun jeruk, kemudian tumis di wajan lain yg sudah diberi margarin..apabila sudah harun masukan ayam yg sudah digoreng..tambahkan susu kental manis..aduk sebentar....angkat sajika--Uuuummm haaruum... ^^_^^--;6;/id/resep/2852507-ayam-goreng-saus-mentega-susu
Ayam panggang teflon;1 kg dada ayam fillet--4 pcs bawang putih dihaluskan--3 sdm olive oil--3 sdt oregano--2 sdt parsley--Kaldu bubuk--Lada--1 buah lemon--secukupnya Air--;Cuci bersih ayam dan tambahkan sedikit perasan lemon agar tidak bau amis--Buat bumbu marinade ayam dengan mencampurkan olive oil, bawang putih, oregano, parsley, perasan air lemon dan tambahkan air secukupnya (dikira2 saja jangan terlalu banyak, cukup untuk merendam ayam)--Masukkan ayam ke bumbu marinasi dan tunggu sampai kurang lebih 30 menit--Panaskan teflon dan minyak secukupnya untuk memanggang dada ayam yang tadi sudah dimarinade--Tambahkan lada, oregano dan parsley di seluruh bagian ayam dan bolak balik sampai matang--Terakhir sajikan dengan tambahan sayuran sebagai pelengkap--;11;/id/resep/4382365-ayam-panggang-teflon
Minyak Ayam;100 gr kulit ayam dan lemaknya--3 siung bawang putih di geprek iris kasar--1 sdt ketumbar--1 cm jahe di geprek--100 ml minyak--;Panaskan minyak tumis jahe hingga harum--Masukkan kulit ayam aduk rata + bawang putih + ketumbar--Masak sampai kulit ayamnya matang berawarna keemasan gelap, tunggu sampai dingin baru di saring dan siap utk di pakaiğŸ˜‰--;6;/id/resep/4365556-minyak-ayam
Ayam Sambal Kecap;1/2 Ekor Ayam Kampung Besar--, potong 12/16, lumuri jeruk nipis 15 menit, bilas--Bumbu Halus :--5 Bawang Merah--2 Bawang Putih--5 Cabe Rawit--Saus:--3 sdm saus Sambal--4 sdm Kecap Manis--3 sdm Kecap Inggris--1 Sdm Saus Tiram--1/2 sdm Margarin--1 sdm arak Masak (Shaoxing Wine, bs skip)--Minyak utk Menumis--Secukupnya air--secukupnya Garam Lada--;Rebus Ayam 1/2 Matang, sisihkan.--Di Kuali, tumis Bumbu Halus dgn Minyak sampai Matang dan Harum,--Tambahkan Margarin, masukkan Ayam, aduk Rata. Besarkan Api, Tuang Kecap dan Bahan Saus Lainnya dr Pinggir Wajan, biarkan mendidih, tambahkan air secukupnya, lalu aduk rata, koreksi Rasa.--Kecilkan api, masak sampai ayam empuk dan Kuah Menyusut kental.--Sajikan dengan nasi panasğŸ˜„ Selamat mencoba.--;9;/id/resep/4378904-ayam-sambal-kecap
